
================================================================================
📄 Processing configuration: example_configs/multi_strategy_comparison.json
================================================================================
📄 Loading configuration: example_configs/multi_strategy_comparison.json
✅ Configuration validated successfully

🚀 DCE Experiment Configuration
📅 Timestamp: 2025-08-05 00:09:09
📝 Experiment: comprehensive_strategy_comparison

🎯 Global Settings:
   Dataset: german_credit
   Model: MLP
   Seeds: [42, 123, 456, 2025, 24874] (5 seeds)
   Sample size: 50
   Save results: True
   Callback mode: full
   Verbose: False

📊 DCE Parameters:
   X_init: False
   U_1: 0.5, U_2: 0.3
   l: 0.2, r: 1.0
   max_iter: 100
   num_trials: 10
   top_k: 1
   Using function defaults for: n_proj, delta, alpha, kappa, bootstrap

📊 Explain Data:
   Method: standard
   Sample num: 50

🧭 Cone Sampling:
   Categorical: True
   Continuous: True
   Angle: 0.785 rad (45.0°)

🎯 Strategies (5):
   1. monte_carlo (alias: mc_demo)
   2. genetic (alias: ga_demo)
   3. simulated_annealing (alias: sa_demo)
   4. bayesian (alias: bo_demo)
   5. differential_evolution (alias: de_demo)

================================================================================
🎯 Multi-Seed Experiment Setup
================================================================================
📊 Total seeds to process: 5
🎲 Seeds: [42, 123, 456, 2025, 24874]
📈 Strategies per seed: 5
📊 Total experiments: 25

================================================================================
🎲 SEED 1/5: 42
================================================================================

🎲 Running experiment with seed: 42
📊 Loading dataset: german_credit
✅ Training data: 800 samples
✅ Test data: 200 samples
📊 Generating explain data using method: standard
   Standard sampling: 50 samples
✅ Explanation data: 50 samples
🤖 Creating model: MLP

============================================================
🎲 Running experiment: monte_carlo (alias: mc_demo)
============================================================
🎯 Creating strategy: monte_carlo (alias: mc_demo)
🧭 Full cone sampling mode (both categorical and continuous)
📐 Cone angle: 45.0° (0.785 rad)
🚀 Starting DCE explanation...
📍 Using original factual data as starting point (X_init=False)
Results will be saved to: /work3/s232263/DCE_Results/german_credit/MLP/DCE_u1=0.5,u2=0.3,l=0.2,r=1.0,mi=100,tk=1,nt=10/cone_all_MonteCarlo_cs=1.2,ct=0.1,temp=2.0/seed_42_20250805_000915
📁 Initial data saved:
   - x_true.csv: (50, 9)
   - y_true.csv: (50, 1)
   - y_target.csv: (50,)
Training Start
Optimization Start

--- Iteration 0 ---
U1 - Qu_upper = 0.500000, U2 - Qv_upper = 0.001516
eta = 0.9976, interval_left = 0.2400, interval_right = 1.0000
Q = 0.036948, term1 = 0.000000, term2 = 0.037037
🌟 New best Q found: 0.036948 at iter 0
best_Q = 0.03694779798388481, final_Q = 0.036948

--- Iteration 1 ---
U1 - Qu_upper = 0.482660, U2 - Qv_upper = 0.038464
eta = 0.9439, interval_left = 0.2780, interval_right = 1.0000
Q = 0.026775, term1 = 0.001467, term2 = 0.028279
🌟 New best Q found: 0.026775 at iter 1
best_Q = 0.02677490934729576, final_Q = 0.026775

--- Iteration 2 ---
U1 - Qu_upper = 0.475418, U2 - Qv_upper = 0.082408
eta = 0.8933, interval_left = 0.3141, interval_right = 1.0000
Q = 0.017825, term1 = 0.002457, term2 = 0.019659
🌟 New best Q found: 0.017825 at iter 2
best_Q = 0.017824530601501465, final_Q = 0.017825

--- Iteration 3 ---
U1 - Qu_upper = 0.457931, U2 - Qv_upper = 0.141725
eta = 0.8379, interval_left = 0.3484, interval_right = 1.0000
Q = 0.009620, term1 = 0.003817, term2 = 0.010743
🌟 New best Q found: 0.009620 at iter 3
best_Q = 0.0096199419349432, final_Q = 0.009620

--- Iteration 4 ---
U1 - Qu_upper = 0.449417, U2 - Qv_upper = 0.201525
eta = 0.7983, interval_left = 0.3810, interval_right = 1.0000
Q = 0.004357, term1 = 0.003753, term2 = 0.004510
🌟 New best Q found: 0.004357 at iter 4
best_Q = 0.0043570734560489655, final_Q = 0.004357

--- Iteration 5 ---
U1 - Qu_upper = 0.437138, U2 - Qv_upper = 0.254868
eta = 0.7720, interval_left = 0.4119, interval_right = 1.0000
Q = 0.002248, term1 = 0.005245, term2 = 0.001363
🌟 New best Q found: 0.002248 at iter 5
best_Q = 0.002247674623504281, final_Q = 0.002248

--- Iteration 6 ---
U1 - Qu_upper = 0.438529, U2 - Qv_upper = 0.284246
eta = 0.7687, interval_left = 0.4413, interval_right = 1.0000
Q = 0.001499, term1 = 0.005027, term2 = 0.000437
🌟 New best Q found: 0.001499 at iter 6
best_Q = 0.0014988996554166079, final_Q = 0.001499

--- Iteration 7 ---
U1 - Qu_upper = 0.428147, U2 - Qv_upper = 0.271828
eta = 0.7830, interval_left = 0.4693, interval_right = 1.0000
Q = 0.001777, term1 = 0.005806, term2 = 0.000661
best_Q = 0.0014988996554166079, final_Q = 0.001777

--- Iteration 8 ---
U1 - Qu_upper = 0.430449, U2 - Qv_upper = 0.261489
eta = 0.7994, interval_left = 0.4958, interval_right = 1.0000
Q = 0.001886, term1 = 0.005650, term2 = 0.000942
best_Q = 0.0014988996554166079, final_Q = 0.001886

--- Iteration 9 ---
U1 - Qu_upper = 0.419423, U2 - Qv_upper = 0.300000
eta = 0.7897, interval_left = 0.5210, interval_right = 1.0000
Q = 0.001538, term1 = 0.006428, term2 = 0.000236
best_Q = 0.0014988996554166079, final_Q = 0.001538

--- Iteration 10 ---
U1 - Qu_upper = 0.411934, U2 - Qv_upper = 0.300000
eta = 0.7982, interval_left = 0.5450, interval_right = 1.0000
Q = 0.001602, term1 = 0.007137, term2 = 0.000203
best_Q = 0.0014988996554166079, final_Q = 0.001602

--- Iteration 11 ---
U1 - Qu_upper = 0.387597, U2 - Qv_upper = 0.300000
eta = 0.8015, interval_left = 0.5677, interval_right = 1.0000
Q = 0.001939, term1 = 0.009318, term2 = 0.000111
best_Q = 0.0014988996554166079, final_Q = 0.001939

--- Iteration 12 ---
U1 - Qu_upper = 0.405374, U2 - Qv_upper = 0.280906
eta = 0.8231, interval_left = 0.5893, interval_right = 1.0000
Q = 0.001650, term1 = 0.007632, term2 = 0.000364
best_Q = 0.0014988996554166079, final_Q = 0.001650

--- Iteration 13 ---
U1 - Qu_upper = 0.403518, U2 - Qv_upper = 0.300000
eta = 0.8249, interval_left = 0.6099, interval_right = 1.0000
Q = 0.001495, term1 = 0.007929, term2 = 0.000129
🌟 New best Q found: 0.001495 at iter 13
best_Q = 0.0014952614437788725, final_Q = 0.001495

--- Iteration 14 ---
U1 - Qu_upper = 0.404539, U2 - Qv_upper = 0.300000
eta = 0.8339, interval_left = 0.6294, interval_right = 1.0000
Q = 0.001467, term1 = 0.008184, term2 = 0.000129
🌟 New best Q found: 0.001467 at iter 14
best_Q = 0.001467383000999689, final_Q = 0.001467

--- Iteration 15 ---
U1 - Qu_upper = 0.413710, U2 - Qv_upper = 0.300000
eta = 0.8442, interval_left = 0.6479, interval_right = 1.0000
Q = 0.001314, term1 = 0.007735, term2 = 0.000129
🌟 New best Q found: 0.001314 at iter 15
best_Q = 0.0013138983631506562, final_Q = 0.001314

--- Iteration 16 ---
U1 - Qu_upper = 0.391273, U2 - Qv_upper = 0.300000
eta = 0.8472, interval_left = 0.6655, interval_right = 1.0000
Q = 0.001601, term1 = 0.009823, term2 = 0.000118
best_Q = 0.0013138983631506562, final_Q = 0.001601

--- Iteration 17 ---
U1 - Qu_upper = 0.392078, U2 - Qv_upper = 0.300000
eta = 0.8550, interval_left = 0.6822, interval_right = 1.0000
Q = 0.001455, term1 = 0.009339, term2 = 0.000118
best_Q = 0.0013138983631506562, final_Q = 0.001455

--- Iteration 18 ---
U1 - Qu_upper = 0.364908, U2 - Qv_upper = 0.300000
eta = 0.8566, interval_left = 0.6981, interval_right = 1.0000
Q = 0.001858, term1 = 0.012257, term2 = 0.000118
best_Q = 0.0013138983631506562, final_Q = 0.001858

--- Iteration 19 ---
U1 - Qu_upper = 0.379607, U2 - Qv_upper = 0.300000
eta = 0.8667, interval_left = 0.7132, interval_right = 1.0000
Q = 0.001487, term1 = 0.010392, term2 = 0.000118
best_Q = 0.0013138983631506562, final_Q = 0.001487

--- Iteration 20 ---
U1 - Qu_upper = 0.382070, U2 - Qv_upper = 0.300000
eta = 0.8739, interval_left = 0.7276, interval_right = 1.0000
Q = 0.001371, term1 = 0.010057, term2 = 0.000118
best_Q = 0.0013138983631506562, final_Q = 0.001371

--- Iteration 21 ---
U1 - Qu_upper = 0.383837, U2 - Qv_upper = 0.300000
eta = 0.8805, interval_left = 0.7412, interval_right = 1.0000
Q = 0.001294, term1 = 0.009964, term2 = 0.000118
🌟 New best Q found: 0.001294 at iter 21
best_Q = 0.0012944038026034832, final_Q = 0.001294

--- Iteration 22 ---
U1 - Qu_upper = 0.396828, U2 - Qv_upper = 0.300000
eta = 0.8886, interval_left = 0.7541, interval_right = 1.0000
Q = 0.001078, term1 = 0.008740, term2 = 0.000118
🌟 New best Q found: 0.001078 at iter 22
best_Q = 0.0010784000623971224, final_Q = 0.001078

--- Iteration 23 ---
U1 - Qu_upper = 0.396162, U2 - Qv_upper = 0.300000
eta = 0.8940, interval_left = 0.7664, interval_right = 1.0000
Q = 0.001010, term1 = 0.008540, term2 = 0.000118
🌟 New best Q found: 0.001010 at iter 23
best_Q = 0.0010100031504407525, final_Q = 0.001010

--- Iteration 24 ---
U1 - Qu_upper = 0.392687, U2 - Qv_upper = 0.300000
eta = 0.8988, interval_left = 0.7781, interval_right = 1.0000
Q = 0.000988, term1 = 0.008713, term2 = 0.000118
🌟 New best Q found: 0.000988 at iter 24
best_Q = 0.0009878124110400677, final_Q = 0.000988

--- Iteration 25 ---
U1 - Qu_upper = 0.425394, U2 - Qv_upper = 0.264894
eta = 0.9148, interval_left = 0.7892, interval_right = 1.0000
Q = 0.001212, term1 = 0.006119, term2 = 0.000755
best_Q = 0.0009878124110400677, final_Q = 0.001212

--- Iteration 26 ---
U1 - Qu_upper = 0.420440, U2 - Qv_upper = 0.251901
eta = 0.9210, interval_left = 0.7997, interval_right = 1.0000
Q = 0.001666, term1 = 0.006626, term2 = 0.001240
best_Q = 0.0009878124110400677, final_Q = 0.001666

--- Iteration 27 ---
U1 - Qu_upper = 0.405016, U2 - Qv_upper = 0.250260
eta = 0.9235, interval_left = 0.8097, interval_right = 1.0000
Q = 0.001806, term1 = 0.007840, term2 = 0.001307
best_Q = 0.0009878124110400677, final_Q = 0.001806

--- Iteration 28 ---
U1 - Qu_upper = 0.405071, U2 - Qv_upper = 0.247500
eta = 0.9278, interval_left = 0.8193, interval_right = 1.0000
Q = 0.001925, term1 = 0.008424, term2 = 0.001420
best_Q = 0.0009878124110400677, final_Q = 0.001925

--- Iteration 29 ---
U1 - Qu_upper = 0.394858, U2 - Qv_upper = 0.268288
eta = 0.9269, interval_left = 0.8283, interval_right = 1.0000
Q = 0.001341, term1 = 0.009225, term2 = 0.000719
best_Q = 0.0009878124110400677, final_Q = 0.001341

--- Iteration 30 ---
U1 - Qu_upper = 0.417872, U2 - Qv_upper = 0.247645
eta = 0.9361, interval_left = 0.8369, interval_right = 1.0000
Q = 0.001950, term1 = 0.007302, term2 = 0.001585
best_Q = 0.0009878124110400677, final_Q = 0.001950

--- Iteration 31 ---
U1 - Qu_upper = 0.378507, U2 - Qv_upper = 0.300000
eta = 0.9279, interval_left = 0.8450, interval_right = 1.0000
Q = 0.001184, term1 = 0.010534, term2 = 0.000457
best_Q = 0.0009878124110400677, final_Q = 0.001184

--- Iteration 32 ---
U1 - Qu_upper = 0.374399, U2 - Qv_upper = 0.300000
eta = 0.9311, interval_left = 0.8528, interval_right = 1.0000
Q = 0.001235, term1 = 0.011155, term2 = 0.000500
best_Q = 0.0009878124110400677, final_Q = 0.001235

--- Iteration 33 ---
U1 - Qu_upper = 0.365459, U2 - Qv_upper = 0.291898
eta = 0.9346, interval_left = 0.8601, interval_right = 1.0000
Q = 0.001179, term1 = 0.012110, term2 = 0.000415
best_Q = 0.0009878124110400677, final_Q = 0.001179

--- Iteration 34 ---
U1 - Qu_upper = 0.366713, U2 - Qv_upper = 0.291719
eta = 0.9380, interval_left = 0.8671, interval_right = 1.0000
Q = 0.001147, term1 = 0.012089, term2 = 0.000424
best_Q = 0.0009878124110400677, final_Q = 0.001147

--- Iteration 35 ---
U1 - Qu_upper = 0.358484, U2 - Qv_upper = 0.300000
eta = 0.9395, interval_left = 0.8738, interval_right = 1.0000
Q = 0.001109, term1 = 0.013281, term2 = 0.000325
best_Q = 0.0009878124110400677, final_Q = 0.001109

--- Iteration 36 ---
U1 - Qu_upper = 0.375681, U2 - Qv_upper = 0.300000
eta = 0.9440, interval_left = 0.8801, interval_right = 1.0000
Q = 0.000917, term1 = 0.011235, term2 = 0.000304
🌟 New best Q found: 0.000917 at iter 36
best_Q = 0.0009165864903479815, final_Q = 0.000917

--- Iteration 37 ---
U1 - Qu_upper = 0.368602, U2 - Qv_upper = 0.300000
eta = 0.9462, interval_left = 0.8861, interval_right = 1.0000
Q = 0.000819, term1 = 0.012028, term2 = 0.000182
🌟 New best Q found: 0.000819 at iter 37
best_Q = 0.0008194507099688053, final_Q = 0.000819

--- Iteration 38 ---
U1 - Qu_upper = 0.382460, U2 - Qv_upper = 0.300000
eta = 0.9499, interval_left = 0.8918, interval_right = 1.0000
Q = 0.000726, term1 = 0.010881, term2 = 0.000191
🌟 New best Q found: 0.000726 at iter 38
best_Q = 0.0007258490659296513, final_Q = 0.000726

--- Iteration 39 ---
U1 - Qu_upper = 0.385830, U2 - Qv_upper = 0.300000
eta = 0.9527, interval_left = 0.8972, interval_right = 1.0000
Q = 0.000686, term1 = 0.010445, term2 = 0.000201
🌟 New best Q found: 0.000686 at iter 39
best_Q = 0.000685731356497854, final_Q = 0.000686

--- Iteration 40 ---
U1 - Qu_upper = 0.386112, U2 - Qv_upper = 0.300000
eta = 0.9550, interval_left = 0.9023, interval_right = 1.0000
Q = 0.000668, term1 = 0.010418, term2 = 0.000209
🌟 New best Q found: 0.000668 at iter 40
best_Q = 0.0006680591613985598, final_Q = 0.000668

--- Iteration 41 ---
U1 - Qu_upper = 0.383517, U2 - Qv_upper = 0.300000
eta = 0.9571, interval_left = 0.9072, interval_right = 1.0000
Q = 0.000636, term1 = 0.010640, term2 = 0.000188
🌟 New best Q found: 0.000636 at iter 41
best_Q = 0.0006355632212944329, final_Q = 0.000636

--- Iteration 42 ---
U1 - Qu_upper = 0.392581, U2 - Qv_upper = 0.300000
eta = 0.9598, interval_left = 0.9119, interval_right = 1.0000
Q = 0.000603, term1 = 0.009873, term2 = 0.000215
🌟 New best Q found: 0.000603 at iter 42
best_Q = 0.0006029487121850252, final_Q = 0.000603

--- Iteration 43 ---
U1 - Qu_upper = 0.371758, U2 - Qv_upper = 0.300000
eta = 0.9606, interval_left = 0.9163, interval_right = 1.0000
Q = 0.000678, term1 = 0.011919, term2 = 0.000217
best_Q = 0.0006029487121850252, final_Q = 0.000678

--- Iteration 44 ---
U1 - Qu_upper = 0.371491, U2 - Qv_upper = 0.300000
eta = 0.9626, interval_left = 0.9204, interval_right = 1.0000
Q = 0.000598, term1 = 0.011969, term2 = 0.000157
🌟 New best Q found: 0.000598 at iter 44
best_Q = 0.0005984973395243287, final_Q = 0.000598

--- Iteration 45 ---
U1 - Qu_upper = 0.373130, U2 - Qv_upper = 0.300000
eta = 0.9645, interval_left = 0.9244, interval_right = 1.0000
Q = 0.000559, term1 = 0.011485, term2 = 0.000157
🌟 New best Q found: 0.000559 at iter 45
best_Q = 0.0005585611797869205, final_Q = 0.000559

--- Iteration 46 ---
U1 - Qu_upper = 0.383001, U2 - Qv_upper = 0.300000
eta = 0.9668, interval_left = 0.9282, interval_right = 1.0000
Q = 0.000480, term1 = 0.011220, term2 = 0.000111
🌟 New best Q found: 0.000480 at iter 46
best_Q = 0.0004796262946911156, final_Q = 0.000480

--- Iteration 47 ---
U1 - Qu_upper = 0.382648, U2 - Qv_upper = 0.300000
eta = 0.9684, interval_left = 0.9318, interval_right = 1.0000
Q = 0.000436, term1 = 0.011281, term2 = 0.000083
🌟 New best Q found: 0.000436 at iter 47
best_Q = 0.00043635256588459015, final_Q = 0.000436

--- Iteration 48 ---
U1 - Qu_upper = 0.385255, U2 - Qv_upper = 0.279926
eta = 0.9713, interval_left = 0.9352, interval_right = 1.0000
Q = 0.000746, term1 = 0.010935, term2 = 0.000445
best_Q = 0.00043635256588459015, final_Q = 0.000746

--- Iteration 49 ---
U1 - Qu_upper = 0.372931, U2 - Qv_upper = 0.300000
eta = 0.9711, interval_left = 0.9384, interval_right = 1.0000
Q = 0.000413, term1 = 0.012023, term2 = 0.000067
🌟 New best Q found: 0.000413 at iter 49
best_Q = 0.00041279217111878097, final_Q = 0.000413

--- Iteration 50 ---
U1 - Qu_upper = 0.382833, U2 - Qv_upper = 0.267894
eta = 0.9747, interval_left = 0.9415, interval_right = 1.0000
Q = 0.000992, term1 = 0.010993, term2 = 0.000732
best_Q = 0.00041279217111878097, final_Q = 0.000992

--- Iteration 51 ---
U1 - Qu_upper = 0.390001, U2 - Qv_upper = 0.279907
eta = 0.9756, interval_left = 0.9444, interval_right = 1.0000
Q = 0.000658, term1 = 0.010060, term2 = 0.000423
best_Q = 0.00041279217111878097, final_Q = 0.000658

--- Iteration 52 ---
U1 - Qu_upper = 0.374856, U2 - Qv_upper = 0.300000
eta = 0.9753, interval_left = 0.9472, interval_right = 1.0000
Q = 0.000574, term1 = 0.011880, term2 = 0.000287
best_Q = 0.00041279217111878097, final_Q = 0.000574

--- Iteration 53 ---
U1 - Qu_upper = 0.367753, U2 - Qv_upper = 0.300000
eta = 0.9763, interval_left = 0.9499, interval_right = 1.0000
Q = 0.000488, term1 = 0.012837, term2 = 0.000188
best_Q = 0.00041279217111878097, final_Q = 0.000488

--- Iteration 54 ---
U1 - Qu_upper = 0.395035, U2 - Qv_upper = 0.278362
eta = 0.9793, interval_left = 0.9524, interval_right = 1.0000
Q = 0.000656, term1 = 0.009893, term2 = 0.000460
best_Q = 0.00041279217111878097, final_Q = 0.000656

--- Iteration 55 ---
U1 - Qu_upper = 0.371868, U2 - Qv_upper = 0.264377
eta = 0.9802, interval_left = 0.9548, interval_right = 1.0000
Q = 0.001050, term1 = 0.012114, term2 = 0.000827
best_Q = 0.00041279217111878097, final_Q = 0.001050

--- Iteration 56 ---
U1 - Qu_upper = 0.377549, U2 - Qv_upper = 0.300000
eta = 0.9800, interval_left = 0.9570, interval_right = 1.0000
Q = 0.000395, term1 = 0.011511, term2 = 0.000168
🌟 New best Q found: 0.000395 at iter 56
best_Q = 0.0003950172394979745, final_Q = 0.000395

--- Iteration 57 ---
U1 - Qu_upper = 0.366875, U2 - Qv_upper = 0.264818
eta = 0.9820, interval_left = 0.9592, interval_right = 1.0000
Q = 0.001037, term1 = 0.013151, term2 = 0.000814
best_Q = 0.0003950172394979745, final_Q = 0.001037

--- Iteration 58 ---
U1 - Qu_upper = 0.382309, U2 - Qv_upper = 0.300000
eta = 0.9820, interval_left = 0.9612, interval_right = 1.0000
Q = 0.000383, term1 = 0.010785, term2 = 0.000193
🌟 New best Q found: 0.000383 at iter 58
best_Q = 0.00038283903268165886, final_Q = 0.000383

--- Iteration 59 ---
U1 - Qu_upper = 0.380039, U2 - Qv_upper = 0.300000
eta = 0.9829, interval_left = 0.9631, interval_right = 1.0000
Q = 0.000322, term1 = 0.010876, term2 = 0.000138
🌟 New best Q found: 0.000322 at iter 59
best_Q = 0.00032190006459131837, final_Q = 0.000322

--- Iteration 60 ---
U1 - Qu_upper = 0.380051, U2 - Qv_upper = 0.300000
eta = 0.9837, interval_left = 0.9650, interval_right = 1.0000
Q = 0.000416, term1 = 0.010952, term2 = 0.000242
best_Q = 0.00032190006459131837, final_Q = 0.000416

--- Iteration 61 ---
U1 - Qu_upper = 0.350821, U2 - Qv_upper = 0.300000
eta = 0.9839, interval_left = 0.9667, interval_right = 1.0000
Q = 0.000382, term1 = 0.014350, term2 = 0.000153
best_Q = 0.00032190006459131837, final_Q = 0.000382

--- Iteration 62 ---
U1 - Qu_upper = 0.348518, U2 - Qv_upper = 0.300000
eta = 0.9846, interval_left = 0.9684, interval_right = 1.0000
Q = 0.000359, term1 = 0.015191, term2 = 0.000127
best_Q = 0.00032190006459131837, final_Q = 0.000359

--- Iteration 63 ---
U1 - Qu_upper = 0.349176, U2 - Qv_upper = 0.273249
eta = 0.9861, interval_left = 0.9700, interval_right = 1.0000
Q = 0.000780, term1 = 0.014876, term2 = 0.000581
best_Q = 0.00032190006459131837, final_Q = 0.000780

--- Iteration 64 ---
U1 - Qu_upper = 0.332847, U2 - Qv_upper = 0.282202
eta = 0.9862, interval_left = 0.9715, interval_right = 1.0000
Q = 0.000672, term1 = 0.016765, term2 = 0.000448
best_Q = 0.00032190006459131837, final_Q = 0.000672

--- Iteration 65 ---
U1 - Qu_upper = 0.351395, U2 - Qv_upper = 0.278881
eta = 0.9874, interval_left = 0.9729, interval_right = 1.0000
Q = 0.000666, term1 = 0.014523, term2 = 0.000489
best_Q = 0.00032190006459131837, final_Q = 0.000666

--- Iteration 66 ---
U1 - Qu_upper = 0.361508, U2 - Qv_upper = 0.274207
eta = 0.9883, interval_left = 0.9743, interval_right = 1.0000
Q = 0.000773, term1 = 0.013489, term2 = 0.000623
best_Q = 0.00032190006459131837, final_Q = 0.000773

--- Iteration 67 ---
U1 - Qu_upper = 0.328524, U2 - Qv_upper = 0.273932
eta = 0.9883, interval_left = 0.9755, interval_right = 1.0000
Q = 0.000768, term1 = 0.017586, term2 = 0.000568
best_Q = 0.00032190006459131837, final_Q = 0.000768

--- Iteration 68 ---
U1 - Qu_upper = 0.337047, U2 - Qv_upper = 0.269588
eta = 0.9891, interval_left = 0.9768, interval_right = 1.0000
Q = 0.000918, term1 = 0.016371, term2 = 0.000748
best_Q = 0.00032190006459131837, final_Q = 0.000918

--- Iteration 69 ---
U1 - Qu_upper = 0.327731, U2 - Qv_upper = 0.267135
eta = 0.9896, interval_left = 0.9779, interval_right = 1.0000
Q = 0.000987, term1 = 0.017631, term2 = 0.000811
best_Q = 0.00032190006459131837, final_Q = 0.000987

--- Iteration 70 ---
U1 - Qu_upper = 0.321997, U2 - Qv_upper = 0.266765
eta = 0.9900, interval_left = 0.9790, interval_right = 1.0000
Q = 0.001057, term1 = 0.018472, term2 = 0.000881
best_Q = 0.00032190006459131837, final_Q = 0.001057

--- Iteration 71 ---
U1 - Qu_upper = 0.314354, U2 - Qv_upper = 0.260226
eta = 0.9905, interval_left = 0.9801, interval_right = 1.0000
Q = 0.001312, term1 = 0.019945, term2 = 0.001133
best_Q = 0.00032190006459131837, final_Q = 0.001312

--- Iteration 72 ---
U1 - Qu_upper = 0.313428, U2 - Qv_upper = 0.292243
eta = 0.9904, interval_left = 0.9811, interval_right = 1.0000
Q = 0.000658, term1 = 0.019957, term2 = 0.000471
best_Q = 0.00032190006459131837, final_Q = 0.000658

--- Iteration 73 ---
U1 - Qu_upper = 0.335116, U2 - Qv_upper = 0.271195
eta = 0.9915, interval_left = 0.9820, interval_right = 1.0000
Q = 0.000890, term1 = 0.016842, term2 = 0.000753
best_Q = 0.00032190006459131837, final_Q = 0.000890

--- Iteration 74 ---
U1 - Qu_upper = 0.315147, U2 - Qv_upper = 0.300000
eta = 0.9912, interval_left = 0.9829, interval_right = 1.0000
Q = 0.000571, term1 = 0.019854, term2 = 0.000400
best_Q = 0.00032190006459131837, final_Q = 0.000571

--- Iteration 75 ---
U1 - Qu_upper = 0.332595, U2 - Qv_upper = 0.300000
eta = 0.9919, interval_left = 0.9838, interval_right = 1.0000
Q = 0.000422, term1 = 0.017374, term2 = 0.000284
best_Q = 0.00032190006459131837, final_Q = 0.000422

--- Iteration 76 ---
U1 - Qu_upper = 0.321447, U2 - Qv_upper = 0.300000
eta = 0.9922, interval_left = 0.9846, interval_right = 1.0000
Q = 0.000484, term1 = 0.018653, term2 = 0.000340
best_Q = 0.00032190006459131837, final_Q = 0.000484

--- Iteration 77 ---
U1 - Qu_upper = 0.310659, U2 - Qv_upper = 0.300000
eta = 0.9924, interval_left = 0.9854, interval_right = 1.0000
Q = 0.000453, term1 = 0.020105, term2 = 0.000303
best_Q = 0.00032190006459131837, final_Q = 0.000453

--- Iteration 78 ---
U1 - Qu_upper = 0.326462, U2 - Qv_upper = 0.300000
eta = 0.9930, interval_left = 0.9861, interval_right = 1.0000
Q = 0.000445, term1 = 0.017790, term2 = 0.000323
best_Q = 0.00032190006459131837, final_Q = 0.000445

--- Iteration 79 ---
U1 - Qu_upper = 0.335358, U2 - Qv_upper = 0.300000
eta = 0.9934, interval_left = 0.9868, interval_right = 1.0000
Q = 0.000468, term1 = 0.016776, term2 = 0.000360
best_Q = 0.00032190006459131837, final_Q = 0.000468

--- Iteration 80 ---
U1 - Qu_upper = 0.304598, U2 - Qv_upper = 0.300000
eta = 0.9934, interval_left = 0.9874, interval_right = 1.0000
Q = 0.000406, term1 = 0.021115, term2 = 0.000270
best_Q = 0.00032190006459131837, final_Q = 0.000406

--- Iteration 81 ---
U1 - Qu_upper = 0.311764, U2 - Qv_upper = 0.300000
eta = 0.9938, interval_left = 0.9881, interval_right = 1.0000
Q = 0.000491, term1 = 0.020080, term2 = 0.000370
best_Q = 0.00032190006459131837, final_Q = 0.000491

--- Iteration 82 ---
U1 - Qu_upper = 0.309725, U2 - Qv_upper = 0.300000
eta = 0.9941, interval_left = 0.9887, interval_right = 1.0000
Q = 0.000518, term1 = 0.020606, term2 = 0.000399
best_Q = 0.00032190006459131837, final_Q = 0.000518

--- Iteration 83 ---
U1 - Qu_upper = 0.321672, U2 - Qv_upper = 0.300000
eta = 0.9945, interval_left = 0.9892, interval_right = 1.0000
Q = 0.000526, term1 = 0.019116, term2 = 0.000424
best_Q = 0.00032190006459131837, final_Q = 0.000526

--- Iteration 84 ---
U1 - Qu_upper = 0.323134, U2 - Qv_upper = 0.300000
eta = 0.9948, interval_left = 0.9898, interval_right = 1.0000
Q = 0.000516, term1 = 0.018852, term2 = 0.000421
best_Q = 0.00032190006459131837, final_Q = 0.000516

--- Iteration 85 ---
U1 - Qu_upper = 0.331576, U2 - Qv_upper = 0.300000
eta = 0.9951, interval_left = 0.9903, interval_right = 1.0000
Q = 0.000484, term1 = 0.017364, term2 = 0.000402
best_Q = 0.00032190006459131837, final_Q = 0.000484

--- Iteration 86 ---
U1 - Qu_upper = 0.312517, U2 - Qv_upper = 0.300000
eta = 0.9952, interval_left = 0.9908, interval_right = 1.0000
Q = 0.000500, term1 = 0.020203, term2 = 0.000406
best_Q = 0.00032190006459131837, final_Q = 0.000500

--- Iteration 87 ---
U1 - Qu_upper = 0.308074, U2 - Qv_upper = 0.300000
eta = 0.9954, interval_left = 0.9912, interval_right = 1.0000
Q = 0.000417, term1 = 0.020994, term2 = 0.000323
best_Q = 0.00032190006459131837, final_Q = 0.000417

--- Iteration 88 ---
U1 - Qu_upper = 0.306855, U2 - Qv_upper = 0.300000
eta = 0.9957, interval_left = 0.9917, interval_right = 1.0000
Q = 0.000316, term1 = 0.020951, term2 = 0.000226
🌟 New best Q found: 0.000316 at iter 88
best_Q = 0.000316055491566658, final_Q = 0.000316

--- Iteration 89 ---
U1 - Qu_upper = 0.306751, U2 - Qv_upper = 0.300000
eta = 0.9959, interval_left = 0.9921, interval_right = 1.0000
Q = 0.000264, term1 = 0.020560, term2 = 0.000180
🌟 New best Q found: 0.000264 at iter 89
best_Q = 0.0002643980551511049, final_Q = 0.000264

--- Iteration 90 ---
U1 - Qu_upper = 0.283197, U2 - Qv_upper = 0.300000
eta = 0.9959, interval_left = 0.9921, interval_right = 0.9996
Q = 0.000227, term1 = 0.024974, term2 = 0.000126
🌟 New best Q found: 0.000227 at iter 90
best_Q = 0.00022722885478287935, final_Q = 0.000227

--- Iteration 91 ---
U1 - Qu_upper = 0.236377, U2 - Qv_upper = 0.300000
eta = 0.9954, interval_left = 0.9921, interval_right = 0.9992
Q = 0.000251, term1 = 0.034047, term2 = 0.000095
best_Q = 0.00022722885478287935, final_Q = 0.000251

--- Iteration 92 ---
U1 - Qu_upper = 0.223298, U2 - Qv_upper = 0.300000
eta = 0.9951, interval_left = 0.9921, interval_right = 0.9989
Q = 0.000316, term1 = 0.037083, term2 = 0.000136
best_Q = 0.00022722885478287935, final_Q = 0.000316

--- Iteration 93 ---
U1 - Qu_upper = 0.252461, U2 - Qv_upper = 0.300000
eta = 0.9952, interval_left = 0.9921, interval_right = 0.9985
Q = 0.000337, term1 = 0.031177, term2 = 0.000188
best_Q = 0.00022722885478287935, final_Q = 0.000337

--- Iteration 94 ---
U1 - Qu_upper = 0.235244, U2 - Qv_upper = 0.300000
eta = 0.9949, interval_left = 0.9921, interval_right = 0.9982
Q = 0.000301, term1 = 0.034346, term2 = 0.000127
best_Q = 0.00022722885478287935, final_Q = 0.000301

--- Iteration 95 ---
U1 - Qu_upper = 0.244669, U2 - Qv_upper = 0.300000
eta = 0.9948, interval_left = 0.9921, interval_right = 0.9979
Q = 0.000353, term1 = 0.032641, term2 = 0.000186
best_Q = 0.00022722885478287935, final_Q = 0.000353

--- Iteration 96 ---
U1 - Qu_upper = 0.251439, U2 - Qv_upper = 0.300000
eta = 0.9947, interval_left = 0.9921, interval_right = 0.9976
Q = 0.000327, term1 = 0.031025, term2 = 0.000165
best_Q = 0.00022722885478287935, final_Q = 0.000327

--- Iteration 97 ---
U1 - Qu_upper = 0.257300, U2 - Qv_upper = 0.300000
eta = 0.9946, interval_left = 0.9921, interval_right = 0.9973
Q = 0.000245, term1 = 0.029893, term2 = 0.000085
best_Q = 0.00022722885478287935, final_Q = 0.000245

--- Iteration 98 ---
U1 - Qu_upper = 0.289505, U2 - Qv_upper = 0.269200
eta = 0.9948, interval_left = 0.9924, interval_right = 0.9973
Q = 0.000892, term1 = 0.024311, term2 = 0.000769
best_Q = 0.00022722885478287935, final_Q = 0.000892

--- Iteration 99 ---
U1 - Qu_upper = 0.305415, U2 - Qv_upper = 0.259546
eta = 0.9950, interval_left = 0.9926, interval_right = 0.9973
Q = 0.001138, term1 = 0.021529, term2 = 0.001037
best_Q = 0.00022722885478287935, final_Q = 0.001138
Optimization End
📁 Visualization directory ensured: /work3/s232263/DCE_Results/german_credit/MLP/DCE_u1=0.5,u2=0.3,l=0.2,r=1.0,mi=100,tk=1,nt=10/cone_all_MonteCarlo_cs=1.2,ct=0.1,temp=2.0/seed_42_20250805_000915/visualizations
Model saved to: /work3/s232263/DCE_Results/german_credit/MLP/DCE_u1=0.5,u2=0.3,l=0.2,r=1.0,mi=100,tk=1,nt=10/cone_all_MonteCarlo_cs=1.2,ct=0.1,temp=2.0/seed_42_20250805_000915/model.pkl
Best results saved to: /work3/s232263/DCE_Results/german_credit/MLP/DCE_u1=0.5,u2=0.3,l=0.2,r=1.0,mi=100,tk=1,nt=10/cone_all_MonteCarlo_cs=1.2,ct=0.1,temp=2.0/seed_42_20250805_000915
Final results saved to: /work3/s232263/DCE_Results/german_credit/MLP/DCE_u1=0.5,u2=0.3,l=0.2,r=1.0,mi=100,tk=1,nt=10/cone_all_MonteCarlo_cs=1.2,ct=0.1,temp=2.0/seed_42_20250805_000915
Optimization log saved to: /work3/s232263/DCE_Results/german_credit/MLP/DCE_u1=0.5,u2=0.3,l=0.2,r=1.0,mi=100,tk=1,nt=10/cone_all_MonteCarlo_cs=1.2,ct=0.1,temp=2.0/seed_42_20250805_000915
All results successfully saved to: /work3/s232263/DCE_Results/german_credit/MLP/DCE_u1=0.5,u2=0.3,l=0.2,r=1.0,mi=100,tk=1,nt=10/cone_all_MonteCarlo_cs=1.2,ct=0.1,temp=2.0/seed_42_20250805_000915
Visualizations will be saved to: /work3/s232263/DCE_Results/german_credit/MLP/DCE_u1=0.5,u2=0.3,l=0.2,r=1.0,mi=100,tk=1,nt=10/cone_all_MonteCarlo_cs=1.2,ct=0.1,temp=2.0/seed_42_20250805_000915/visualizations
✅ DCE explanation completed!
🎯 Best Q: 0.000227
📊 Final Q: 0.001138
🎉 Found feasible solution: True
💾 Results saved to: /work3/s232263/DCE_Results/german_credit/MLP/DCE_u1=0.5,u2=0.3,l=0.2,r=1.0,mi=100,tk=1,nt=10/cone_all_MonteCarlo_cs=1.2,ct=0.1,temp=2.0/seed_42_20250805_000915
📊 Calculating metrics...
✅ Data processed for metrics calculation
   Coverage Rate: 0.800
   MMD: 0.023
   OT Distance: 0.0592
   Percentile Differences:
     0-15%: 104.612%
     15-30%: 58.654%
     30-70%: 116.947%
     70-85%: 649.436%
     85-100%: 98.208%
   AReS Cost: 8.599
💾 Metrics saved to: /work3/s232263/DCE_Results/german_credit/MLP/DCE_u1=0.5,u2=0.3,l=0.2,r=1.0,mi=100,tk=1,nt=10/cone_all_MonteCarlo_cs=1.2,ct=0.1,temp=2.0/seed_42_20250805_000915/metrics_summary.json

============================================================
🎲 Running experiment: genetic (alias: ga_demo)
============================================================
🎯 Creating strategy: genetic (alias: ga_demo)
🧭 Full cone sampling mode (both categorical and continuous)
📐 Cone angle: 45.0° (0.785 rad)
🚀 Starting DCE explanation...
📍 Using original factual data as starting point (X_init=False)
Results will be saved to: /work3/s232263/DCE_Results/german_credit/MLP/DCE_u1=0.5,u2=0.3,l=0.2,r=1.0,mi=100,tk=1,nt=10/cone_all_Genetic_cp=0.8,gsp=0.5,mpc=0.3,mpo=0.8,mns=0.1,cs=1.2,ct=0.1,temp=2.0/seed_42_20250805_003534
📁 Initial data saved:
   - x_true.csv: (50, 9)
   - y_true.csv: (50, 1)
   - y_target.csv: (50,)
Training Start
Optimization Start

--- Iteration 0 ---
U1 - Qu_upper = 0.500000, U2 - Qv_upper = 0.001516
eta = 0.9976, interval_left = 0.2400, interval_right = 1.0000
Q = 0.036948, term1 = 0.000000, term2 = 0.037037
🌟 New best Q found: 0.036948 at iter 0
best_Q = 0.03694779798388481, final_Q = 0.036948

--- Iteration 1 ---
U1 - Qu_upper = 0.497027, U2 - Qv_upper = 0.038464
eta = 0.9454, interval_left = 0.2780, interval_right = 1.0000
Q = 0.026834, term1 = 0.001817, term2 = 0.028279
🌟 New best Q found: 0.026834 at iter 1
best_Q = 0.02683436870574951, final_Q = 0.026834

--- Iteration 2 ---
U1 - Qu_upper = 0.500000, U2 - Qv_upper = 0.082408
eta = 0.8978, interval_left = 0.3141, interval_right = 1.0000
Q = 0.017901, term1 = 0.002445, term2 = 0.019659
🌟 New best Q found: 0.017901 at iter 2
best_Q = 0.017900753766298294, final_Q = 0.017901

--- Iteration 3 ---
U1 - Qu_upper = 0.477379, U2 - Qv_upper = 0.141595
eta = 0.8431, interval_left = 0.3484, interval_right = 1.0000
Q = 0.009541, term1 = 0.002999, term2 = 0.010759
🌟 New best Q found: 0.009541 at iter 3
best_Q = 0.009541229344904423, final_Q = 0.009541

--- Iteration 4 ---
U1 - Qu_upper = 0.484813, U2 - Qv_upper = 0.201101
eta = 0.8090, interval_left = 0.3810, interval_right = 1.0000
Q = 0.004208, term1 = 0.002811, term2 = 0.004538
🌟 New best Q found: 0.004208 at iter 4
best_Q = 0.004208071157336235, final_Q = 0.004208

--- Iteration 5 ---
U1 - Qu_upper = 0.465751, U2 - Qv_upper = 0.254145
eta = 0.7815, interval_left = 0.4119, interval_right = 1.0000
Q = 0.001866, term1 = 0.003579, term2 = 0.001387
🌟 New best Q found: 0.001866 at iter 5
best_Q = 0.0018660060595721006, final_Q = 0.001866

--- Iteration 6 ---
U1 - Qu_upper = 0.451850, U2 - Qv_upper = 0.283148
eta = 0.7735, interval_left = 0.4413, interval_right = 1.0000
Q = 0.001336, term1 = 0.004378, term2 = 0.000445
🌟 New best Q found: 0.001336 at iter 6
best_Q = 0.0013356655836105347, final_Q = 0.001336

--- Iteration 7 ---
U1 - Qu_upper = 0.470816, U2 - Qv_upper = 0.283148
eta = 0.7902, interval_left = 0.4693, interval_right = 1.0000
Q = 0.001080, term1 = 0.003472, term2 = 0.000445
🌟 New best Q found: 0.001080 at iter 7
best_Q = 0.001079713343642652, final_Q = 0.001080

--- Iteration 8 ---
U1 - Qu_upper = 0.451668, U2 - Qv_upper = 0.273258
eta = 0.7999, interval_left = 0.4958, interval_right = 1.0000
Q = 0.001358, term1 = 0.004202, term2 = 0.000647
best_Q = 0.001079713343642652, final_Q = 0.001358

--- Iteration 9 ---
U1 - Qu_upper = 0.412685, U2 - Qv_upper = 0.300000
eta = 0.7878, interval_left = 0.5210, interval_right = 1.0000
Q = 0.001770, term1 = 0.007299, term2 = 0.000281
best_Q = 0.001079713343642652, final_Q = 0.001770

--- Iteration 10 ---
U1 - Qu_upper = 0.413734, U2 - Qv_upper = 0.284237
eta = 0.8049, interval_left = 0.5450, interval_right = 1.0000
Q = 0.001740, term1 = 0.007372, term2 = 0.000376
best_Q = 0.001079713343642652, final_Q = 0.001740

--- Iteration 11 ---
U1 - Qu_upper = 0.412915, U2 - Qv_upper = 0.267728
eta = 0.8210, interval_left = 0.5677, interval_right = 1.0000
Q = 0.001902, term1 = 0.007456, term2 = 0.000691
best_Q = 0.001079713343642652, final_Q = 0.001902

--- Iteration 12 ---
U1 - Qu_upper = 0.416745, U2 - Qv_upper = 0.282490
eta = 0.8254, interval_left = 0.5893, interval_right = 1.0000
Q = 0.001560, term1 = 0.007056, term2 = 0.000397
best_Q = 0.001079713343642652, final_Q = 0.001560

--- Iteration 13 ---
U1 - Qu_upper = 0.415299, U2 - Qv_upper = 0.268794
eta = 0.8386, interval_left = 0.6099, interval_right = 1.0000
Q = 0.001731, term1 = 0.007276, term2 = 0.000664
best_Q = 0.001079713343642652, final_Q = 0.001731

--- Iteration 14 ---
U1 - Qu_upper = 0.413536, U2 - Qv_upper = 0.264995
eta = 0.8476, interval_left = 0.6294, interval_right = 1.0000
Q = 0.001819, term1 = 0.007682, term2 = 0.000765
best_Q = 0.001079713343642652, final_Q = 0.001819

--- Iteration 15 ---
U1 - Qu_upper = 0.430076, U2 - Qv_upper = 0.256712
eta = 0.8615, interval_left = 0.6479, interval_right = 1.0000
Q = 0.001863, term1 = 0.006489, term2 = 0.001119
best_Q = 0.001079713343642652, final_Q = 0.001863

--- Iteration 16 ---
U1 - Qu_upper = 0.428421, U2 - Qv_upper = 0.252471
eta = 0.8694, interval_left = 0.6655, interval_right = 1.0000
Q = 0.001961, term1 = 0.006534, term2 = 0.001274
best_Q = 0.001079713343642652, final_Q = 0.001961

--- Iteration 17 ---
U1 - Qu_upper = 0.418889, U2 - Qv_upper = 0.289346
eta = 0.8633, interval_left = 0.6822, interval_right = 1.0000
Q = 0.001287, term1 = 0.007131, term2 = 0.000362
best_Q = 0.001079713343642652, final_Q = 0.001287

--- Iteration 18 ---
U1 - Qu_upper = 0.412833, U2 - Qv_upper = 0.250573
eta = 0.8800, interval_left = 0.6981, interval_right = 1.0000
Q = 0.002090, term1 = 0.007371, term2 = 0.001370
best_Q = 0.001079713343642652, final_Q = 0.002090

--- Iteration 19 ---
U1 - Qu_upper = 0.413890, U2 - Qv_upper = 0.278161
eta = 0.8787, interval_left = 0.7132, interval_right = 1.0000
Q = 0.001393, term1 = 0.007519, term2 = 0.000547
best_Q = 0.001079713343642652, final_Q = 0.001393

--- Iteration 20 ---
U1 - Qu_upper = 0.406082, U2 - Qv_upper = 0.253458
eta = 0.8898, interval_left = 0.7276, interval_right = 1.0000
Q = 0.002027, term1 = 0.008227, term2 = 0.001259
best_Q = 0.001079713343642652, final_Q = 0.002027

--- Iteration 21 ---
U1 - Qu_upper = 0.415772, U2 - Qv_upper = 0.300000
eta = 0.8858, interval_left = 0.7412, interval_right = 1.0000
Q = 0.001107, term1 = 0.007315, term2 = 0.000306
best_Q = 0.001079713343642652, final_Q = 0.001107

--- Iteration 22 ---
U1 - Qu_upper = 0.410296, U2 - Qv_upper = 0.300000
eta = 0.8907, interval_left = 0.7541, interval_right = 1.0000
Q = 0.001102, term1 = 0.007690, term2 = 0.000294
best_Q = 0.001079713343642652, final_Q = 0.001102

--- Iteration 23 ---
U1 - Qu_upper = 0.408332, U2 - Qv_upper = 0.300000
eta = 0.8959, interval_left = 0.7664, interval_right = 1.0000
Q = 0.001106, term1 = 0.008017, term2 = 0.000303
best_Q = 0.001079713343642652, final_Q = 0.001106

--- Iteration 24 ---
U1 - Qu_upper = 0.405343, U2 - Qv_upper = 0.289992
eta = 0.9026, interval_left = 0.7781, interval_right = 1.0000
Q = 0.001113, term1 = 0.008112, term2 = 0.000357
best_Q = 0.001079713343642652, final_Q = 0.001113

--- Iteration 25 ---
U1 - Qu_upper = 0.405580, U2 - Qv_upper = 0.289273
eta = 0.9076, interval_left = 0.7892, interval_right = 1.0000
Q = 0.001083, term1 = 0.008133, term2 = 0.000365
best_Q = 0.001079713343642652, final_Q = 0.001083

--- Iteration 26 ---
U1 - Qu_upper = 0.400696, U2 - Qv_upper = 0.300000
eta = 0.9097, interval_left = 0.7997, interval_right = 1.0000
Q = 0.000989, term1 = 0.008589, term2 = 0.000235
🌟 New best Q found: 0.000989 at iter 26
best_Q = 0.0009891967056319118, final_Q = 0.000989

--- Iteration 27 ---
U1 - Qu_upper = 0.403331, U2 - Qv_upper = 0.300000
eta = 0.9146, interval_left = 0.8097, interval_right = 1.0000
Q = 0.000870, term1 = 0.008328, term2 = 0.000173
🌟 New best Q found: 0.000870 at iter 27
best_Q = 0.0008698685560375452, final_Q = 0.000870

--- Iteration 28 ---
U1 - Qu_upper = 0.400597, U2 - Qv_upper = 0.272392
eta = 0.9230, interval_left = 0.8193, interval_right = 1.0000
Q = 0.001280, term1 = 0.008600, term2 = 0.000669
best_Q = 0.0008698685560375452, final_Q = 0.001280

--- Iteration 29 ---
U1 - Qu_upper = 0.407029, U2 - Qv_upper = 0.259917
eta = 0.9296, interval_left = 0.8283, interval_right = 1.0000
Q = 0.001604, term1 = 0.008034, term2 = 0.001116
best_Q = 0.0008698685560375452, final_Q = 0.001604

--- Iteration 30 ---
U1 - Qu_upper = 0.408680, U2 - Qv_upper = 0.275640
eta = 0.9308, interval_left = 0.8369, interval_right = 1.0000
Q = 0.001159, term1 = 0.007913, term2 = 0.000657
best_Q = 0.0008698685560375452, final_Q = 0.001159

--- Iteration 31 ---
U1 - Qu_upper = 0.393588, U2 - Qv_upper = 0.300000
eta = 0.9294, interval_left = 0.8450, interval_right = 1.0000
Q = 0.001040, term1 = 0.009408, term2 = 0.000404
best_Q = 0.0008698685560375452, final_Q = 0.001040

--- Iteration 32 ---
U1 - Qu_upper = 0.382986, U2 - Qv_upper = 0.300000
eta = 0.9319, interval_left = 0.8528, interval_right = 1.0000
Q = 0.000922, term1 = 0.010225, term2 = 0.000243
best_Q = 0.0008698685560375452, final_Q = 0.000922

--- Iteration 33 ---
U1 - Qu_upper = 0.376480, U2 - Qv_upper = 0.300000
eta = 0.9347, interval_left = 0.8601, interval_right = 1.0000
Q = 0.000912, term1 = 0.010989, term2 = 0.000208
best_Q = 0.0008698685560375452, final_Q = 0.000912

--- Iteration 34 ---
U1 - Qu_upper = 0.378739, U2 - Qv_upper = 0.300000
eta = 0.9382, interval_left = 0.8671, interval_right = 1.0000
Q = 0.000921, term1 = 0.010699, term2 = 0.000276
best_Q = 0.0008698685560375452, final_Q = 0.000921

--- Iteration 35 ---
U1 - Qu_upper = 0.378116, U2 - Qv_upper = 0.300000
eta = 0.9412, interval_left = 0.8738, interval_right = 1.0000
Q = 0.000869, term1 = 0.010771, term2 = 0.000251
🌟 New best Q found: 0.000869 at iter 35
best_Q = 0.0008694321732036769, final_Q = 0.000869

--- Iteration 36 ---
U1 - Qu_upper = 0.378623, U2 - Qv_upper = 0.300000
eta = 0.9442, interval_left = 0.8801, interval_right = 1.0000
Q = 0.000766, term1 = 0.010648, term2 = 0.000182
🌟 New best Q found: 0.000766 at iter 36
best_Q = 0.000765622069593519, final_Q = 0.000766

--- Iteration 37 ---
U1 - Qu_upper = 0.388691, U2 - Qv_upper = 0.300000
eta = 0.9478, interval_left = 0.8861, interval_right = 1.0000
Q = 0.000701, term1 = 0.010006, term2 = 0.000188
🌟 New best Q found: 0.000701 at iter 37
best_Q = 0.000700693461112678, final_Q = 0.000701

--- Iteration 38 ---
U1 - Qu_upper = 0.383141, U2 - Qv_upper = 0.300000
eta = 0.9500, interval_left = 0.8918, interval_right = 1.0000
Q = 0.000649, term1 = 0.010515, term2 = 0.000129
🌟 New best Q found: 0.000649 at iter 38
best_Q = 0.0006487350910902023, final_Q = 0.000649

--- Iteration 39 ---
U1 - Qu_upper = 0.367205, U2 - Qv_upper = 0.300000
eta = 0.9513, interval_left = 0.8972, interval_right = 1.0000
Q = 0.000704, term1 = 0.011814, term2 = 0.000135
best_Q = 0.0006487350910902023, final_Q = 0.000704

--- Iteration 40 ---
U1 - Qu_upper = 0.370776, U2 - Qv_upper = 0.300000
eta = 0.9540, interval_left = 0.9023, interval_right = 1.0000
Q = 0.000671, term1 = 0.011632, term2 = 0.000142
best_Q = 0.0006487350910902023, final_Q = 0.000671

--- Iteration 41 ---
U1 - Qu_upper = 0.394827, U2 - Qv_upper = 0.300000
eta = 0.9578, interval_left = 0.9072, interval_right = 1.0000
Q = 0.000537, term1 = 0.009419, term2 = 0.000146
🌟 New best Q found: 0.000537 at iter 41
best_Q = 0.0005367676494643092, final_Q = 0.000537

--- Iteration 42 ---
U1 - Qu_upper = 0.399106, U2 - Qv_upper = 0.300000
eta = 0.9602, interval_left = 0.9119, interval_right = 1.0000
Q = 0.000495, term1 = 0.008815, term2 = 0.000150
🌟 New best Q found: 0.000495 at iter 42
best_Q = 0.000494860578328371, final_Q = 0.000495

--- Iteration 43 ---
U1 - Qu_upper = 0.402640, U2 - Qv_upper = 0.300000
eta = 0.9624, interval_left = 0.9163, interval_right = 1.0000
Q = 0.000431, term1 = 0.008676, term2 = 0.000109
🌟 New best Q found: 0.000431 at iter 43
best_Q = 0.0004314269172027707, final_Q = 0.000431

--- Iteration 44 ---
U1 - Qu_upper = 0.404470, U2 - Qv_upper = 0.300000
eta = 0.9643, interval_left = 0.9204, interval_right = 1.0000
Q = 0.000401, term1 = 0.008480, term2 = 0.000102
🌟 New best Q found: 0.000401 at iter 44
best_Q = 0.0004006314848084003, final_Q = 0.000401

--- Iteration 45 ---
U1 - Qu_upper = 0.403826, U2 - Qv_upper = 0.300000
eta = 0.9661, interval_left = 0.9244, interval_right = 1.0000
Q = 0.000372, term1 = 0.008211, term2 = 0.000097
🌟 New best Q found: 0.000372 at iter 45
best_Q = 0.0003719330416060984, final_Q = 0.000372

--- Iteration 46 ---
U1 - Qu_upper = 0.398475, U2 - Qv_upper = 0.300000
eta = 0.9675, interval_left = 0.9282, interval_right = 1.0000
Q = 0.000352, term1 = 0.008740, term2 = 0.000071
🌟 New best Q found: 0.000352 at iter 46
best_Q = 0.00035221417783759534, final_Q = 0.000352

--- Iteration 47 ---
U1 - Qu_upper = 0.409899, U2 - Qv_upper = 0.300000
eta = 0.9697, interval_left = 0.9318, interval_right = 1.0000
Q = 0.000299, term1 = 0.007643, term2 = 0.000069
🌟 New best Q found: 0.000299 at iter 47
best_Q = 0.00029887855635024607, final_Q = 0.000299

--- Iteration 48 ---
U1 - Qu_upper = 0.409052, U2 - Qv_upper = 0.300000
eta = 0.9711, interval_left = 0.9352, interval_right = 1.0000
Q = 0.000313, term1 = 0.007512, term2 = 0.000099
best_Q = 0.00029887855635024607, final_Q = 0.000313

--- Iteration 49 ---
U1 - Qu_upper = 0.396144, U2 - Qv_upper = 0.300000
eta = 0.9721, interval_left = 0.9384, interval_right = 1.0000
Q = 0.000430, term1 = 0.008906, term2 = 0.000186
best_Q = 0.00029887855635024607, final_Q = 0.000430

--- Iteration 50 ---
U1 - Qu_upper = 0.394804, U2 - Qv_upper = 0.244524
eta = 0.9765, interval_left = 0.9415, interval_right = 1.0000
Q = 0.001752, term1 = 0.009375, term2 = 0.001568
best_Q = 0.00029887855635024607, final_Q = 0.001752

--- Iteration 51 ---
U1 - Qu_upper = 0.399050, U2 - Qv_upper = 0.218642
eta = 0.9793, interval_left = 0.9444, interval_right = 1.0000
Q = 0.002979, term1 = 0.008847, term2 = 0.002855
best_Q = 0.00029887855635024607, final_Q = 0.002979

--- Iteration 52 ---
U1 - Qu_upper = 0.402048, U2 - Qv_upper = 0.232144
eta = 0.9797, interval_left = 0.9472, interval_right = 1.0000
Q = 0.002351, term1 = 0.008575, term2 = 0.002221
best_Q = 0.00029887855635024607, final_Q = 0.002351

--- Iteration 53 ---
U1 - Qu_upper = 0.394529, U2 - Qv_upper = 0.214926
eta = 0.9814, interval_left = 0.9499, interval_right = 1.0000
Q = 0.003203, term1 = 0.009373, term2 = 0.003086
best_Q = 0.00029887855635024607, final_Q = 0.003203

--- Iteration 54 ---
U1 - Qu_upper = 0.379429, U2 - Qv_upper = 0.237143
eta = 0.9807, interval_left = 0.9524, interval_right = 1.0000
Q = 0.001964, term1 = 0.010935, term2 = 0.001788
best_Q = 0.00029887855635024607, final_Q = 0.001964

--- Iteration 55 ---
U1 - Qu_upper = 0.389970, U2 - Qv_upper = 0.264253
eta = 0.9808, interval_left = 0.9548, interval_right = 1.0000
Q = 0.000896, term1 = 0.009916, term2 = 0.000719
best_Q = 0.00029887855635024607, final_Q = 0.000896

--- Iteration 56 ---
U1 - Qu_upper = 0.390808, U2 - Qv_upper = 0.280077
eta = 0.9811, interval_left = 0.9570, interval_right = 1.0000
Q = 0.000884, term1 = 0.010136, term2 = 0.000706
best_Q = 0.00029887855635024607, final_Q = 0.000884

--- Iteration 57 ---
U1 - Qu_upper = 0.384904, U2 - Qv_upper = 0.300000
eta = 0.9812, interval_left = 0.9592, interval_right = 1.0000
Q = 0.000378, term1 = 0.010060, term2 = 0.000192
best_Q = 0.00029887855635024607, final_Q = 0.000378

--- Iteration 58 ---
U1 - Qu_upper = 0.379673, U2 - Qv_upper = 0.300000
eta = 0.9820, interval_left = 0.9612, interval_right = 1.0000
Q = 0.000307, term1 = 0.010462, term2 = 0.000121
best_Q = 0.00029887855635024607, final_Q = 0.000307

--- Iteration 59 ---
U1 - Qu_upper = 0.381234, U2 - Qv_upper = 0.300000
eta = 0.9829, interval_left = 0.9631, interval_right = 1.0000
Q = 0.000309, term1 = 0.010199, term2 = 0.000137
best_Q = 0.00029887855635024607, final_Q = 0.000309

--- Iteration 60 ---
U1 - Qu_upper = 0.383182, U2 - Qv_upper = 0.300000
eta = 0.9838, interval_left = 0.9650, interval_right = 1.0000
Q = 0.000350, term1 = 0.009827, term2 = 0.000195
best_Q = 0.00029887855635024607, final_Q = 0.000350

--- Iteration 61 ---
U1 - Qu_upper = 0.388443, U2 - Qv_upper = 0.300000
eta = 0.9847, interval_left = 0.9667, interval_right = 1.0000
Q = 0.000293, term1 = 0.009590, term2 = 0.000149
🌟 New best Q found: 0.000293 at iter 61
best_Q = 0.00029292359249666333, final_Q = 0.000293

--- Iteration 62 ---
U1 - Qu_upper = 0.390487, U2 - Qv_upper = 0.300000
eta = 0.9855, interval_left = 0.9684, interval_right = 1.0000
Q = 0.000228, term1 = 0.009476, term2 = 0.000092
🌟 New best Q found: 0.000228 at iter 62
best_Q = 0.00022773380624130368, final_Q = 0.000228

--- Iteration 63 ---
U1 - Qu_upper = 0.353420, U2 - Qv_upper = 0.300000
eta = 0.9855, interval_left = 0.9700, interval_right = 1.0000
Q = 0.000271, term1 = 0.013642, term2 = 0.000074
best_Q = 0.00022773380624130368, final_Q = 0.000271

--- Iteration 64 ---
U1 - Qu_upper = 0.376231, U2 - Qv_upper = 0.300000
eta = 0.9867, interval_left = 0.9715, interval_right = 1.0000
Q = 0.000197, term1 = 0.011342, term2 = 0.000047
🌟 New best Q found: 0.000197 at iter 64
best_Q = 0.00019723750301636755, final_Q = 0.000197

--- Iteration 65 ---
U1 - Qu_upper = 0.346728, U2 - Qv_upper = 0.300000
eta = 0.9868, interval_left = 0.9729, interval_right = 1.0000
Q = 0.000224, term1 = 0.014613, term2 = 0.000031
best_Q = 0.00019723750301636755, final_Q = 0.000224

--- Iteration 66 ---
U1 - Qu_upper = 0.348568, U2 - Qv_upper = 0.300000
eta = 0.9875, interval_left = 0.9743, interval_right = 1.0000
Q = 0.000213, term1 = 0.014490, term2 = 0.000032
best_Q = 0.00019723750301636755, final_Q = 0.000213

--- Iteration 67 ---
U1 - Qu_upper = 0.356663, U2 - Qv_upper = 0.300000
eta = 0.9882, interval_left = 0.9755, interval_right = 1.0000
Q = 0.000182, term1 = 0.013413, term2 = 0.000025
🌟 New best Q found: 0.000182 at iter 67
best_Q = 0.00018242152873426676, final_Q = 0.000182

--- Iteration 68 ---
U1 - Qu_upper = 0.345913, U2 - Qv_upper = 0.263528
eta = 0.9894, interval_left = 0.9768, interval_right = 1.0000
Q = 0.000966, term1 = 0.014986, term2 = 0.000816
best_Q = 0.00018242152873426676, final_Q = 0.000966

--- Iteration 69 ---
U1 - Qu_upper = 0.359734, U2 - Qv_upper = 0.300000
eta = 0.9894, interval_left = 0.9779, interval_right = 1.0000
Q = 0.000299, term1 = 0.013444, term2 = 0.000159
best_Q = 0.00018242152873426676, final_Q = 0.000299

--- Iteration 70 ---
U1 - Qu_upper = 0.370196, U2 - Qv_upper = 0.278819
eta = 0.9905, interval_left = 0.9790, interval_right = 1.0000
Q = 0.000550, term1 = 0.012197, term2 = 0.000439
best_Q = 0.00018242152873426676, final_Q = 0.000550

--- Iteration 71 ---
U1 - Qu_upper = 0.372026, U2 - Qv_upper = 0.300000
eta = 0.9906, interval_left = 0.9801, interval_right = 1.0000
Q = 0.000278, term1 = 0.011947, term2 = 0.000168
best_Q = 0.00018242152873426676, final_Q = 0.000278

--- Iteration 72 ---
U1 - Qu_upper = 0.367264, U2 - Qv_upper = 0.268055
eta = 0.9916, interval_left = 0.9811, interval_right = 1.0000
Q = 0.000779, term1 = 0.012326, term2 = 0.000681
best_Q = 0.00018242152873426676, final_Q = 0.000779

--- Iteration 73 ---
U1 - Qu_upper = 0.362217, U2 - Qv_upper = 0.300000
eta = 0.9914, interval_left = 0.9820, interval_right = 1.0000
Q = 0.000229, term1 = 0.013140, term2 = 0.000117
best_Q = 0.00018242152873426676, final_Q = 0.000229

--- Iteration 74 ---
U1 - Qu_upper = 0.356389, U2 - Qv_upper = 0.300000
eta = 0.9918, interval_left = 0.9829, interval_right = 1.0000
Q = 0.000195, term1 = 0.013834, term2 = 0.000082
best_Q = 0.00018242152873426676, final_Q = 0.000195

--- Iteration 75 ---
U1 - Qu_upper = 0.353465, U2 - Qv_upper = 0.300000
eta = 0.9922, interval_left = 0.9838, interval_right = 1.0000
Q = 0.000198, term1 = 0.013918, term2 = 0.000090
best_Q = 0.00018242152873426676, final_Q = 0.000198

--- Iteration 76 ---
U1 - Qu_upper = 0.339588, U2 - Qv_upper = 0.300000
eta = 0.9924, interval_left = 0.9846, interval_right = 1.0000
Q = 0.000196, term1 = 0.015845, term2 = 0.000076
best_Q = 0.00018242152873426676, final_Q = 0.000196

--- Iteration 77 ---
U1 - Qu_upper = 0.336127, U2 - Qv_upper = 0.300000
eta = 0.9927, interval_left = 0.9854, interval_right = 1.0000
Q = 0.000218, term1 = 0.016100, term2 = 0.000102
best_Q = 0.00018242152873426676, final_Q = 0.000218

--- Iteration 78 ---
U1 - Qu_upper = 0.334619, U2 - Qv_upper = 0.300000
eta = 0.9931, interval_left = 0.9861, interval_right = 1.0000
Q = 0.000202, term1 = 0.016460, term2 = 0.000089
best_Q = 0.00018242152873426676, final_Q = 0.000202

--- Iteration 79 ---
U1 - Qu_upper = 0.351735, U2 - Qv_upper = 0.300000
eta = 0.9936, interval_left = 0.9868, interval_right = 1.0000
Q = 0.000258, term1 = 0.014147, term2 = 0.000169
best_Q = 0.00018242152873426676, final_Q = 0.000258

--- Iteration 80 ---
U1 - Qu_upper = 0.352151, U2 - Qv_upper = 0.300000
eta = 0.9939, interval_left = 0.9874, interval_right = 1.0000
Q = 0.000279, term1 = 0.014132, term2 = 0.000194
best_Q = 0.00018242152873426676, final_Q = 0.000279

--- Iteration 81 ---
U1 - Qu_upper = 0.347870, U2 - Qv_upper = 0.300000
eta = 0.9942, interval_left = 0.9881, interval_right = 1.0000
Q = 0.000229, term1 = 0.014601, term2 = 0.000145
best_Q = 0.00018242152873426676, final_Q = 0.000229

--- Iteration 82 ---
U1 - Qu_upper = 0.340130, U2 - Qv_upper = 0.300000
eta = 0.9944, interval_left = 0.9887, interval_right = 1.0000
Q = 0.000268, term1 = 0.015552, term2 = 0.000182
best_Q = 0.00018242152873426676, final_Q = 0.000268

--- Iteration 83 ---
U1 - Qu_upper = 0.342479, U2 - Qv_upper = 0.300000
eta = 0.9947, interval_left = 0.9892, interval_right = 1.0000
Q = 0.000177, term1 = 0.015210, term2 = 0.000097
🌟 New best Q found: 0.000177 at iter 83
best_Q = 0.0001772442483343184, final_Q = 0.000177

--- Iteration 84 ---
U1 - Qu_upper = 0.327894, U2 - Qv_upper = 0.300000
eta = 0.9949, interval_left = 0.9898, interval_right = 1.0000
Q = 0.000134, term1 = 0.017138, term2 = 0.000046
🌟 New best Q found: 0.000134 at iter 84
best_Q = 0.000134112240630202, final_Q = 0.000134

--- Iteration 85 ---
U1 - Qu_upper = 0.332050, U2 - Qv_upper = 0.300000
eta = 0.9951, interval_left = 0.9903, interval_right = 1.0000
Q = 0.000140, term1 = 0.016774, term2 = 0.000058
best_Q = 0.000134112240630202, final_Q = 0.000140

--- Iteration 86 ---
U1 - Qu_upper = 0.323822, U2 - Qv_upper = 0.300000
eta = 0.9953, interval_left = 0.9908, interval_right = 1.0000
Q = 0.000126, term1 = 0.017728, term2 = 0.000043
🌟 New best Q found: 0.000126 at iter 86
best_Q = 0.0001258517731912434, final_Q = 0.000126

--- Iteration 87 ---
U1 - Qu_upper = 0.322884, U2 - Qv_upper = 0.300000
eta = 0.9956, interval_left = 0.9912, interval_right = 1.0000
Q = 0.000108, term1 = 0.017896, term2 = 0.000029
🌟 New best Q found: 0.000108 at iter 87
best_Q = 0.000108470740087796, final_Q = 0.000108

--- Iteration 88 ---
U1 - Qu_upper = 0.322008, U2 - Qv_upper = 0.300000
eta = 0.9958, interval_left = 0.9917, interval_right = 1.0000
Q = 0.000107, term1 = 0.017964, term2 = 0.000031
🌟 New best Q found: 0.000107 at iter 88
best_Q = 0.00010659426334314048, final_Q = 0.000107

--- Iteration 89 ---
U1 - Qu_upper = 0.322777, U2 - Qv_upper = 0.300000
eta = 0.9960, interval_left = 0.9921, interval_right = 1.0000
Q = 0.000098, term1 = 0.017883, term2 = 0.000026
🌟 New best Q found: 0.000098 at iter 89
best_Q = 9.803138527786359e-05, final_Q = 0.000098

--- Iteration 90 ---
U1 - Qu_upper = 0.326405, U2 - Qv_upper = 0.300000
eta = 0.9962, interval_left = 0.9925, interval_right = 1.0000
Q = 0.000084, term1 = 0.017053, term2 = 0.000020
🌟 New best Q found: 0.000084 at iter 90
best_Q = 8.4051484009251e-05, final_Q = 0.000084

--- Iteration 91 ---
U1 - Qu_upper = 0.326188, U2 - Qv_upper = 0.300000
eta = 0.9964, interval_left = 0.9929, interval_right = 1.0000
Q = 0.000078, term1 = 0.017077, term2 = 0.000017
🌟 New best Q found: 0.000078 at iter 91
best_Q = 7.84917501732707e-05, final_Q = 0.000078

--- Iteration 92 ---
U1 - Qu_upper = 0.333454, U2 - Qv_upper = 0.300000
eta = 0.9966, interval_left = 0.9932, interval_right = 1.0000
Q = 0.000109, term1 = 0.016078, term2 = 0.000055
best_Q = 7.84917501732707e-05, final_Q = 0.000109

--- Iteration 93 ---
U1 - Qu_upper = 0.341225, U2 - Qv_upper = 0.300000
eta = 0.9968, interval_left = 0.9936, interval_right = 1.0000
Q = 0.000080, term1 = 0.014726, term2 = 0.000033
best_Q = 7.84917501732707e-05, final_Q = 0.000080

--- Iteration 94 ---
U1 - Qu_upper = 0.334559, U2 - Qv_upper = 0.300000
eta = 0.9970, interval_left = 0.9939, interval_right = 1.0000
Q = 0.000114, term1 = 0.016054, term2 = 0.000065
best_Q = 7.84917501732707e-05, final_Q = 0.000114

--- Iteration 95 ---
U1 - Qu_upper = 0.329131, U2 - Qv_upper = 0.300000
eta = 0.9971, interval_left = 0.9942, interval_right = 1.0000
Q = 0.000152, term1 = 0.016884, term2 = 0.000103
best_Q = 7.84917501732707e-05, final_Q = 0.000152

--- Iteration 96 ---
U1 - Qu_upper = 0.332119, U2 - Qv_upper = 0.300000
eta = 0.9972, interval_left = 0.9945, interval_right = 1.0000
Q = 0.000197, term1 = 0.016702, term2 = 0.000151
best_Q = 7.84917501732707e-05, final_Q = 0.000197

--- Iteration 97 ---
U1 - Qu_upper = 0.333036, U2 - Qv_upper = 0.300000
eta = 0.9974, interval_left = 0.9948, interval_right = 1.0000
Q = 0.000135, term1 = 0.016442, term2 = 0.000092
best_Q = 7.84917501732707e-05, final_Q = 0.000135

--- Iteration 98 ---
U1 - Qu_upper = 0.355065, U2 - Qv_upper = 0.300000
eta = 0.9976, interval_left = 0.9950, interval_right = 1.0000
Q = 0.000095, term1 = 0.013921, term2 = 0.000062
best_Q = 7.84917501732707e-05, final_Q = 0.000095

--- Iteration 99 ---
U1 - Qu_upper = 0.365198, U2 - Qv_upper = 0.300000
eta = 0.9978, interval_left = 0.9953, interval_right = 1.0000
Q = 0.000100, term1 = 0.012478, term2 = 0.000072
best_Q = 7.84917501732707e-05, final_Q = 0.000100
Optimization End
📁 Visualization directory ensured: /work3/s232263/DCE_Results/german_credit/MLP/DCE_u1=0.5,u2=0.3,l=0.2,r=1.0,mi=100,tk=1,nt=10/cone_all_Genetic_cp=0.8,gsp=0.5,mpc=0.3,mpo=0.8,mns=0.1,cs=1.2,ct=0.1,temp=2.0/seed_42_20250805_003534/visualizations
Model saved to: /work3/s232263/DCE_Results/german_credit/MLP/DCE_u1=0.5,u2=0.3,l=0.2,r=1.0,mi=100,tk=1,nt=10/cone_all_Genetic_cp=0.8,gsp=0.5,mpc=0.3,mpo=0.8,mns=0.1,cs=1.2,ct=0.1,temp=2.0/seed_42_20250805_003534/model.pkl
Best results saved to: /work3/s232263/DCE_Results/german_credit/MLP/DCE_u1=0.5,u2=0.3,l=0.2,r=1.0,mi=100,tk=1,nt=10/cone_all_Genetic_cp=0.8,gsp=0.5,mpc=0.3,mpo=0.8,mns=0.1,cs=1.2,ct=0.1,temp=2.0/seed_42_20250805_003534
Final results saved to: /work3/s232263/DCE_Results/german_credit/MLP/DCE_u1=0.5,u2=0.3,l=0.2,r=1.0,mi=100,tk=1,nt=10/cone_all_Genetic_cp=0.8,gsp=0.5,mpc=0.3,mpo=0.8,mns=0.1,cs=1.2,ct=0.1,temp=2.0/seed_42_20250805_003534
Optimization log saved to: /work3/s232263/DCE_Results/german_credit/MLP/DCE_u1=0.5,u2=0.3,l=0.2,r=1.0,mi=100,tk=1,nt=10/cone_all_Genetic_cp=0.8,gsp=0.5,mpc=0.3,mpo=0.8,mns=0.1,cs=1.2,ct=0.1,temp=2.0/seed_42_20250805_003534
All results successfully saved to: /work3/s232263/DCE_Results/german_credit/MLP/DCE_u1=0.5,u2=0.3,l=0.2,r=1.0,mi=100,tk=1,nt=10/cone_all_Genetic_cp=0.8,gsp=0.5,mpc=0.3,mpo=0.8,mns=0.1,cs=1.2,ct=0.1,temp=2.0/seed_42_20250805_003534
Visualizations will be saved to: /work3/s232263/DCE_Results/german_credit/MLP/DCE_u1=0.5,u2=0.3,l=0.2,r=1.0,mi=100,tk=1,nt=10/cone_all_Genetic_cp=0.8,gsp=0.5,mpc=0.3,mpo=0.8,mns=0.1,cs=1.2,ct=0.1,temp=2.0/seed_42_20250805_003534/visualizations
✅ DCE explanation completed!
🎯 Best Q: 0.000078
📊 Final Q: 0.000100
🎉 Found feasible solution: True
💾 Results saved to: /work3/s232263/DCE_Results/german_credit/MLP/DCE_u1=0.5,u2=0.3,l=0.2,r=1.0,mi=100,tk=1,nt=10/cone_all_Genetic_cp=0.8,gsp=0.5,mpc=0.3,mpo=0.8,mns=0.1,cs=1.2,ct=0.1,temp=2.0/seed_42_20250805_003534
📊 Calculating metrics...
✅ Data processed for metrics calculation
   Coverage Rate: 0.800
   MMD: 0.019
   OT Distance: 0.0306
   Percentile Differences:
     0-15%: 6.935%
     15-30%: 28.494%
     30-70%: 226.461%
     70-85%: 419.506%
     85-100%: 30.424%
   AReS Cost: 7.011
💾 Metrics saved to: /work3/s232263/DCE_Results/german_credit/MLP/DCE_u1=0.5,u2=0.3,l=0.2,r=1.0,mi=100,tk=1,nt=10/cone_all_Genetic_cp=0.8,gsp=0.5,mpc=0.3,mpo=0.8,mns=0.1,cs=1.2,ct=0.1,temp=2.0/seed_42_20250805_003534/metrics_summary.json

============================================================
🎲 Running experiment: simulated_annealing (alias: sa_demo)
============================================================
🎯 Creating strategy: simulated_annealing (alias: sa_demo)
🧭 Full cone sampling mode (both categorical and continuous)
📐 Cone angle: 45.0° (0.785 rad)
🚀 Starting DCE explanation...
📍 Using original factual data as starting point (X_init=False)
Results will be saved to: /work3/s232263/DCE_Results/german_credit/MLP/DCE_u1=0.5,u2=0.3,l=0.2,r=1.0,mi=100,tk=1,nt=10/cone_all_SimulatedAnnealing_T0=1.5,Tf=0.01,td=None,cs=1.2,ct=0.1,temp=2.0/seed_42_20250805_010138
📁 Initial data saved:
   - x_true.csv: (50, 9)
   - y_true.csv: (50, 1)
   - y_target.csv: (50,)
Training Start
Optimization Start

--- Iteration 0 ---
U1 - Qu_upper = 0.500000, U2 - Qv_upper = 0.001516
eta = 0.9976, interval_left = 0.2400, interval_right = 1.0000
Q = 0.036948, term1 = 0.000000, term2 = 0.037037
🌟 New best Q found: 0.036948 at iter 0
best_Q = 0.03694779798388481, final_Q = 0.036948

--- Iteration 1 ---
U1 - Qu_upper = 0.471312, U2 - Qv_upper = 0.038464
eta = 0.9427, interval_left = 0.2780, interval_right = 1.0000
Q = 0.026825, term1 = 0.002929, term2 = 0.028279
🌟 New best Q found: 0.026825 at iter 1
best_Q = 0.026825249195098877, final_Q = 0.026825

--- Iteration 2 ---
U1 - Qu_upper = 0.422620, U2 - Qv_upper = 0.082250
eta = 0.8824, interval_left = 0.3141, interval_right = 1.0000
Q = 0.018089, term1 = 0.006101, term2 = 0.019687
🌟 New best Q found: 0.018089 at iter 2
best_Q = 0.01808890514075756, final_Q = 0.018089

--- Iteration 3 ---
U1 - Qu_upper = 0.377947, U2 - Qv_upper = 0.140360
eta = 0.8143, interval_left = 0.3484, interval_right = 1.0000
Q = 0.010720, term1 = 0.009861, term2 = 0.010916
🌟 New best Q found: 0.010720 at iter 3
best_Q = 0.010720226913690567, final_Q = 0.010720

--- Iteration 4 ---
U1 - Qu_upper = 0.373631, U2 - Qv_upper = 0.125925
eta = 0.8357, interval_left = 0.3810, interval_right = 1.0000
Q = 0.012403, term1 = 0.010161, term2 = 0.012843
best_Q = 0.010720226913690567, final_Q = 0.012403

--- Iteration 5 ---
U1 - Qu_upper = 0.366505, U2 - Qv_upper = 0.199077
eta = 0.7821, interval_left = 0.4119, interval_right = 1.0000
Q = 0.006098, term1 = 0.011193, term2 = 0.004678
🌟 New best Q found: 0.006098 at iter 5
best_Q = 0.006097543518990278, final_Q = 0.006098

--- Iteration 6 ---
U1 - Qu_upper = 0.309036, U2 - Qv_upper = 0.251728
eta = 0.7360, interval_left = 0.4413, interval_right = 1.0000
Q = 0.006215, term1 = 0.019492, term2 = 0.001453
best_Q = 0.006097543518990278, final_Q = 0.006215

--- Iteration 7 ---
U1 - Qu_upper = 0.367195, U2 - Qv_upper = 0.251820
eta = 0.7727, interval_left = 0.4693, interval_right = 1.0000
Q = 0.003808, term1 = 0.011815, term2 = 0.001453
🌟 New best Q found: 0.003808 at iter 7
best_Q = 0.0038078157231211662, final_Q = 0.003808

--- Iteration 8 ---
U1 - Qu_upper = 0.367916, U2 - Qv_upper = 0.169766
eta = 0.8324, interval_left = 0.4958, interval_right = 1.0000
Q = 0.008172, term1 = 0.012015, term2 = 0.007398
best_Q = 0.0038078157231211662, final_Q = 0.008172

--- Iteration 9 ---
U1 - Qu_upper = 0.384633, U2 - Qv_upper = 0.162627
eta = 0.8502, interval_left = 0.5210, interval_right = 1.0000
Q = 0.008440, term1 = 0.010018, term2 = 0.008162
best_Q = 0.0038078157231211662, final_Q = 0.008440

--- Iteration 10 ---
U1 - Qu_upper = 0.389316, U2 - Qv_upper = 0.253261
eta = 0.8112, interval_left = 0.5450, interval_right = 1.0000
Q = 0.003037, term1 = 0.009844, term2 = 0.001453
🌟 New best Q found: 0.003037 at iter 10
best_Q = 0.0030368203297257423, final_Q = 0.003037

--- Iteration 11 ---
U1 - Qu_upper = 0.364905, U2 - Qv_upper = 0.160553
eta = 0.8610, interval_left = 0.5677, interval_right = 1.0000
Q = 0.008919, term1 = 0.012340, term2 = 0.008367
best_Q = 0.0030368203297257423, final_Q = 0.008919

--- Iteration 12 ---
U1 - Qu_upper = 0.320191, U2 - Qv_upper = 0.156684
eta = 0.8580, interval_left = 0.5893, interval_right = 1.0000
Q = 0.010127, term1 = 0.018114, term2 = 0.008805
best_Q = 0.0030368203297257423, final_Q = 0.010127

--- Iteration 13 ---
U1 - Qu_upper = 0.289189, U2 - Qv_upper = 0.222329
eta = 0.8215, interval_left = 0.6099, interval_right = 1.0000
Q = 0.006565, term1 = 0.022965, term2 = 0.003002
best_Q = 0.0030368203297257423, final_Q = 0.006565

--- Iteration 14 ---
U1 - Qu_upper = 0.320004, U2 - Qv_upper = 0.278744
eta = 0.8184, interval_left = 0.6294, interval_right = 1.0000
Q = 0.003661, term1 = 0.017870, term2 = 0.000507
best_Q = 0.0030368203297257423, final_Q = 0.003661

--- Iteration 15 ---
U1 - Qu_upper = 0.358412, U2 - Qv_upper = 0.264876
eta = 0.8425, interval_left = 0.6479, interval_right = 1.0000
Q = 0.002679, term1 = 0.013242, term2 = 0.000705
🌟 New best Q found: 0.002679 at iter 15
best_Q = 0.0026792180724442005, final_Q = 0.002679

--- Iteration 16 ---
U1 - Qu_upper = 0.346228, U2 - Qv_upper = 0.282587
eta = 0.8418, interval_left = 0.6655, interval_right = 1.0000
Q = 0.002654, term1 = 0.014611, term2 = 0.000407
🌟 New best Q found: 0.002654 at iter 16
best_Q = 0.002654443960636854, final_Q = 0.002654

--- Iteration 17 ---
U1 - Qu_upper = 0.321484, U2 - Qv_upper = 0.275575
eta = 0.8456, interval_left = 0.6822, interval_right = 1.0000
Q = 0.003200, term1 = 0.018256, term2 = 0.000451
best_Q = 0.002654443960636854, final_Q = 0.003200

--- Iteration 18 ---
U1 - Qu_upper = 0.308820, U2 - Qv_upper = 0.261079
eta = 0.8544, interval_left = 0.6981, interval_right = 1.0000
Q = 0.003604, term1 = 0.020539, term2 = 0.000719
best_Q = 0.002654443960636854, final_Q = 0.003604

--- Iteration 19 ---
U1 - Qu_upper = 0.240360, U2 - Qv_upper = 0.257231
eta = 0.8439, interval_left = 0.6981, interval_right = 0.9849
Q = 0.005743, term1 = 0.032293, term2 = 0.000834
best_Q = 0.002654443960636854, final_Q = 0.005743

--- Iteration 20 ---
U1 - Qu_upper = 0.256749, U2 - Qv_upper = 0.166476
eta = 0.8721, interval_left = 0.7125, interval_right = 0.9849
Q = 0.010392, term1 = 0.029225, term2 = 0.007630
best_Q = 0.002654443960636854, final_Q = 0.010392

--- Iteration 21 ---
U1 - Qu_upper = 0.235677, U2 - Qv_upper = 0.256145
eta = 0.8430, interval_left = 0.7125, interval_right = 0.9713
Q = 0.006222, term1 = 0.033756, term2 = 0.001095
best_Q = 0.002654443960636854, final_Q = 0.006222

--- Iteration 22 ---
U1 - Qu_upper = 0.212237, U2 - Qv_upper = 0.164622
eta = 0.8582, interval_left = 0.7254, interval_right = 0.9713
Q = 0.012311, term1 = 0.039194, term2 = 0.007870
best_Q = 0.002654443960636854, final_Q = 0.012311

--- Iteration 23 ---
U1 - Qu_upper = 0.190503, U2 - Qv_upper = 0.166034
eta = 0.8568, interval_left = 0.7377, interval_right = 0.9713
Q = 0.013006, term1 = 0.044639, term2 = 0.007718
best_Q = 0.002654443960636854, final_Q = 0.013006

--- Iteration 24 ---
U1 - Qu_upper = 0.177971, U2 - Qv_upper = 0.261682
eta = 0.8322, interval_left = 0.7377, interval_right = 0.9596
Q = 0.009178, term1 = 0.048028, term2 = 0.001347
best_Q = 0.002654443960636854, final_Q = 0.009178

--- Iteration 25 ---
U1 - Qu_upper = 0.172103, U2 - Qv_upper = 0.260074
eta = 0.8261, interval_left = 0.7377, interval_right = 0.9485
Q = 0.009820, term1 = 0.049690, term2 = 0.001424
best_Q = 0.002654443960636854, final_Q = 0.009820

--- Iteration 26 ---
U1 - Qu_upper = 0.184927, U2 - Qv_upper = 0.261927
eta = 0.8249, interval_left = 0.7377, interval_right = 0.9380
Q = 0.009286, term1 = 0.046605, term2 = 0.001367
best_Q = 0.002654443960636854, final_Q = 0.009286

--- Iteration 27 ---
U1 - Qu_upper = 0.179805, U2 - Qv_upper = 0.225228
eta = 0.8266, interval_left = 0.7377, interval_right = 0.9280
Q = 0.010660, term1 = 0.047531, term2 = 0.002925
best_Q = 0.002654443960636854, final_Q = 0.010660

--- Iteration 28 ---
U1 - Qu_upper = 0.146488, U2 - Qv_upper = 0.257244
eta = 0.8067, interval_left = 0.7377, interval_right = 0.9184
Q = 0.012373, term1 = 0.057680, term2 = 0.001518
best_Q = 0.002654443960636854, final_Q = 0.012373

--- Iteration 29 ---
U1 - Qu_upper = 0.110475, U2 - Qv_upper = 0.253431
eta = 0.7926, interval_left = 0.7377, interval_right = 0.9094
Q = 0.015712, term1 = 0.069130, term2 = 0.001731
best_Q = 0.002654443960636854, final_Q = 0.015712

--- Iteration 30 ---
U1 - Qu_upper = 0.113360, U2 - Qv_upper = 0.293149
eta = 0.7856, interval_left = 0.7377, interval_right = 0.9008
Q = 0.015143, term1 = 0.068001, term2 = 0.000715
best_Q = 0.002654443960636854, final_Q = 0.015143

--- Iteration 31 ---
U1 - Qu_upper = 0.130072, U2 - Qv_upper = 0.212997
eta = 0.7995, interval_left = 0.7377, interval_right = 0.8927
Q = 0.015181, term1 = 0.062671, term2 = 0.003275
best_Q = 0.002654443960636854, final_Q = 0.015181

--- Iteration 32 ---
U1 - Qu_upper = 0.147267, U2 - Qv_upper = 0.184463
eta = 0.8065, interval_left = 0.7377, interval_right = 0.8849
Q = 0.015701, term1 = 0.057710, term2 = 0.005622
best_Q = 0.002654443960636854, final_Q = 0.015701

--- Iteration 33 ---
U1 - Qu_upper = 0.114738, U2 - Qv_upper = 0.182958
eta = 0.7944, interval_left = 0.7377, interval_right = 0.8776
Q = 0.018562, term1 = 0.067851, term2 = 0.005808
best_Q = 0.002654443960636854, final_Q = 0.018562

--- Iteration 34 ---
U1 - Qu_upper = 0.137300, U2 - Qv_upper = 0.183876
eta = 0.7975, interval_left = 0.7377, interval_right = 0.8706
Q = 0.017010, term1 = 0.061498, term2 = 0.005712
best_Q = 0.002654443960636854, final_Q = 0.017010

--- Iteration 35 ---
U1 - Qu_upper = 0.122904, U2 - Qv_upper = 0.240478
eta = 0.7826, interval_left = 0.7377, interval_right = 0.8639
Q = 0.015783, term1 = 0.065498, term2 = 0.001975
best_Q = 0.002654443960636854, final_Q = 0.015783

--- Iteration 36 ---
U1 - Qu_upper = 0.107239, U2 - Qv_upper = 0.241610
eta = 0.7765, interval_left = 0.7377, interval_right = 0.8576
Q = 0.017334, term1 = 0.070318, term2 = 0.002084
best_Q = 0.002654443960636854, final_Q = 0.017334

--- Iteration 37 ---
U1 - Qu_upper = 0.052194, U2 - Qv_upper = 0.238087
eta = 0.7593, interval_left = 0.7377, interval_right = 0.8516
Q = 0.022987, term1 = 0.089223, term2 = 0.001985
best_Q = 0.002654443960636854, final_Q = 0.022987

--- Iteration 38 ---
U1 - Qu_upper = 0.085004, U2 - Qv_upper = 0.198094
eta = 0.7719, interval_left = 0.7377, interval_right = 0.8459
Q = 0.021541, term1 = 0.077841, term2 = 0.004903
best_Q = 0.002654443960636854, final_Q = 0.021541

--- Iteration 39 ---
U1 - Qu_upper = 0.077915, U2 - Qv_upper = 0.242472
eta = 0.7640, interval_left = 0.7377, interval_right = 0.8405
Q = 0.020584, term1 = 0.080799, term2 = 0.001985
best_Q = 0.002654443960636854, final_Q = 0.020584

--- Iteration 40 ---
U1 - Qu_upper = 0.128908, U2 - Qv_upper = 0.194404
eta = 0.7787, interval_left = 0.7377, interval_right = 0.8354
Q = 0.018508, term1 = 0.064210, term2 = 0.005518
best_Q = 0.002654443960636854, final_Q = 0.018508

--- Iteration 41 ---
U1 - Qu_upper = 0.134731, U2 - Qv_upper = 0.247869
eta = 0.7721, interval_left = 0.7377, interval_right = 0.8305
Q = 0.015265, term1 = 0.061409, term2 = 0.001643
best_Q = 0.002654443960636854, final_Q = 0.015265

--- Iteration 42 ---
U1 - Qu_upper = 0.142567, U2 - Qv_upper = 0.266869
eta = 0.7700, interval_left = 0.7377, interval_right = 0.8258
Q = 0.014548, term1 = 0.059274, term2 = 0.001188
best_Q = 0.002654443960636854, final_Q = 0.014548

--- Iteration 43 ---
U1 - Qu_upper = 0.130931, U2 - Qv_upper = 0.249302
eta = 0.7680, interval_left = 0.7377, interval_right = 0.8214
Q = 0.015790, term1 = 0.063101, term2 = 0.001501
best_Q = 0.002654443960636854, final_Q = 0.015790

--- Iteration 44 ---
U1 - Qu_upper = 0.138364, U2 - Qv_upper = 0.173812
eta = 0.7748, interval_left = 0.7377, interval_right = 0.8172
Q = 0.019029, term1 = 0.060366, term2 = 0.007015
best_Q = 0.002654443960636854, final_Q = 0.019029

--- Iteration 45 ---
U1 - Qu_upper = 0.146114, U2 - Qv_upper = 0.241694
eta = 0.7677, interval_left = 0.7377, interval_right = 0.8133
Q = 0.015060, term1 = 0.058162, term2 = 0.002014
best_Q = 0.002654443960636854, final_Q = 0.015060

--- Iteration 46 ---
U1 - Qu_upper = 0.145770, U2 - Qv_upper = 0.241221
eta = 0.7662, interval_left = 0.7377, interval_right = 0.8095
Q = 0.015119, term1 = 0.057920, term2 = 0.002056
best_Q = 0.002654443960636854, final_Q = 0.015119

--- Iteration 47 ---
U1 - Qu_upper = 0.106175, U2 - Qv_upper = 0.240885
eta = 0.7597, interval_left = 0.7377, interval_right = 0.8059
Q = 0.018529, term1 = 0.070545, term2 = 0.002072
best_Q = 0.002654443960636854, final_Q = 0.018529

--- Iteration 48 ---
U1 - Qu_upper = 0.094113, U2 - Qv_upper = 0.239604
eta = 0.7569, interval_left = 0.7377, interval_right = 0.8025
Q = 0.019649, term1 = 0.074346, term2 = 0.002085
best_Q = 0.002654443960636854, final_Q = 0.019649

--- Iteration 49 ---
U1 - Qu_upper = 0.095947, U2 - Qv_upper = 0.239481
eta = 0.7562, interval_left = 0.7377, interval_right = 0.7992
Q = 0.019604, term1 = 0.073918, term2 = 0.002096
best_Q = 0.002654443960636854, final_Q = 0.019604

--- Iteration 50 ---
U1 - Qu_upper = 0.096866, U2 - Qv_upper = 0.270186
eta = 0.7539, interval_left = 0.7377, interval_right = 0.7962
Q = 0.019068, term1 = 0.074661, term2 = 0.000924
best_Q = 0.002654443960636854, final_Q = 0.019068

--- Iteration 51 ---
U1 - Qu_upper = 0.110449, U2 - Qv_upper = 0.300000
eta = 0.7534, interval_left = 0.7377, interval_right = 0.7932
Q = 0.017717, term1 = 0.070282, term2 = 0.000514
best_Q = 0.002654443960636854, final_Q = 0.017717

--- Iteration 52 ---
U1 - Qu_upper = 0.087391, U2 - Qv_upper = 0.162986
eta = 0.7571, interval_left = 0.7377, interval_right = 0.7905
Q = 0.025194, term1 = 0.077702, term2 = 0.008346
best_Q = 0.002654443960636854, final_Q = 0.025194

--- Iteration 53 ---
U1 - Qu_upper = 0.061262, U2 - Qv_upper = 0.300000
eta = 0.7466, interval_left = 0.7377, interval_right = 0.7878
Q = 0.022174, term1 = 0.086323, term2 = 0.000406
best_Q = 0.002654443960636854, final_Q = 0.022174

--- Iteration 54 ---
U1 - Qu_upper = 0.046535, U2 - Qv_upper = 0.290780
eta = 0.7446, interval_left = 0.7377, interval_right = 0.7853
Q = 0.023717, term1 = 0.091387, term2 = 0.000507
best_Q = 0.002654443960636854, final_Q = 0.023717

--- Iteration 55 ---
U1 - Qu_upper = 0.079922, U2 - Qv_upper = 0.290744
eta = 0.7480, interval_left = 0.7377, interval_right = 0.7829
Q = 0.020352, term1 = 0.079243, term2 = 0.000507
best_Q = 0.002654443960636854, final_Q = 0.020352

--- Iteration 56 ---
U1 - Qu_upper = 0.062812, U2 - Qv_upper = 0.290744
eta = 0.7457, interval_left = 0.7377, interval_right = 0.7807
Q = 0.022051, term1 = 0.085234, term2 = 0.000507
best_Q = 0.002654443960636854, final_Q = 0.022051

--- Iteration 57 ---
U1 - Qu_upper = 0.065233, U2 - Qv_upper = 0.248065
eta = 0.7466, interval_left = 0.7377, interval_right = 0.7785
Q = 0.022593, term1 = 0.084792, term2 = 0.001487
best_Q = 0.002654443960636854, final_Q = 0.022593

--- Iteration 58 ---
U1 - Qu_upper = 0.079387, U2 - Qv_upper = 0.248150
eta = 0.7476, interval_left = 0.7377, interval_right = 0.7765
Q = 0.021234, term1 = 0.079721, term2 = 0.001487
best_Q = 0.002654443960636854, final_Q = 0.021234

--- Iteration 59 ---
U1 - Qu_upper = 0.063353, U2 - Qv_upper = 0.209395
eta = 0.7467, interval_left = 0.7377, interval_right = 0.7745
Q = 0.024299, term1 = 0.084953, term2 = 0.003724
best_Q = 0.002654443960636854, final_Q = 0.024299

--- Iteration 60 ---
U1 - Qu_upper = 0.084614, U2 - Qv_upper = 0.265388
eta = 0.7466, interval_left = 0.7377, interval_right = 0.7727
Q = 0.020486, term1 = 0.078122, term2 = 0.000924
best_Q = 0.002654443960636854, final_Q = 0.020486

--- Iteration 61 ---
U1 - Qu_upper = 0.101714, U2 - Qv_upper = 0.265388
eta = 0.7474, interval_left = 0.7377, interval_right = 0.7710
Q = 0.019106, term1 = 0.072900, term2 = 0.000924
best_Q = 0.002654443960636854, final_Q = 0.019106

--- Iteration 62 ---
U1 - Qu_upper = 0.076926, U2 - Qv_upper = 0.208080
eta = 0.7467, interval_left = 0.7377, interval_right = 0.7693
Q = 0.023432, term1 = 0.081463, term2 = 0.003743
best_Q = 0.002654443960636854, final_Q = 0.023432

--- Iteration 63 ---
U1 - Qu_upper = 0.073901, U2 - Qv_upper = 0.179897
eta = 0.7469, interval_left = 0.7377, interval_right = 0.7677
Q = 0.025285, term1 = 0.081796, term2 = 0.006134
best_Q = 0.002654443960636854, final_Q = 0.025285

--- Iteration 64 ---
U1 - Qu_upper = 0.013541, U2 - Qv_upper = 0.179881
eta = 0.7398, interval_left = 0.7377, interval_right = 0.7662
Q = 0.031594, term1 = 0.103967, term2 = 0.006139
best_Q = 0.002654443960636854, final_Q = 0.031594

--- Iteration 65 ---
U1 - Qu_upper = -0.025735, U2 - Qv_upper = 0.180130
eta = 0.7377, interval_left = 0.7377, interval_right = 0.7648
Q = 0.036189, term1 = 0.120690, term2 = 0.006143
best_Q = 0.002654443960636854, final_Q = 0.036189

--- Iteration 66 ---
U1 - Qu_upper = -0.087421, U2 - Qv_upper = 0.184737
eta = 0.7377, interval_left = 0.7377, interval_right = 0.7634
Q = 0.043498, term1 = 0.149845, term2 = 0.005683
best_Q = 0.002654443960636854, final_Q = 0.043498

--- Iteration 67 ---
U1 - Qu_upper = -0.043803, U2 - Qv_upper = 0.235578
eta = 0.7377, interval_left = 0.7377, interval_right = 0.7621
Q = 0.035257, term1 = 0.128481, term2 = 0.002108
best_Q = 0.002654443960636854, final_Q = 0.035257

--- Iteration 68 ---
U1 - Qu_upper = -0.027339, U2 - Qv_upper = 0.172853
eta = 0.7377, interval_left = 0.7377, interval_right = 0.7609
Q = 0.037099, term1 = 0.121649, term2 = 0.007035
best_Q = 0.002654443960636854, final_Q = 0.037099

--- Iteration 69 ---
U1 - Qu_upper = -0.013301, U2 - Qv_upper = 0.237997
eta = 0.7377, interval_left = 0.7377, interval_right = 0.7598
Q = 0.032041, term1 = 0.116222, term2 = 0.002108
best_Q = 0.002654443960636854, final_Q = 0.032041

--- Iteration 70 ---
U1 - Qu_upper = 0.028988, U2 - Qv_upper = 0.175764
eta = 0.7408, interval_left = 0.7377, interval_right = 0.7587
Q = 0.031157, term1 = 0.099301, term2 = 0.007316
best_Q = 0.002654443960636854, final_Q = 0.031157

--- Iteration 71 ---
U1 - Qu_upper = 0.012848, U2 - Qv_upper = 0.238259
eta = 0.7388, interval_left = 0.7377, interval_right = 0.7576
Q = 0.029142, term1 = 0.105631, term2 = 0.002095
best_Q = 0.002654443960636854, final_Q = 0.029142

--- Iteration 72 ---
U1 - Qu_upper = 0.023050, U2 - Qv_upper = 0.238607
eta = 0.7394, interval_left = 0.7377, interval_right = 0.7566
Q = 0.028015, term1 = 0.101622, term2 = 0.002078
best_Q = 0.002654443960636854, final_Q = 0.028015

--- Iteration 73 ---
U1 - Qu_upper = 0.027480, U2 - Qv_upper = 0.165383
eta = 0.7404, interval_left = 0.7377, interval_right = 0.7557
Q = 0.032129, term1 = 0.099829, term2 = 0.008391
best_Q = 0.002654443960636854, final_Q = 0.032129

--- Iteration 74 ---
U1 - Qu_upper = 0.017117, U2 - Qv_upper = 0.237105
eta = 0.7389, interval_left = 0.7377, interval_right = 0.7548
Q = 0.028564, term1 = 0.103461, term2 = 0.002099
best_Q = 0.002654443960636854, final_Q = 0.028564

--- Iteration 75 ---
U1 - Qu_upper = 0.029112, U2 - Qv_upper = 0.236934
eta = 0.7396, interval_left = 0.7377, interval_right = 0.7539
Q = 0.027323, term1 = 0.098928, term2 = 0.002108
best_Q = 0.002654443960636854, final_Q = 0.027323

--- Iteration 76 ---
U1 - Qu_upper = 0.034036, U2 - Qv_upper = 0.178425
eta = 0.7403, interval_left = 0.7377, interval_right = 0.7531
Q = 0.030164, term1 = 0.097153, term2 = 0.006663
best_Q = 0.002654443960636854, final_Q = 0.030164

--- Iteration 77 ---
U1 - Qu_upper = 0.038443, U2 - Qv_upper = 0.162905
eta = 0.7406, interval_left = 0.7377, interval_right = 0.7523
Q = 0.030884, term1 = 0.095465, term2 = 0.008269
best_Q = 0.002654443960636854, final_Q = 0.030884

--- Iteration 78 ---
U1 - Qu_upper = 0.048808, U2 - Qv_upper = 0.236918
eta = 0.7402, interval_left = 0.7377, interval_right = 0.7516
Q = 0.025327, term1 = 0.091477, term2 = 0.002108
best_Q = 0.002654443960636854, final_Q = 0.025327

--- Iteration 79 ---
U1 - Qu_upper = 0.029560, U2 - Qv_upper = 0.238682
eta = 0.7392, interval_left = 0.7377, interval_right = 0.7509
Q = 0.027219, term1 = 0.098649, term2 = 0.002020
best_Q = 0.002654443960636854, final_Q = 0.027219

--- Iteration 80 ---
U1 - Qu_upper = -0.000376, U2 - Qv_upper = 0.238271
eta = 0.7377, interval_left = 0.7377, interval_right = 0.7502
Q = 0.030595, term1 = 0.110898, term2 = 0.002040
best_Q = 0.002654443960636854, final_Q = 0.030595

--- Iteration 81 ---
U1 - Qu_upper = 0.016679, U2 - Qv_upper = 0.238271
eta = 0.7385, interval_left = 0.7377, interval_right = 0.7496
Q = 0.028748, term1 = 0.104177, term2 = 0.002040
best_Q = 0.002654443960636854, final_Q = 0.028748

--- Iteration 82 ---
U1 - Qu_upper = 0.042602, U2 - Qv_upper = 0.276783
eta = 0.7393, interval_left = 0.7377, interval_right = 0.7490
Q = 0.025034, term1 = 0.093652, term2 = 0.000835
best_Q = 0.002654443960636854, final_Q = 0.025034

--- Iteration 83 ---
U1 - Qu_upper = 0.037765, U2 - Qv_upper = 0.186511
eta = 0.7396, interval_left = 0.7377, interval_right = 0.7485
Q = 0.029490, term1 = 0.095367, term2 = 0.006297
best_Q = 0.002654443960636854, final_Q = 0.029490

--- Iteration 84 ---
U1 - Qu_upper = 0.054350, U2 - Qv_upper = 0.281476
eta = 0.7394, interval_left = 0.7377, interval_right = 0.7479
Q = 0.023744, term1 = 0.088949, term2 = 0.000766
best_Q = 0.002654443960636854, final_Q = 0.023744

--- Iteration 85 ---
U1 - Qu_upper = 0.080501, U2 - Qv_upper = 0.278013
eta = 0.7400, interval_left = 0.7377, interval_right = 0.7474
Q = 0.021505, term1 = 0.080528, term2 = 0.000766
best_Q = 0.002654443960636854, final_Q = 0.021505

--- Iteration 86 ---
U1 - Qu_upper = 0.084359, U2 - Qv_upper = 0.232388
eta = 0.7403, interval_left = 0.7377, interval_right = 0.7469
Q = 0.022365, term1 = 0.079132, term2 = 0.002449
best_Q = 0.002654443960636854, final_Q = 0.022365

--- Iteration 87 ---
U1 - Qu_upper = 0.098810, U2 - Qv_upper = 0.241143
eta = 0.7404, interval_left = 0.7377, interval_right = 0.7465
Q = 0.020602, term1 = 0.073773, term2 = 0.001956
best_Q = 0.002654443960636854, final_Q = 0.020602

--- Iteration 88 ---
U1 - Qu_upper = 0.110394, U2 - Qv_upper = 0.241143
eta = 0.7404, interval_left = 0.7377, interval_right = 0.7460
Q = 0.019716, term1 = 0.070381, term2 = 0.001956
best_Q = 0.002654443960636854, final_Q = 0.019716

--- Iteration 89 ---
U1 - Qu_upper = 0.109522, U2 - Qv_upper = 0.289238
eta = 0.7400, interval_left = 0.7377, interval_right = 0.7456
Q = 0.018784, term1 = 0.070571, term2 = 0.000587
best_Q = 0.002654443960636854, final_Q = 0.018784

--- Iteration 90 ---
U1 - Qu_upper = 0.142321, U2 - Qv_upper = 0.269052
eta = 0.7404, interval_left = 0.7377, interval_right = 0.7452
Q = 0.016406, term1 = 0.060817, term2 = 0.000837
best_Q = 0.002654443960636854, final_Q = 0.016406

--- Iteration 91 ---
U1 - Qu_upper = 0.154357, U2 - Qv_upper = 0.231873
eta = 0.7407, interval_left = 0.7377, interval_right = 0.7448
Q = 0.016634, term1 = 0.057606, term2 = 0.002291
best_Q = 0.002654443960636854, final_Q = 0.016634

--- Iteration 92 ---
U1 - Qu_upper = 0.175072, U2 - Qv_upper = 0.251022
eta = 0.7406, interval_left = 0.7377, interval_right = 0.7445
Q = 0.014331, term1 = 0.051183, term2 = 0.001426
best_Q = 0.002654443960636854, final_Q = 0.014331

--- Iteration 93 ---
U1 - Qu_upper = 0.155953, U2 - Qv_upper = 0.159544
eta = 0.7410, interval_left = 0.7377, interval_right = 0.7441
Q = 0.020945, term1 = 0.056821, term2 = 0.008408
best_Q = 0.002654443960636854, final_Q = 0.020945

--- Iteration 94 ---
U1 - Qu_upper = 0.180348, U2 - Qv_upper = 0.276249
eta = 0.7402, interval_left = 0.7377, interval_right = 0.7438
Q = 0.013522, term1 = 0.050315, term2 = 0.000611
best_Q = 0.002654443960636854, final_Q = 0.013522

--- Iteration 95 ---
U1 - Qu_upper = 0.137138, U2 - Qv_upper = 0.228543
eta = 0.7400, interval_left = 0.7377, interval_right = 0.7435
Q = 0.017626, term1 = 0.061528, term2 = 0.002200
best_Q = 0.002654443960636854, final_Q = 0.017626

--- Iteration 96 ---
U1 - Qu_upper = 0.106315, U2 - Qv_upper = 0.266491
eta = 0.7394, interval_left = 0.7377, interval_right = 0.7432
Q = 0.019139, term1 = 0.071187, term2 = 0.000789
best_Q = 0.002654443960636854, final_Q = 0.019139

--- Iteration 97 ---
U1 - Qu_upper = 0.121583, U2 - Qv_upper = 0.220814
eta = 0.7397, interval_left = 0.7377, interval_right = 0.7429
Q = 0.019240, term1 = 0.066261, term2 = 0.002689
best_Q = 0.002654443960636854, final_Q = 0.019240

--- Iteration 98 ---
U1 - Qu_upper = 0.104256, U2 - Qv_upper = 0.223110
eta = 0.7394, interval_left = 0.7377, interval_right = 0.7427
Q = 0.020686, term1 = 0.072146, term2 = 0.002545
best_Q = 0.002654443960636854, final_Q = 0.020686

--- Iteration 99 ---
U1 - Qu_upper = 0.109421, U2 - Qv_upper = 0.280375
eta = 0.7391, interval_left = 0.7377, interval_right = 0.7424
Q = 0.018970, term1 = 0.070468, term2 = 0.000791
best_Q = 0.002654443960636854, final_Q = 0.018970
Optimization End
📁 Visualization directory ensured: /work3/s232263/DCE_Results/german_credit/MLP/DCE_u1=0.5,u2=0.3,l=0.2,r=1.0,mi=100,tk=1,nt=10/cone_all_SimulatedAnnealing_T0=1.5,Tf=0.01,td=None,cs=1.2,ct=0.1,temp=2.0/seed_42_20250805_010138/visualizations
Model saved to: /work3/s232263/DCE_Results/german_credit/MLP/DCE_u1=0.5,u2=0.3,l=0.2,r=1.0,mi=100,tk=1,nt=10/cone_all_SimulatedAnnealing_T0=1.5,Tf=0.01,td=None,cs=1.2,ct=0.1,temp=2.0/seed_42_20250805_010138/model.pkl
Best results saved to: /work3/s232263/DCE_Results/german_credit/MLP/DCE_u1=0.5,u2=0.3,l=0.2,r=1.0,mi=100,tk=1,nt=10/cone_all_SimulatedAnnealing_T0=1.5,Tf=0.01,td=None,cs=1.2,ct=0.1,temp=2.0/seed_42_20250805_010138
Final results saved to: /work3/s232263/DCE_Results/german_credit/MLP/DCE_u1=0.5,u2=0.3,l=0.2,r=1.0,mi=100,tk=1,nt=10/cone_all_SimulatedAnnealing_T0=1.5,Tf=0.01,td=None,cs=1.2,ct=0.1,temp=2.0/seed_42_20250805_010138
Optimization log saved to: /work3/s232263/DCE_Results/german_credit/MLP/DCE_u1=0.5,u2=0.3,l=0.2,r=1.0,mi=100,tk=1,nt=10/cone_all_SimulatedAnnealing_T0=1.5,Tf=0.01,td=None,cs=1.2,ct=0.1,temp=2.0/seed_42_20250805_010138
All results successfully saved to: /work3/s232263/DCE_Results/german_credit/MLP/DCE_u1=0.5,u2=0.3,l=0.2,r=1.0,mi=100,tk=1,nt=10/cone_all_SimulatedAnnealing_T0=1.5,Tf=0.01,td=None,cs=1.2,ct=0.1,temp=2.0/seed_42_20250805_010138
Visualizations will be saved to: /work3/s232263/DCE_Results/german_credit/MLP/DCE_u1=0.5,u2=0.3,l=0.2,r=1.0,mi=100,tk=1,nt=10/cone_all_SimulatedAnnealing_T0=1.5,Tf=0.01,td=None,cs=1.2,ct=0.1,temp=2.0/seed_42_20250805_010138/visualizations
✅ DCE explanation completed!
🎯 Best Q: 0.002654
📊 Final Q: 0.018970
🎉 Found feasible solution: True
💾 Results saved to: /work3/s232263/DCE_Results/german_credit/MLP/DCE_u1=0.5,u2=0.3,l=0.2,r=1.0,mi=100,tk=1,nt=10/cone_all_SimulatedAnnealing_T0=1.5,Tf=0.01,td=None,cs=1.2,ct=0.1,temp=2.0/seed_42_20250805_010138
📊 Calculating metrics...
✅ Data processed for metrics calculation
   Coverage Rate: 0.820
   MMD: 0.010
   OT Distance: 0.0238
   Percentile Differences:
     0-15%: 84.263%
     15-30%: 48.509%
     30-70%: 62.918%
     70-85%: 286.893%
     85-100%: 50.460%
   AReS Cost: 7.356
💾 Metrics saved to: /work3/s232263/DCE_Results/german_credit/MLP/DCE_u1=0.5,u2=0.3,l=0.2,r=1.0,mi=100,tk=1,nt=10/cone_all_SimulatedAnnealing_T0=1.5,Tf=0.01,td=None,cs=1.2,ct=0.1,temp=2.0/seed_42_20250805_010138/metrics_summary.json

============================================================
🎲 Running experiment: bayesian (alias: bo_demo)
============================================================
🎯 Creating strategy: bayesian (alias: bo_demo)
🧭 Full cone sampling mode (both categorical and continuous)
📐 Cone angle: 45.0° (0.785 rad)
🚀 Starting DCE explanation...
📍 Using original factual data as starting point (X_init=False)
Results will be saved to: /work3/s232263/DCE_Results/german_credit/MLP/DCE_u1=0.5,u2=0.3,l=0.2,r=1.0,mi=100,tk=1,nt=10/cone_all_Bayesian_cs=1.2,ct=0.1,temp=2.0/seed_42_20250805_012906
📁 Initial data saved:
   - x_true.csv: (50, 9)
   - y_true.csv: (50, 1)
   - y_target.csv: (50,)
Training Start
Optimization Start

--- Iteration 0 ---
U1 - Qu_upper = 0.500000, U2 - Qv_upper = 0.001516
eta = 0.9976, interval_left = 0.2400, interval_right = 1.0000
Q = 0.036948, term1 = 0.000000, term2 = 0.037037
🌟 New best Q found: 0.036948 at iter 0
best_Q = 0.03694779798388481, final_Q = 0.036948

--- Iteration 1 ---
U1 - Qu_upper = 0.475597, U2 - Qv_upper = 0.036811
eta = 0.9454, interval_left = 0.2780, interval_right = 1.0000
Q = 0.027315, term1 = 0.003321, term2 = 0.028701
🌟 New best Q found: 0.027315 at iter 1
best_Q = 0.02731497399508953, final_Q = 0.027315

--- Iteration 2 ---
U1 - Qu_upper = 0.428144, U2 - Qv_upper = 0.081069
eta = 0.8851, interval_left = 0.3141, interval_right = 1.0000
Q = 0.018461, term1 = 0.006041, term2 = 0.020074
🌟 New best Q found: 0.018461 at iter 2
best_Q = 0.018460681661963463, final_Q = 0.018461

--- Iteration 3 ---
U1 - Qu_upper = 0.359490, U2 - Qv_upper = 0.074741
eta = 0.8819, interval_left = 0.3484, interval_right = 1.0000
Q = 0.020132, term1 = 0.012173, term2 = 0.021198
best_Q = 0.018460681661963463, final_Q = 0.020132

--- Iteration 4 ---
U1 - Qu_upper = 0.355622, U2 - Qv_upper = 0.139837
eta = 0.8161, interval_left = 0.3810, interval_right = 1.0000
Q = 0.011383, term1 = 0.012310, term2 = 0.011174
🌟 New best Q found: 0.011383 at iter 4
best_Q = 0.011382904835045338, final_Q = 0.011383

--- Iteration 5 ---
U1 - Qu_upper = 0.281673, U2 - Qv_upper = 0.124261
eta = 0.8105, interval_left = 0.4119, interval_right = 1.0000
Q = 0.015215, term1 = 0.023550, term2 = 0.013267
best_Q = 0.011382904835045338, final_Q = 0.015215

--- Iteration 6 ---
U1 - Qu_upper = 0.302443, U2 - Qv_upper = 0.197240
eta = 0.7679, interval_left = 0.4413, interval_right = 1.0000
Q = 0.008592, term1 = 0.020822, term2 = 0.004895
🌟 New best Q found: 0.008592 at iter 6
best_Q = 0.008592106401920319, final_Q = 0.008592

--- Iteration 7 ---
U1 - Qu_upper = 0.278823, U2 - Qv_upper = 0.148909
eta = 0.8055, interval_left = 0.4693, interval_right = 1.0000
Q = 0.012717, term1 = 0.024789, term2 = 0.009802
best_Q = 0.008592106401920319, final_Q = 0.012717

--- Iteration 8 ---
U1 - Qu_upper = 0.223683, U2 - Qv_upper = 0.080992
eta = 0.8589, interval_left = 0.4958, interval_right = 1.0000
Q = 0.022176, term1 = 0.036296, term2 = 0.019857
best_Q = 0.008592106401920319, final_Q = 0.022176

--- Iteration 9 ---
U1 - Qu_upper = 0.238889, U2 - Qv_upper = 0.245055
eta = 0.7447, interval_left = 0.4958, interval_right = 0.9748
Q = 0.009731, term1 = 0.033305, term2 = 0.001648
best_Q = 0.008592106401920319, final_Q = 0.009731

--- Iteration 10 ---
U1 - Qu_upper = 0.251384, U2 - Qv_upper = 0.244423
eta = 0.7387, interval_left = 0.5197, interval_right = 0.9748
Q = 0.009275, term1 = 0.030752, term2 = 0.001676
best_Q = 0.008592106401920319, final_Q = 0.009275

--- Iteration 11 ---
U1 - Qu_upper = 0.227271, U2 - Qv_upper = 0.083139
eta = 0.8529, interval_left = 0.5425, interval_right = 0.9748
Q = 0.021918, term1 = 0.035882, term2 = 0.019509
best_Q = 0.008592106401920319, final_Q = 0.021918

--- Iteration 12 ---
U1 - Qu_upper = 0.227271, U2 - Qv_upper = 0.083139
eta = 0.8590, interval_left = 0.5641, interval_right = 0.9748
Q = 0.021818, term1 = 0.035882, term2 = 0.019509
best_Q = 0.008592106401920319, final_Q = 0.021818

--- Iteration 13 ---
U1 - Qu_upper = 0.227713, U2 - Qv_upper = 0.161181
eta = 0.8046, interval_left = 0.5847, interval_right = 0.9748
Q = 0.013738, term1 = 0.035692, term2 = 0.008406
best_Q = 0.008592106401920319, final_Q = 0.013738

--- Iteration 14 ---
U1 - Qu_upper = 0.208414, U2 - Qv_upper = 0.149034
eta = 0.8121, interval_left = 0.6042, interval_right = 0.9748
Q = 0.015544, term1 = 0.040312, term2 = 0.009814
best_Q = 0.008592106401920319, final_Q = 0.015544

--- Iteration 15 ---
U1 - Qu_upper = 0.208414, U2 - Qv_upper = 0.149034
eta = 0.8203, interval_left = 0.6227, interval_right = 0.9748
Q = 0.015296, term1 = 0.040312, term2 = 0.009814
best_Q = 0.008592106401920319, final_Q = 0.015296

--- Iteration 16 ---
U1 - Qu_upper = 0.208414, U2 - Qv_upper = 0.149034
eta = 0.8280, interval_left = 0.6403, interval_right = 0.9748
Q = 0.015060, term1 = 0.040312, term2 = 0.009814
best_Q = 0.008592106401920319, final_Q = 0.015060

--- Iteration 17 ---
U1 - Qu_upper = 0.036553, U2 - Qv_upper = 0.147381
eta = 0.7068, interval_left = 0.6403, interval_right = 0.9581
Q = 0.034093, term1 = 0.092129, term2 = 0.010015
best_Q = 0.008592106401920319, final_Q = 0.034093

--- Iteration 18 ---
U1 - Qu_upper = -0.059075, U2 - Qv_upper = -0.088464
eta = 0.8308, interval_left = 0.6562, interval_right = 0.9581
Q = 0.073114, term1 = 0.132315, term2 = 0.061060
best_Q = 0.008592106401920319, final_Q = 0.073114

--- Iteration 19 ---
U1 - Qu_upper = 0.012773, U2 - Qv_upper = 0.247754
eta = 0.6710, interval_left = 0.6562, interval_right = 0.9430
Q = 0.034498, term1 = 0.101917, term2 = 0.001440
best_Q = 0.008592106401920319, final_Q = 0.034498

--- Iteration 20 ---
U1 - Qu_upper = 0.196542, U2 - Qv_upper = 0.266145
eta = 0.7780, interval_left = 0.6562, interval_right = 0.9286
Q = 0.010329, term1 = 0.043899, term2 = 0.000751
best_Q = 0.008592106401920319, final_Q = 0.010329

--- Iteration 21 ---
U1 - Qu_upper = 0.138140, U2 - Qv_upper = 0.265654
eta = 0.7494, interval_left = 0.6562, interval_right = 0.9150
Q = 0.015418, term1 = 0.059212, term2 = 0.000773
best_Q = 0.008592106401920319, final_Q = 0.015418

--- Iteration 22 ---
U1 - Qu_upper = 0.034407, U2 - Qv_upper = 0.248638
eta = 0.6876, interval_left = 0.6562, interval_right = 0.9021
Q = 0.030249, term1 = 0.093678, term2 = 0.001437
best_Q = 0.008592106401920319, final_Q = 0.030249

--- Iteration 23 ---
U1 - Qu_upper = 0.137896, U2 - Qv_upper = 0.262594
eta = 0.7408, interval_left = 0.6562, interval_right = 0.8898
Q = 0.015918, term1 = 0.059212, term2 = 0.000773
best_Q = 0.008592106401920319, final_Q = 0.015918

--- Iteration 24 ---
U1 - Qu_upper = 0.101158, U2 - Qv_upper = 0.261878
eta = 0.7213, interval_left = 0.6562, interval_right = 0.8781
Q = 0.020121, term1 = 0.070116, term2 = 0.000801
best_Q = 0.008592106401920319, final_Q = 0.020121

--- Iteration 25 ---
U1 - Qu_upper = 0.153865, U2 - Qv_upper = 0.262901
eta = 0.7381, interval_left = 0.6562, interval_right = 0.8670
Q = 0.014976, term1 = 0.055005, term2 = 0.000774
best_Q = 0.008592106401920319, final_Q = 0.014976

--- Iteration 26 ---
U1 - Qu_upper = 0.202822, U2 - Qv_upper = 0.258522
eta = 0.7489, interval_left = 0.6562, interval_right = 0.8565
Q = 0.011355, term1 = 0.042369, term2 = 0.000954
best_Q = 0.008592106401920319, final_Q = 0.011355

--- Iteration 27 ---
U1 - Qu_upper = 0.222709, U2 - Qv_upper = 0.258559
eta = 0.7489, interval_left = 0.6562, interval_right = 0.8464
Q = 0.010154, term1 = 0.037596, term2 = 0.000951
best_Q = 0.008592106401920319, final_Q = 0.010154

--- Iteration 28 ---
U1 - Qu_upper = 0.239202, U2 - Qv_upper = 0.245745
eta = 0.7500, interval_left = 0.6562, interval_right = 0.8369
Q = 0.009641, term1 = 0.033288, term2 = 0.001760
best_Q = 0.008592106401920319, final_Q = 0.009641

--- Iteration 29 ---
U1 - Qu_upper = 0.234480, U2 - Qv_upper = 0.240911
eta = 0.7453, interval_left = 0.6562, interval_right = 0.8279
Q = 0.010296, term1 = 0.034309, term2 = 0.002091
best_Q = 0.008592106401920319, final_Q = 0.010296

--- Iteration 30 ---
U1 - Qu_upper = 0.252498, U2 - Qv_upper = 0.220609
eta = 0.7478, interval_left = 0.6648, interval_right = 0.8279
Q = 0.010115, term1 = 0.030467, term2 = 0.003252
best_Q = 0.008592106401920319, final_Q = 0.010115

--- Iteration 31 ---
U1 - Qu_upper = 0.232494, U2 - Qv_upper = 0.238771
eta = 0.7452, interval_left = 0.6648, interval_right = 0.8197
Q = 0.010664, term1 = 0.035362, term2 = 0.002221
best_Q = 0.008592106401920319, final_Q = 0.010664

--- Iteration 32 ---
U1 - Qu_upper = 0.124943, U2 - Qv_upper = 0.231170
eta = 0.7191, interval_left = 0.6648, interval_right = 0.8120
Q = 0.019599, term1 = 0.063094, term2 = 0.002612
best_Q = 0.008592106401920319, final_Q = 0.019599

--- Iteration 33 ---
U1 - Qu_upper = 0.124943, U2 - Qv_upper = 0.231170
eta = 0.7164, interval_left = 0.6648, interval_right = 0.8046
Q = 0.019764, term1 = 0.063094, term2 = 0.002612
best_Q = 0.008592106401920319, final_Q = 0.019764

--- Iteration 34 ---
U1 - Qu_upper = 0.153918, U2 - Qv_upper = 0.231170
eta = 0.7207, interval_left = 0.6648, interval_right = 0.7976
Q = 0.017107, term1 = 0.054501, term2 = 0.002612
best_Q = 0.008592106401920319, final_Q = 0.017107

--- Iteration 35 ---
U1 - Qu_upper = 0.108892, U2 - Qv_upper = 0.163401
eta = 0.7179, interval_left = 0.6648, interval_right = 0.7910
Q = 0.025042, term1 = 0.067949, term2 = 0.008181
best_Q = 0.008592106401920319, final_Q = 0.025042

--- Iteration 36 ---
U1 - Qu_upper = 0.113094, U2 - Qv_upper = 0.151073
eta = 0.7188, interval_left = 0.6648, interval_right = 0.7847
Q = 0.025704, term1 = 0.066896, term2 = 0.009589
best_Q = 0.008592106401920319, final_Q = 0.025704

--- Iteration 37 ---
U1 - Qu_upper = 0.113094, U2 - Qv_upper = 0.151073
eta = 0.7161, interval_left = 0.6648, interval_right = 0.7787
Q = 0.025858, term1 = 0.066896, term2 = 0.009589
best_Q = 0.008592106401920319, final_Q = 0.025858

--- Iteration 38 ---
U1 - Qu_upper = 0.110110, U2 - Qv_upper = 0.260677
eta = 0.6986, interval_left = 0.6648, interval_right = 0.7730
Q = 0.021420, term1 = 0.067921, term2 = 0.001358
best_Q = 0.008592106401920319, final_Q = 0.021420

--- Iteration 39 ---
U1 - Qu_upper = 0.171081, U2 - Qv_upper = 0.260677
eta = 0.7076, interval_left = 0.6648, interval_right = 0.7676
Q = 0.015645, term1 = 0.050229, term2 = 0.001358
best_Q = 0.008592106401920319, final_Q = 0.015645

--- Iteration 40 ---
U1 - Qu_upper = 0.163330, U2 - Qv_upper = 0.253677
eta = 0.7050, interval_left = 0.6648, interval_right = 0.7624
Q = 0.016495, term1 = 0.052685, term2 = 0.001355
best_Q = 0.008592106401920319, final_Q = 0.016495

--- Iteration 41 ---
U1 - Qu_upper = 0.138302, U2 - Qv_upper = 0.260677
eta = 0.6986, interval_left = 0.6648, interval_right = 0.7576
Q = 0.018950, term1 = 0.059732, term2 = 0.001358
best_Q = 0.008592106401920319, final_Q = 0.018950

--- Iteration 42 ---
U1 - Qu_upper = 0.119425, U2 - Qv_upper = 0.102717
eta = 0.7146, interval_left = 0.6694, interval_right = 0.7576
Q = 0.030446, term1 = 0.065606, term2 = 0.016407
best_Q = 0.008592106401920319, final_Q = 0.030446

--- Iteration 43 ---
U1 - Qu_upper = 0.145913, U2 - Qv_upper = 0.269986
eta = 0.7003, interval_left = 0.6694, interval_right = 0.7531
Q = 0.017934, term1 = 0.057446, term2 = 0.001027
best_Q = 0.008592106401920319, final_Q = 0.017934

--- Iteration 44 ---
U1 - Qu_upper = 0.149760, U2 - Qv_upper = 0.280657
eta = 0.6985, interval_left = 0.6694, interval_right = 0.7490
Q = 0.017513, term1 = 0.056207, term2 = 0.000815
best_Q = 0.008592106401920319, final_Q = 0.017513

--- Iteration 45 ---
U1 - Qu_upper = 0.177538, U2 - Qv_upper = 0.276177
eta = 0.7005, interval_left = 0.6694, interval_right = 0.7450
Q = 0.015074, term1 = 0.048914, term2 = 0.000609
best_Q = 0.008592106401920319, final_Q = 0.015074

--- Iteration 46 ---
U1 - Qu_upper = 0.175065, U2 - Qv_upper = 0.280323
eta = 0.6985, interval_left = 0.6694, interval_right = 0.7412
Q = 0.015274, term1 = 0.049237, term2 = 0.000611
best_Q = 0.008592106401920319, final_Q = 0.015274

--- Iteration 47 ---
U1 - Qu_upper = 0.139918, U2 - Qv_upper = 0.280323
eta = 0.6933, interval_left = 0.6694, interval_right = 0.7376
Q = 0.018511, term1 = 0.058977, term2 = 0.000611
best_Q = 0.008592106401920319, final_Q = 0.018511

--- Iteration 48 ---
U1 - Qu_upper = 0.141414, U2 - Qv_upper = 0.277312
eta = 0.6924, interval_left = 0.6694, interval_right = 0.7342
Q = 0.018311, term1 = 0.058447, term2 = 0.000485
best_Q = 0.008592106401920319, final_Q = 0.018311

--- Iteration 49 ---
U1 - Qu_upper = 0.141414, U2 - Qv_upper = 0.277312
eta = 0.6913, interval_left = 0.6694, interval_right = 0.7310
Q = 0.018378, term1 = 0.058447, term2 = 0.000485
best_Q = 0.008592106401920319, final_Q = 0.018378

--- Iteration 50 ---
U1 - Qu_upper = 0.109303, U2 - Qv_upper = 0.280323
eta = 0.6867, interval_left = 0.6694, interval_right = 0.7279
Q = 0.021847, term1 = 0.068386, term2 = 0.000611
best_Q = 0.008592106401920319, final_Q = 0.021847

--- Iteration 51 ---
U1 - Qu_upper = 0.131354, U2 - Qv_upper = 0.279251
eta = 0.6881, interval_left = 0.6694, interval_right = 0.7250
Q = 0.019737, term1 = 0.061890, term2 = 0.000631
best_Q = 0.008592106401920319, final_Q = 0.019737

--- Iteration 52 ---
U1 - Qu_upper = 0.143138, U2 - Qv_upper = 0.282277
eta = 0.6881, interval_left = 0.6694, interval_right = 0.7222
Q = 0.018449, term1 = 0.058043, term2 = 0.000502
best_Q = 0.008592106401920319, final_Q = 0.018449

--- Iteration 53 ---
U1 - Qu_upper = 0.141178, U2 - Qv_upper = 0.274911
eta = 0.6873, interval_left = 0.6694, interval_right = 0.7195
Q = 0.018676, term1 = 0.058345, term2 = 0.000629
best_Q = 0.008592106401920319, final_Q = 0.018676

--- Iteration 54 ---
U1 - Qu_upper = 0.111704, U2 - Qv_upper = 0.280822
eta = 0.6837, interval_left = 0.6694, interval_right = 0.7170
Q = 0.021888, term1 = 0.068063, term2 = 0.000524
best_Q = 0.008592106401920319, final_Q = 0.021888

--- Iteration 55 ---
U1 - Qu_upper = 0.161831, U2 - Qv_upper = 0.277837
eta = 0.6869, interval_left = 0.6694, interval_right = 0.7147
Q = 0.017170, term1 = 0.053459, term2 = 0.000631
best_Q = 0.008592106401920319, final_Q = 0.017170

--- Iteration 56 ---
U1 - Qu_upper = 0.156807, U2 - Qv_upper = 0.271139
eta = 0.6860, interval_left = 0.6694, interval_right = 0.7124
Q = 0.017730, term1 = 0.054630, term2 = 0.000840
best_Q = 0.008592106401920319, final_Q = 0.017730

--- Iteration 57 ---
U1 - Qu_upper = 0.143815, U2 - Qv_upper = 0.104662
eta = 0.6943, interval_left = 0.6716, interval_right = 0.7124
Q = 0.028832, term1 = 0.058479, term2 = 0.015778
best_Q = 0.008592106401920319, final_Q = 0.028832

--- Iteration 58 ---
U1 - Qu_upper = 0.200070, U2 - Qv_upper = 0.269239
eta = 0.6890, interval_left = 0.6716, interval_right = 0.7104
Q = 0.014011, term1 = 0.043186, term2 = 0.000840
best_Q = 0.008592106401920319, final_Q = 0.014011

--- Iteration 59 ---
U1 - Qu_upper = 0.188330, U2 - Qv_upper = 0.275687
eta = 0.6873, interval_left = 0.6716, interval_right = 0.7084
Q = 0.014963, term1 = 0.046415, term2 = 0.000653
best_Q = 0.008592106401920319, final_Q = 0.014963

--- Iteration 60 ---
U1 - Qu_upper = 0.182492, U2 - Qv_upper = 0.276917
eta = 0.6862, interval_left = 0.6716, interval_right = 0.7066
Q = 0.015621, term1 = 0.048403, term2 = 0.000630
best_Q = 0.008592106401920319, final_Q = 0.015621

--- Iteration 61 ---
U1 - Qu_upper = 0.150106, U2 - Qv_upper = 0.165675
eta = 0.6882, interval_left = 0.6716, interval_right = 0.7048
Q = 0.022949, term1 = 0.056702, term2 = 0.007657
best_Q = 0.008592106401920319, final_Q = 0.022949

--- Iteration 62 ---
U1 - Qu_upper = 0.194761, U2 - Qv_upper = 0.274243
eta = 0.6854, interval_left = 0.6716, interval_right = 0.7032
Q = 0.014676, term1 = 0.045236, term2 = 0.000647
best_Q = 0.008592106401920319, final_Q = 0.014676

--- Iteration 63 ---
U1 - Qu_upper = 0.194449, U2 - Qv_upper = 0.273532
eta = 0.6847, interval_left = 0.6716, interval_right = 0.7016
Q = 0.014692, term1 = 0.045135, term2 = 0.000672
best_Q = 0.008592106401920319, final_Q = 0.014692

--- Iteration 64 ---
U1 - Qu_upper = 0.155431, U2 - Qv_upper = 0.086795
eta = 0.6908, interval_left = 0.6731, interval_right = 0.7016
Q = 0.029853, term1 = 0.054934, term2 = 0.018628
best_Q = 0.008592106401920319, final_Q = 0.029853

--- Iteration 65 ---
U1 - Qu_upper = 0.187855, U2 - Qv_upper = 0.270020
eta = 0.6848, interval_left = 0.6731, interval_right = 0.7001
Q = 0.015197, term1 = 0.046808, term2 = 0.000644
best_Q = 0.008592106401920319, final_Q = 0.015197

--- Iteration 66 ---
U1 - Qu_upper = 0.188476, U2 - Qv_upper = 0.234112
eta = 0.6851, interval_left = 0.6731, interval_right = 0.6988
Q = 0.016034, term1 = 0.046346, term2 = 0.002104
best_Q = 0.008592106401920319, final_Q = 0.016034

--- Iteration 67 ---
U1 - Qu_upper = 0.187855, U2 - Qv_upper = 0.270020
eta = 0.6836, interval_left = 0.6731, interval_right = 0.6975
Q = 0.015249, term1 = 0.046808, term2 = 0.000644
best_Q = 0.008592106401920319, final_Q = 0.015249

--- Iteration 68 ---
U1 - Qu_upper = 0.109849, U2 - Qv_upper = 0.153053
eta = 0.6833, interval_left = 0.6731, interval_right = 0.6963
Q = 0.027915, term1 = 0.068544, term2 = 0.009081
best_Q = 0.008592106401920319, final_Q = 0.027915

--- Iteration 69 ---
U1 - Qu_upper = 0.120296, U2 - Qv_upper = 0.269602
eta = 0.6802, interval_left = 0.6731, interval_right = 0.6951
Q = 0.021318, term1 = 0.065241, term2 = 0.000669
best_Q = 0.008592106401920319, final_Q = 0.021318

--- Iteration 70 ---
U1 - Qu_upper = 0.120490, U2 - Qv_upper = 0.153923
eta = 0.6827, interval_left = 0.6731, interval_right = 0.6940
Q = 0.027011, term1 = 0.065583, term2 = 0.009087
best_Q = 0.008592106401920319, final_Q = 0.027011

--- Iteration 71 ---
U1 - Qu_upper = 0.039574, U2 - Qv_upper = 0.028122
eta = 0.6853, interval_left = 0.6741, interval_right = 0.6940
Q = 0.049835, term1 = 0.092772, term2 = 0.030119
best_Q = 0.008592106401920319, final_Q = 0.049835

--- Iteration 72 ---
U1 - Qu_upper = 0.080090, U2 - Qv_upper = 0.274236
eta = 0.6786, interval_left = 0.6741, interval_right = 0.6930
Q = 0.025795, term1 = 0.078835, term2 = 0.000675
best_Q = 0.008592106401920319, final_Q = 0.025795

--- Iteration 73 ---
U1 - Qu_upper = 0.080090, U2 - Qv_upper = 0.274236
eta = 0.6784, interval_left = 0.6741, interval_right = 0.6921
Q = 0.025813, term1 = 0.078835, term2 = 0.000675
best_Q = 0.008592106401920319, final_Q = 0.025813

--- Iteration 74 ---
U1 - Qu_upper = 0.076908, U2 - Qv_upper = 0.165774
eta = 0.6798, interval_left = 0.6741, interval_right = 0.6912
Q = 0.030722, term1 = 0.079631, term2 = 0.007686
best_Q = 0.008592106401920319, final_Q = 0.030722

--- Iteration 75 ---
U1 - Qu_upper = 0.131527, U2 - Qv_upper = 0.153246
eta = 0.6820, interval_left = 0.6741, interval_right = 0.6903
Q = 0.025860, term1 = 0.061818, term2 = 0.009094
best_Q = 0.008592106401920319, final_Q = 0.025860

--- Iteration 76 ---
U1 - Qu_upper = 0.034385, U2 - Qv_upper = 0.274088
eta = 0.6759, interval_left = 0.6741, interval_right = 0.6895
Q = 0.031226, term1 = 0.094931, term2 = 0.000681
best_Q = 0.008592106401920319, final_Q = 0.031226

--- Iteration 77 ---
U1 - Qu_upper = 0.034385, U2 - Qv_upper = 0.274088
eta = 0.6758, interval_left = 0.6741, interval_right = 0.6887
Q = 0.031235, term1 = 0.094931, term2 = 0.000681
best_Q = 0.008592106401920319, final_Q = 0.031235

--- Iteration 78 ---
U1 - Qu_upper = 0.138682, U2 - Qv_upper = 0.234757
eta = 0.6795, interval_left = 0.6741, interval_right = 0.6880
Q = 0.020596, term1 = 0.059780, term2 = 0.002117
best_Q = 0.008592106401920319, final_Q = 0.020596

--- Iteration 79 ---
U1 - Qu_upper = 0.181197, U2 - Qv_upper = 0.140102
eta = 0.6819, interval_left = 0.6748, interval_right = 0.6880
Q = 0.022536, term1 = 0.047754, term2 = 0.010774
best_Q = 0.008592106401920319, final_Q = 0.022536

--- Iteration 80 ---
U1 - Qu_upper = 0.123494, U2 - Qv_upper = 0.234812
eta = 0.6794, interval_left = 0.6748, interval_right = 0.6874
Q = 0.022005, term1 = 0.064155, term2 = 0.002110
best_Q = 0.008592106401920319, final_Q = 0.022005

--- Iteration 81 ---
U1 - Qu_upper = 0.118383, U2 - Qv_upper = 0.274935
eta = 0.6786, interval_left = 0.6748, interval_right = 0.6867
Q = 0.021529, term1 = 0.065609, term2 = 0.000650
best_Q = 0.008592106401920319, final_Q = 0.021529

--- Iteration 82 ---
U1 - Qu_upper = 0.162739, U2 - Qv_upper = 0.273745
eta = 0.6792, interval_left = 0.6748, interval_right = 0.6861
Q = 0.017253, term1 = 0.052696, term2 = 0.000516
best_Q = 0.008592106401920319, final_Q = 0.017253

--- Iteration 83 ---
U1 - Qu_upper = 0.168071, U2 - Qv_upper = 0.267148
eta = 0.6792, interval_left = 0.6748, interval_right = 0.6856
Q = 0.016964, term1 = 0.051315, term2 = 0.000737
best_Q = 0.008592106401920319, final_Q = 0.016964

--- Iteration 84 ---
U1 - Qu_upper = 0.158131, U2 - Qv_upper = 0.235690
eta = 0.6791, interval_left = 0.6748, interval_right = 0.6850
Q = 0.018691, term1 = 0.053890, term2 = 0.002059
best_Q = 0.008592106401920319, final_Q = 0.018691

--- Iteration 85 ---
U1 - Qu_upper = 0.150602, U2 - Qv_upper = 0.152933
eta = 0.6799, interval_left = 0.6748, interval_right = 0.6845
Q = 0.024098, term1 = 0.056088, term2 = 0.009036
best_Q = 0.008592106401920319, final_Q = 0.024098

--- Iteration 86 ---
U1 - Qu_upper = 0.146685, U2 - Qv_upper = 0.264994
eta = 0.6783, interval_left = 0.6748, interval_right = 0.6840
Q = 0.018943, term1 = 0.057181, term2 = 0.000804
best_Q = 0.008592106401920319, final_Q = 0.018943

--- Iteration 87 ---
U1 - Qu_upper = 0.149688, U2 - Qv_upper = 0.258815
eta = 0.6782, interval_left = 0.6748, interval_right = 0.6836
Q = 0.018862, term1 = 0.056413, term2 = 0.001042
best_Q = 0.008592106401920319, final_Q = 0.018862

--- Iteration 88 ---
U1 - Qu_upper = 0.146685, U2 - Qv_upper = 0.264994
eta = 0.6779, interval_left = 0.6748, interval_right = 0.6831
Q = 0.018962, term1 = 0.057181, term2 = 0.000804
best_Q = 0.008592106401920319, final_Q = 0.018962

--- Iteration 89 ---
U1 - Qu_upper = 0.162286, U2 - Qv_upper = 0.150951
eta = 0.6791, interval_left = 0.6752, interval_right = 0.6831
Q = 0.023294, term1 = 0.052964, term2 = 0.009274
best_Q = 0.008592106401920319, final_Q = 0.023294

--- Iteration 90 ---
U1 - Qu_upper = 0.162286, U2 - Qv_upper = 0.150951
eta = 0.6793, interval_left = 0.6756, interval_right = 0.6831
Q = 0.023285, term1 = 0.052964, term2 = 0.009274
best_Q = 0.008592106401920319, final_Q = 0.023285

--- Iteration 91 ---
U1 - Qu_upper = 0.168493, U2 - Qv_upper = 0.230690
eta = 0.6788, interval_left = 0.6756, interval_right = 0.6828
Q = 0.017865, term1 = 0.050763, term2 = 0.002297
best_Q = 0.008592106401920319, final_Q = 0.017865

--- Iteration 92 ---
U1 - Qu_upper = 0.158769, U2 - Qv_upper = 0.264920
eta = 0.6783, interval_left = 0.6756, interval_right = 0.6824
Q = 0.017858, term1 = 0.053808, term2 = 0.000807
best_Q = 0.008592106401920319, final_Q = 0.017858

--- Iteration 93 ---
U1 - Qu_upper = 0.162234, U2 - Qv_upper = 0.150760
eta = 0.6791, interval_left = 0.6760, interval_right = 0.6824
Q = 0.023293, term1 = 0.052964, term2 = 0.009274
best_Q = 0.008592106401920319, final_Q = 0.023293

--- Iteration 94 ---
U1 - Qu_upper = 0.169604, U2 - Qv_upper = 0.230474
eta = 0.6787, interval_left = 0.6760, interval_right = 0.6821
Q = 0.017870, term1 = 0.050763, term2 = 0.002297
best_Q = 0.008592106401920319, final_Q = 0.017870

--- Iteration 95 ---
U1 - Qu_upper = 0.158769, U2 - Qv_upper = 0.264920
eta = 0.6782, interval_left = 0.6760, interval_right = 0.6818
Q = 0.017860, term1 = 0.053808, term2 = 0.000807
best_Q = 0.008592106401920319, final_Q = 0.017860

--- Iteration 96 ---
U1 - Qu_upper = 0.158769, U2 - Qv_upper = 0.264920
eta = 0.6781, interval_left = 0.6760, interval_right = 0.6815
Q = 0.017866, term1 = 0.053808, term2 = 0.000807
best_Q = 0.008592106401920319, final_Q = 0.017866

--- Iteration 97 ---
U1 - Qu_upper = 0.103650, U2 - Qv_upper = 0.163060
eta = 0.6781, interval_left = 0.6760, interval_right = 0.6812
Q = 0.027797, term1 = 0.069784, term2 = 0.007866
best_Q = 0.008592106401920319, final_Q = 0.027797

--- Iteration 98 ---
U1 - Qu_upper = 0.158769, U2 - Qv_upper = 0.264920
eta = 0.6779, interval_left = 0.6760, interval_right = 0.6809
Q = 0.017878, term1 = 0.053808, term2 = 0.000807
best_Q = 0.008592106401920319, final_Q = 0.017878

--- Iteration 99 ---
U1 - Qu_upper = 0.148615, U2 - Qv_upper = 0.258353
eta = 0.6778, interval_left = 0.6760, interval_right = 0.6807
Q = 0.018884, term1 = 0.056413, term2 = 0.001042
best_Q = 0.008592106401920319, final_Q = 0.018884
Optimization End
📁 Visualization directory ensured: /work3/s232263/DCE_Results/german_credit/MLP/DCE_u1=0.5,u2=0.3,l=0.2,r=1.0,mi=100,tk=1,nt=10/cone_all_Bayesian_cs=1.2,ct=0.1,temp=2.0/seed_42_20250805_012906/visualizations
Model saved to: /work3/s232263/DCE_Results/german_credit/MLP/DCE_u1=0.5,u2=0.3,l=0.2,r=1.0,mi=100,tk=1,nt=10/cone_all_Bayesian_cs=1.2,ct=0.1,temp=2.0/seed_42_20250805_012906/model.pkl
Best results saved to: /work3/s232263/DCE_Results/german_credit/MLP/DCE_u1=0.5,u2=0.3,l=0.2,r=1.0,mi=100,tk=1,nt=10/cone_all_Bayesian_cs=1.2,ct=0.1,temp=2.0/seed_42_20250805_012906
Final results saved to: /work3/s232263/DCE_Results/german_credit/MLP/DCE_u1=0.5,u2=0.3,l=0.2,r=1.0,mi=100,tk=1,nt=10/cone_all_Bayesian_cs=1.2,ct=0.1,temp=2.0/seed_42_20250805_012906
Optimization log saved to: /work3/s232263/DCE_Results/german_credit/MLP/DCE_u1=0.5,u2=0.3,l=0.2,r=1.0,mi=100,tk=1,nt=10/cone_all_Bayesian_cs=1.2,ct=0.1,temp=2.0/seed_42_20250805_012906
All results successfully saved to: /work3/s232263/DCE_Results/german_credit/MLP/DCE_u1=0.5,u2=0.3,l=0.2,r=1.0,mi=100,tk=1,nt=10/cone_all_Bayesian_cs=1.2,ct=0.1,temp=2.0/seed_42_20250805_012906
Visualizations will be saved to: /work3/s232263/DCE_Results/german_credit/MLP/DCE_u1=0.5,u2=0.3,l=0.2,r=1.0,mi=100,tk=1,nt=10/cone_all_Bayesian_cs=1.2,ct=0.1,temp=2.0/seed_42_20250805_012906/visualizations
✅ DCE explanation completed!
🎯 Best Q: 0.008592
📊 Final Q: 0.018884
🎉 Found feasible solution: True
💾 Results saved to: /work3/s232263/DCE_Results/german_credit/MLP/DCE_u1=0.5,u2=0.3,l=0.2,r=1.0,mi=100,tk=1,nt=10/cone_all_Bayesian_cs=1.2,ct=0.1,temp=2.0/seed_42_20250805_012906
📊 Calculating metrics...
✅ Data processed for metrics calculation
   Coverage Rate: 0.800
   MMD: 0.006
   OT Distance: 0.0232
   Percentile Differences:
     0-15%: 14.962%
     15-30%: 7.419%
     30-70%: 34.476%
     70-85%: 333.145%
     85-100%: 58.761%
   AReS Cost: 4.363
💾 Metrics saved to: /work3/s232263/DCE_Results/german_credit/MLP/DCE_u1=0.5,u2=0.3,l=0.2,r=1.0,mi=100,tk=1,nt=10/cone_all_Bayesian_cs=1.2,ct=0.1,temp=2.0/seed_42_20250805_012906/metrics_summary.json

============================================================
🎲 Running experiment: differential_evolution (alias: de_demo)
============================================================
🎯 Creating strategy: differential_evolution (alias: de_demo)
🧭 Full cone sampling mode (both categorical and continuous)
📐 Cone angle: 45.0° (0.785 rad)
🚀 Starting DCE explanation...
📍 Using original factual data as starting point (X_init=False)
Results will be saved to: /work3/s232263/DCE_Results/german_credit/MLP/DCE_u1=0.5,u2=0.3,l=0.2,r=1.0,mi=100,tk=1,nt=10/cone_all_DifferentialEvolution_F=0.5,CR=0.9,cs=1.2,ct=0.1,temp=2.0/seed_42_20250805_015538
📁 Initial data saved:
   - x_true.csv: (50, 9)
   - y_true.csv: (50, 1)
   - y_target.csv: (50,)
Training Start
Optimization Start

--- Iteration 0 ---
U1 - Qu_upper = 0.500000, U2 - Qv_upper = 0.001516
eta = 0.9976, interval_left = 0.2400, interval_right = 1.0000
Q = 0.036948, term1 = 0.000000, term2 = 0.037037
🌟 New best Q found: 0.036948 at iter 0
best_Q = 0.03694779798388481, final_Q = 0.036948

--- Iteration 1 ---
U1 - Qu_upper = 0.482660, U2 - Qv_upper = 0.038464
eta = 0.9439, interval_left = 0.2780, interval_right = 1.0000
Q = 0.026810, term1 = 0.002094, term2 = 0.028279
🌟 New best Q found: 0.026810 at iter 1
best_Q = 0.02681008353829384, final_Q = 0.026810

--- Iteration 2 ---
U1 - Qu_upper = 0.466213, U2 - Qv_upper = 0.082408
eta = 0.8915, interval_left = 0.3141, interval_right = 1.0000
Q = 0.017829, term1 = 0.002780, term2 = 0.019659
🌟 New best Q found: 0.017829 at iter 2
best_Q = 0.017828846350312233, final_Q = 0.017829

--- Iteration 3 ---
U1 - Qu_upper = 0.449358, U2 - Qv_upper = 0.141725
eta = 0.8355, interval_left = 0.3484, interval_right = 1.0000
Q = 0.009722, term1 = 0.004534, term2 = 0.010743
🌟 New best Q found: 0.009722 at iter 3
best_Q = 0.009721624664962292, final_Q = 0.009722

--- Iteration 4 ---
U1 - Qu_upper = 0.424890, U2 - Qv_upper = 0.201430
eta = 0.7904, interval_left = 0.3810, interval_right = 1.0000
Q = 0.004951, term1 = 0.006616, term2 = 0.004510
🌟 New best Q found: 0.004951 at iter 4
best_Q = 0.004951155744493008, final_Q = 0.004951

--- Iteration 5 ---
U1 - Qu_upper = 0.387159, U2 - Qv_upper = 0.254876
eta = 0.7543, interval_left = 0.4119, interval_right = 1.0000
Q = 0.003342, term1 = 0.009418, term2 = 0.001362
🌟 New best Q found: 0.003342 at iter 5
best_Q = 0.0033419406972825527, final_Q = 0.003342

--- Iteration 6 ---
U1 - Qu_upper = 0.386263, U2 - Qv_upper = 0.283018
eta = 0.7513, interval_left = 0.4413, interval_right = 1.0000
Q = 0.002762, term1 = 0.009783, term2 = 0.000438
🌟 New best Q found: 0.002762 at iter 6
best_Q = 0.0027615204453468323, final_Q = 0.002762

--- Iteration 7 ---
U1 - Qu_upper = 0.386263, U2 - Qv_upper = 0.283018
eta = 0.7638, interval_left = 0.4693, interval_right = 1.0000
Q = 0.002645, term1 = 0.009783, term2 = 0.000438
🌟 New best Q found: 0.002645 at iter 7
best_Q = 0.0026453244499862194, final_Q = 0.002645

--- Iteration 8 ---
U1 - Qu_upper = 0.386263, U2 - Qv_upper = 0.283018
eta = 0.7756, interval_left = 0.4958, interval_right = 1.0000
Q = 0.002535, term1 = 0.009783, term2 = 0.000438
🌟 New best Q found: 0.002535 at iter 8
best_Q = 0.002534938044846058, final_Q = 0.002535

--- Iteration 9 ---
U1 - Qu_upper = 0.386263, U2 - Qv_upper = 0.283018
eta = 0.7868, interval_left = 0.5210, interval_right = 1.0000
Q = 0.002430, term1 = 0.009783, term2 = 0.000438
🌟 New best Q found: 0.002430 at iter 9
best_Q = 0.0024300713557749987, final_Q = 0.002430

--- Iteration 10 ---
U1 - Qu_upper = 0.386263, U2 - Qv_upper = 0.283018
eta = 0.7975, interval_left = 0.5450, interval_right = 1.0000
Q = 0.002330, term1 = 0.009783, term2 = 0.000438
🌟 New best Q found: 0.002330 at iter 10
best_Q = 0.0023304475471377373, final_Q = 0.002330

--- Iteration 11 ---
U1 - Qu_upper = 0.386263, U2 - Qv_upper = 0.283018
eta = 0.8076, interval_left = 0.5677, interval_right = 1.0000
Q = 0.002236, term1 = 0.009783, term2 = 0.000438
🌟 New best Q found: 0.002236 at iter 11
best_Q = 0.0022358051501214504, final_Q = 0.002236

--- Iteration 12 ---
U1 - Qu_upper = 0.386263, U2 - Qv_upper = 0.283018
eta = 0.8172, interval_left = 0.5893, interval_right = 1.0000
Q = 0.002146, term1 = 0.009783, term2 = 0.000438
🌟 New best Q found: 0.002146 at iter 12
best_Q = 0.002145894803106785, final_Q = 0.002146

--- Iteration 13 ---
U1 - Qu_upper = 0.386263, U2 - Qv_upper = 0.283018
eta = 0.8263, interval_left = 0.6099, interval_right = 1.0000
Q = 0.002060, term1 = 0.009783, term2 = 0.000438
🌟 New best Q found: 0.002060 at iter 13
best_Q = 0.002060479950159788, final_Q = 0.002060

--- Iteration 14 ---
U1 - Qu_upper = 0.386263, U2 - Qv_upper = 0.283018
eta = 0.8350, interval_left = 0.6294, interval_right = 1.0000
Q = 0.001979, term1 = 0.009783, term2 = 0.000438
🌟 New best Q found: 0.001979 at iter 14
best_Q = 0.0019793359097093344, final_Q = 0.001979

--- Iteration 15 ---
U1 - Qu_upper = 0.386263, U2 - Qv_upper = 0.283018
eta = 0.8433, interval_left = 0.6479, interval_right = 1.0000
Q = 0.001902, term1 = 0.009783, term2 = 0.000438
🌟 New best Q found: 0.001902 at iter 15
best_Q = 0.001902249176055193, final_Q = 0.001902

--- Iteration 16 ---
U1 - Qu_upper = 0.386263, U2 - Qv_upper = 0.283018
eta = 0.8511, interval_left = 0.6655, interval_right = 1.0000
Q = 0.001829, term1 = 0.009783, term2 = 0.000438
🌟 New best Q found: 0.001829 at iter 16
best_Q = 0.0018290166044607759, final_Q = 0.001829

--- Iteration 17 ---
U1 - Qu_upper = 0.386263, U2 - Qv_upper = 0.283018
eta = 0.8586, interval_left = 0.6822, interval_right = 1.0000
Q = 0.001759, term1 = 0.009783, term2 = 0.000438
🌟 New best Q found: 0.001759 at iter 17
best_Q = 0.0017594456439837813, final_Q = 0.001759

--- Iteration 18 ---
U1 - Qu_upper = 0.386263, U2 - Qv_upper = 0.283018
eta = 0.8656, interval_left = 0.6981, interval_right = 1.0000
Q = 0.001693, term1 = 0.009783, term2 = 0.000438
🌟 New best Q found: 0.001693 at iter 18
best_Q = 0.0016933532897382975, final_Q = 0.001693

--- Iteration 19 ---
U1 - Qu_upper = 0.386263, U2 - Qv_upper = 0.283018
eta = 0.8723, interval_left = 0.7132, interval_right = 1.0000
Q = 0.001631, term1 = 0.009783, term2 = 0.000438
🌟 New best Q found: 0.001631 at iter 19
best_Q = 0.0016305656172335148, final_Q = 0.001631

--- Iteration 20 ---
U1 - Qu_upper = 0.386263, U2 - Qv_upper = 0.283018
eta = 0.8787, interval_left = 0.7276, interval_right = 1.0000
Q = 0.001571, term1 = 0.009783, term2 = 0.000438
🌟 New best Q found: 0.001571 at iter 20
best_Q = 0.0015709172002971172, final_Q = 0.001571

--- Iteration 21 ---
U1 - Qu_upper = 0.386263, U2 - Qv_upper = 0.283018
eta = 0.8848, interval_left = 0.7412, interval_right = 1.0000
Q = 0.001514, term1 = 0.009783, term2 = 0.000438
🌟 New best Q found: 0.001514 at iter 21
best_Q = 0.0015142513439059258, final_Q = 0.001514

--- Iteration 22 ---
U1 - Qu_upper = 0.386263, U2 - Qv_upper = 0.283018
eta = 0.8906, interval_left = 0.7541, interval_right = 1.0000
Q = 0.001460, term1 = 0.009783, term2 = 0.000438
🌟 New best Q found: 0.001460 at iter 22
best_Q = 0.0014604185707867146, final_Q = 0.001460

--- Iteration 23 ---
U1 - Qu_upper = 0.386263, U2 - Qv_upper = 0.283018
eta = 0.8960, interval_left = 0.7664, interval_right = 1.0000
Q = 0.001409, term1 = 0.009783, term2 = 0.000438
🌟 New best Q found: 0.001409 at iter 23
best_Q = 0.0014092776691541076, final_Q = 0.001409

--- Iteration 24 ---
U1 - Qu_upper = 0.386263, U2 - Qv_upper = 0.283018
eta = 0.9012, interval_left = 0.7781, interval_right = 1.0000
Q = 0.001361, term1 = 0.009783, term2 = 0.000438
🌟 New best Q found: 0.001361 at iter 24
best_Q = 0.0013606937136501074, final_Q = 0.001361

--- Iteration 25 ---
U1 - Qu_upper = 0.386263, U2 - Qv_upper = 0.283018
eta = 0.9062, interval_left = 0.7892, interval_right = 1.0000
Q = 0.001315, term1 = 0.009783, term2 = 0.000438
🌟 New best Q found: 0.001315 at iter 25
best_Q = 0.0013145389966666698, final_Q = 0.001315

--- Iteration 26 ---
U1 - Qu_upper = 0.386263, U2 - Qv_upper = 0.283018
eta = 0.9109, interval_left = 0.7997, interval_right = 1.0000
Q = 0.001271, term1 = 0.009783, term2 = 0.000438
🌟 New best Q found: 0.001271 at iter 26
best_Q = 0.0012706920970231295, final_Q = 0.001271

--- Iteration 27 ---
U1 - Qu_upper = 0.386263, U2 - Qv_upper = 0.283018
eta = 0.9153, interval_left = 0.8097, interval_right = 1.0000
Q = 0.001229, term1 = 0.009783, term2 = 0.000438
🌟 New best Q found: 0.001229 at iter 27
best_Q = 0.0012290372978895903, final_Q = 0.001229

--- Iteration 28 ---
U1 - Qu_upper = 0.386263, U2 - Qv_upper = 0.283018
eta = 0.9195, interval_left = 0.8193, interval_right = 1.0000
Q = 0.001189, term1 = 0.009783, term2 = 0.000438
🌟 New best Q found: 0.001189 at iter 28
best_Q = 0.0011894654016941786, final_Q = 0.001189

--- Iteration 29 ---
U1 - Qu_upper = 0.386263, U2 - Qv_upper = 0.283018
eta = 0.9236, interval_left = 0.8283, interval_right = 1.0000
Q = 0.001152, term1 = 0.009783, term2 = 0.000438
🌟 New best Q found: 0.001152 at iter 29
best_Q = 0.0011518721003085375, final_Q = 0.001152

--- Iteration 30 ---
U1 - Qu_upper = 0.386263, U2 - Qv_upper = 0.283018
eta = 0.9274, interval_left = 0.8369, interval_right = 1.0000
Q = 0.001116, term1 = 0.009783, term2 = 0.000438
🌟 New best Q found: 0.001116 at iter 30
best_Q = 0.001116158440709114, final_Q = 0.001116

--- Iteration 31 ---
U1 - Qu_upper = 0.387181, U2 - Qv_upper = 0.300000
eta = 0.9288, interval_left = 0.8450, interval_right = 1.0000
Q = 0.000961, term1 = 0.009513, term2 = 0.000306
🌟 New best Q found: 0.000961 at iter 31
best_Q = 0.0009614229202270508, final_Q = 0.000961

--- Iteration 32 ---
U1 - Qu_upper = 0.387181, U2 - Qv_upper = 0.300000
eta = 0.9323, interval_left = 0.8528, interval_right = 1.0000
Q = 0.000929, term1 = 0.009513, term2 = 0.000306
🌟 New best Q found: 0.000929 at iter 32
best_Q = 0.000928638270124793, final_Q = 0.000929

--- Iteration 33 ---
U1 - Qu_upper = 0.363417, U2 - Qv_upper = 0.300000
eta = 0.9334, interval_left = 0.8601, interval_right = 1.0000
Q = 0.000915, term1 = 0.011558, term2 = 0.000156
🌟 New best Q found: 0.000915 at iter 33
best_Q = 0.0009154098224826157, final_Q = 0.000915

--- Iteration 34 ---
U1 - Qu_upper = 0.363417, U2 - Qv_upper = 0.300000
eta = 0.9368, interval_left = 0.8671, interval_right = 1.0000
Q = 0.000877, term1 = 0.011558, term2 = 0.000156
🌟 New best Q found: 0.000877 at iter 34
best_Q = 0.0008774579036980867, final_Q = 0.000877

--- Iteration 35 ---
U1 - Qu_upper = 0.363417, U2 - Qv_upper = 0.300000
eta = 0.9399, interval_left = 0.8738, interval_right = 1.0000
Q = 0.000841, term1 = 0.011558, term2 = 0.000156
🌟 New best Q found: 0.000841 at iter 35
best_Q = 0.0008414037292823195, final_Q = 0.000841

--- Iteration 36 ---
U1 - Qu_upper = 0.363417, U2 - Qv_upper = 0.300000
eta = 0.9429, interval_left = 0.8801, interval_right = 1.0000
Q = 0.000807, term1 = 0.011558, term2 = 0.000156
🌟 New best Q found: 0.000807 at iter 36
best_Q = 0.0008071521879173815, final_Q = 0.000807

--- Iteration 37 ---
U1 - Qu_upper = 0.363417, U2 - Qv_upper = 0.300000
eta = 0.9458, interval_left = 0.8861, interval_right = 1.0000
Q = 0.000775, term1 = 0.011558, term2 = 0.000156
🌟 New best Q found: 0.000775 at iter 37
best_Q = 0.0007746132323518395, final_Q = 0.000775

--- Iteration 38 ---
U1 - Qu_upper = 0.363417, U2 - Qv_upper = 0.300000
eta = 0.9485, interval_left = 0.8918, interval_right = 1.0000
Q = 0.000744, term1 = 0.011558, term2 = 0.000156
🌟 New best Q found: 0.000744 at iter 38
best_Q = 0.0007437013555318117, final_Q = 0.000744

--- Iteration 39 ---
U1 - Qu_upper = 0.363417, U2 - Qv_upper = 0.300000
eta = 0.9511, interval_left = 0.8972, interval_right = 1.0000
Q = 0.000714, term1 = 0.011558, term2 = 0.000156
🌟 New best Q found: 0.000714 at iter 39
best_Q = 0.0007143348921090364, final_Q = 0.000714

--- Iteration 40 ---
U1 - Qu_upper = 0.363417, U2 - Qv_upper = 0.300000
eta = 0.9535, interval_left = 0.9023, interval_right = 1.0000
Q = 0.000686, term1 = 0.011558, term2 = 0.000156
🌟 New best Q found: 0.000686 at iter 40
best_Q = 0.0006864368333481252, final_Q = 0.000686

--- Iteration 41 ---
U1 - Qu_upper = 0.363417, U2 - Qv_upper = 0.300000
eta = 0.9558, interval_left = 0.9072, interval_right = 1.0000
Q = 0.000660, term1 = 0.011558, term2 = 0.000156
🌟 New best Q found: 0.000660 at iter 41
best_Q = 0.0006599336629733443, final_Q = 0.000660

--- Iteration 42 ---
U1 - Qu_upper = 0.363417, U2 - Qv_upper = 0.300000
eta = 0.9580, interval_left = 0.9119, interval_right = 1.0000
Q = 0.000635, term1 = 0.011558, term2 = 0.000156
🌟 New best Q found: 0.000635 at iter 42
best_Q = 0.0006347556482069194, final_Q = 0.000635

--- Iteration 43 ---
U1 - Qu_upper = 0.363417, U2 - Qv_upper = 0.300000
eta = 0.9601, interval_left = 0.9163, interval_right = 1.0000
Q = 0.000611, term1 = 0.011558, term2 = 0.000156
🌟 New best Q found: 0.000611 at iter 43
best_Q = 0.000610836548730731, final_Q = 0.000611

--- Iteration 44 ---
U1 - Qu_upper = 0.363417, U2 - Qv_upper = 0.300000
eta = 0.9621, interval_left = 0.9204, interval_right = 1.0000
Q = 0.000588, term1 = 0.011558, term2 = 0.000156
🌟 New best Q found: 0.000588 at iter 44
best_Q = 0.0005881134420633316, final_Q = 0.000588

--- Iteration 45 ---
U1 - Qu_upper = 0.363417, U2 - Qv_upper = 0.300000
eta = 0.9640, interval_left = 0.9244, interval_right = 1.0000
Q = 0.000567, term1 = 0.011558, term2 = 0.000156
🌟 New best Q found: 0.000567 at iter 45
best_Q = 0.0005665264325216413, final_Q = 0.000567

--- Iteration 46 ---
U1 - Qu_upper = 0.363417, U2 - Qv_upper = 0.300000
eta = 0.9658, interval_left = 0.9282, interval_right = 1.0000
Q = 0.000546, term1 = 0.011558, term2 = 0.000156
🌟 New best Q found: 0.000546 at iter 46
best_Q = 0.0005460188258439302, final_Q = 0.000546

--- Iteration 47 ---
U1 - Qu_upper = 0.360678, U2 - Qv_upper = 0.300000
eta = 0.9674, interval_left = 0.9318, interval_right = 1.0000
Q = 0.000477, term1 = 0.011970, term2 = 0.000090
🌟 New best Q found: 0.000477 at iter 47
best_Q = 0.0004773224063683301, final_Q = 0.000477

--- Iteration 48 ---
U1 - Qu_upper = 0.360678, U2 - Qv_upper = 0.300000
eta = 0.9690, interval_left = 0.9352, interval_right = 1.0000
Q = 0.000458, term1 = 0.011970, term2 = 0.000090
🌟 New best Q found: 0.000458 at iter 48
best_Q = 0.00045795750338584185, final_Q = 0.000458

--- Iteration 49 ---
U1 - Qu_upper = 0.360678, U2 - Qv_upper = 0.300000
eta = 0.9706, interval_left = 0.9384, interval_right = 1.0000
Q = 0.000440, term1 = 0.011970, term2 = 0.000090
🌟 New best Q found: 0.000440 at iter 49
best_Q = 0.00043956085573881865, final_Q = 0.000440

--- Iteration 50 ---
U1 - Qu_upper = 0.360678, U2 - Qv_upper = 0.300000
eta = 0.9720, interval_left = 0.9415, interval_right = 1.0000
Q = 0.000422, term1 = 0.011970, term2 = 0.000090
🌟 New best Q found: 0.000422 at iter 50
best_Q = 0.0004220840346533805, final_Q = 0.000422

--- Iteration 51 ---
U1 - Qu_upper = 0.360678, U2 - Qv_upper = 0.300000
eta = 0.9734, interval_left = 0.9444, interval_right = 1.0000
Q = 0.000405, term1 = 0.011970, term2 = 0.000090
🌟 New best Q found: 0.000405 at iter 51
best_Q = 0.0004054810560774058, final_Q = 0.000405

--- Iteration 52 ---
U1 - Qu_upper = 0.360678, U2 - Qv_upper = 0.300000
eta = 0.9748, interval_left = 0.9472, interval_right = 1.0000
Q = 0.000390, term1 = 0.011970, term2 = 0.000090
🌟 New best Q found: 0.000390 at iter 52
best_Q = 0.000389708235161379, final_Q = 0.000390

--- Iteration 53 ---
U1 - Qu_upper = 0.360678, U2 - Qv_upper = 0.300000
eta = 0.9760, interval_left = 0.9499, interval_right = 1.0000
Q = 0.000375, term1 = 0.011970, term2 = 0.000090
🌟 New best Q found: 0.000375 at iter 53
best_Q = 0.00037472404073923826, final_Q = 0.000375

--- Iteration 54 ---
U1 - Qu_upper = 0.360678, U2 - Qv_upper = 0.300000
eta = 0.9772, interval_left = 0.9524, interval_right = 1.0000
Q = 0.000360, term1 = 0.011970, term2 = 0.000090
🌟 New best Q found: 0.000360 at iter 54
best_Q = 0.00036048906622454524, final_Q = 0.000360

--- Iteration 55 ---
U1 - Qu_upper = 0.360678, U2 - Qv_upper = 0.300000
eta = 0.9784, interval_left = 0.9548, interval_right = 1.0000
Q = 0.000347, term1 = 0.011970, term2 = 0.000090
🌟 New best Q found: 0.000347 at iter 55
best_Q = 0.0003469658549875021, final_Q = 0.000347

--- Iteration 56 ---
U1 - Qu_upper = 0.360678, U2 - Qv_upper = 0.300000
eta = 0.9795, interval_left = 0.9570, interval_right = 1.0000
Q = 0.000334, term1 = 0.011970, term2 = 0.000090
🌟 New best Q found: 0.000334 at iter 56
best_Q = 0.0003341187839396298, final_Q = 0.000334

--- Iteration 57 ---
U1 - Qu_upper = 0.360678, U2 - Qv_upper = 0.300000
eta = 0.9805, interval_left = 0.9592, interval_right = 1.0000
Q = 0.000322, term1 = 0.011970, term2 = 0.000090
🌟 New best Q found: 0.000322 at iter 57
best_Q = 0.0003219140926375985, final_Q = 0.000322

--- Iteration 58 ---
U1 - Qu_upper = 0.360678, U2 - Qv_upper = 0.300000
eta = 0.9815, interval_left = 0.9612, interval_right = 1.0000
Q = 0.000310, term1 = 0.011970, term2 = 0.000090
🌟 New best Q found: 0.000310 at iter 58
best_Q = 0.0003103195922449231, final_Q = 0.000310

--- Iteration 59 ---
U1 - Qu_upper = 0.360678, U2 - Qv_upper = 0.300000
eta = 0.9824, interval_left = 0.9631, interval_right = 1.0000
Q = 0.000299, term1 = 0.011970, term2 = 0.000090
🌟 New best Q found: 0.000299 at iter 59
best_Q = 0.0002993048692587763, final_Q = 0.000299

--- Iteration 60 ---
U1 - Qu_upper = 0.360678, U2 - Qv_upper = 0.300000
eta = 0.9833, interval_left = 0.9650, interval_right = 1.0000
Q = 0.000289, term1 = 0.011970, term2 = 0.000090
🌟 New best Q found: 0.000289 at iter 60
best_Q = 0.00028884081984870136, final_Q = 0.000289

--- Iteration 61 ---
U1 - Qu_upper = 0.360678, U2 - Qv_upper = 0.300000
eta = 0.9841, interval_left = 0.9667, interval_right = 1.0000
Q = 0.000279, term1 = 0.011970, term2 = 0.000090
🌟 New best Q found: 0.000279 at iter 61
best_Q = 0.000278900028206408, final_Q = 0.000279

--- Iteration 62 ---
U1 - Qu_upper = 0.360678, U2 - Qv_upper = 0.300000
eta = 0.9849, interval_left = 0.9684, interval_right = 1.0000
Q = 0.000269, term1 = 0.011970, term2 = 0.000090
🌟 New best Q found: 0.000269 at iter 62
best_Q = 0.00026945624267682433, final_Q = 0.000269

--- Iteration 63 ---
U1 - Qu_upper = 0.360678, U2 - Qv_upper = 0.300000
eta = 0.9857, interval_left = 0.9700, interval_right = 1.0000
Q = 0.000260, term1 = 0.011970, term2 = 0.000090
🌟 New best Q found: 0.000260 at iter 63
best_Q = 0.00026048466679640114, final_Q = 0.000260

--- Iteration 64 ---
U1 - Qu_upper = 0.360678, U2 - Qv_upper = 0.300000
eta = 0.9864, interval_left = 0.9715, interval_right = 1.0000
Q = 0.000252, term1 = 0.011970, term2 = 0.000090
🌟 New best Q found: 0.000252 at iter 64
best_Q = 0.0002519616682548076, final_Q = 0.000252

--- Iteration 65 ---
U1 - Qu_upper = 0.360678, U2 - Qv_upper = 0.300000
eta = 0.9871, interval_left = 0.9729, interval_right = 1.0000
Q = 0.000244, term1 = 0.011970, term2 = 0.000090
🌟 New best Q found: 0.000244 at iter 65
best_Q = 0.00024386480799876153, final_Q = 0.000244

--- Iteration 66 ---
U1 - Qu_upper = 0.360678, U2 - Qv_upper = 0.300000
eta = 0.9877, interval_left = 0.9743, interval_right = 1.0000
Q = 0.000236, term1 = 0.011970, term2 = 0.000090
🌟 New best Q found: 0.000236 at iter 66
best_Q = 0.0002361728111281991, final_Q = 0.000236

--- Iteration 67 ---
U1 - Qu_upper = 0.360678, U2 - Qv_upper = 0.300000
eta = 0.9883, interval_left = 0.9755, interval_right = 1.0000
Q = 0.000229, term1 = 0.011970, term2 = 0.000090
🌟 New best Q found: 0.000229 at iter 67
best_Q = 0.00022886539227329195, final_Q = 0.000229

--- Iteration 68 ---
U1 - Qu_upper = 0.360678, U2 - Qv_upper = 0.300000
eta = 0.9889, interval_left = 0.9768, interval_right = 1.0000
Q = 0.000222, term1 = 0.011970, term2 = 0.000090
🌟 New best Q found: 0.000222 at iter 68
best_Q = 0.00022192334290593863, final_Q = 0.000222

--- Iteration 69 ---
U1 - Qu_upper = 0.360678, U2 - Qv_upper = 0.300000
eta = 0.9895, interval_left = 0.9779, interval_right = 1.0000
Q = 0.000215, term1 = 0.011970, term2 = 0.000090
🌟 New best Q found: 0.000215 at iter 69
best_Q = 0.00021532841492444277, final_Q = 0.000215

--- Iteration 70 ---
U1 - Qu_upper = 0.360678, U2 - Qv_upper = 0.300000
eta = 0.9900, interval_left = 0.9790, interval_right = 1.0000
Q = 0.000209, term1 = 0.011970, term2 = 0.000090
🌟 New best Q found: 0.000209 at iter 70
best_Q = 0.00020906320423819125, final_Q = 0.000209

--- Iteration 71 ---
U1 - Qu_upper = 0.360678, U2 - Qv_upper = 0.300000
eta = 0.9905, interval_left = 0.9801, interval_right = 1.0000
Q = 0.000203, term1 = 0.011970, term2 = 0.000090
🌟 New best Q found: 0.000203 at iter 71
best_Q = 0.00020311129628680646, final_Q = 0.000203

--- Iteration 72 ---
U1 - Qu_upper = 0.360678, U2 - Qv_upper = 0.300000
eta = 0.9910, interval_left = 0.9811, interval_right = 1.0000
Q = 0.000197, term1 = 0.011970, term2 = 0.000090
🌟 New best Q found: 0.000197 at iter 72
best_Q = 0.00019745694589801133, final_Q = 0.000197

--- Iteration 73 ---
U1 - Qu_upper = 0.360678, U2 - Qv_upper = 0.300000
eta = 0.9914, interval_left = 0.9820, interval_right = 1.0000
Q = 0.000192, term1 = 0.011970, term2 = 0.000090
🌟 New best Q found: 0.000192 at iter 73
best_Q = 0.00019208533922210336, final_Q = 0.000192

--- Iteration 74 ---
U1 - Qu_upper = 0.349323, U2 - Qv_upper = 0.300000
eta = 0.9917, interval_left = 0.9829, interval_right = 1.0000
Q = 0.000176, term1 = 0.013612, term2 = 0.000063
🌟 New best Q found: 0.000176 at iter 74
best_Q = 0.0001755367557052523, final_Q = 0.000176

--- Iteration 75 ---
U1 - Qu_upper = 0.349323, U2 - Qv_upper = 0.300000
eta = 0.9921, interval_left = 0.9838, interval_right = 1.0000
Q = 0.000170, term1 = 0.013612, term2 = 0.000063
🌟 New best Q found: 0.000170 at iter 75
best_Q = 0.00016991127631627023, final_Q = 0.000170

--- Iteration 76 ---
U1 - Qu_upper = 0.346132, U2 - Qv_upper = 0.300000
eta = 0.9925, interval_left = 0.9846, interval_right = 1.0000
Q = 0.000149, term1 = 0.014095, term2 = 0.000043
🌟 New best Q found: 0.000149 at iter 76
best_Q = 0.00014890532474964857, final_Q = 0.000149

--- Iteration 77 ---
U1 - Qu_upper = 0.346132, U2 - Qv_upper = 0.300000
eta = 0.9928, interval_left = 0.9854, interval_right = 1.0000
Q = 0.000144, term1 = 0.014095, term2 = 0.000043
🌟 New best Q found: 0.000144 at iter 77
best_Q = 0.00014361357898451388, final_Q = 0.000144

--- Iteration 78 ---
U1 - Qu_upper = 0.346132, U2 - Qv_upper = 0.300000
eta = 0.9932, interval_left = 0.9861, interval_right = 1.0000
Q = 0.000139, term1 = 0.014095, term2 = 0.000043
🌟 New best Q found: 0.000139 at iter 78
best_Q = 0.00013858643069397658, final_Q = 0.000139

--- Iteration 79 ---
U1 - Qu_upper = 0.346132, U2 - Qv_upper = 0.300000
eta = 0.9935, interval_left = 0.9868, interval_right = 1.0000
Q = 0.000134, term1 = 0.014095, term2 = 0.000043
🌟 New best Q found: 0.000134 at iter 79
best_Q = 0.00013381063763517886, final_Q = 0.000134

--- Iteration 80 ---
U1 - Qu_upper = 0.346132, U2 - Qv_upper = 0.300000
eta = 0.9939, interval_left = 0.9874, interval_right = 1.0000
Q = 0.000129, term1 = 0.014095, term2 = 0.000043
🌟 New best Q found: 0.000129 at iter 80
best_Q = 0.00012927362695336342, final_Q = 0.000129

--- Iteration 81 ---
U1 - Qu_upper = 0.346132, U2 - Qv_upper = 0.300000
eta = 0.9942, interval_left = 0.9881, interval_right = 1.0000
Q = 0.000125, term1 = 0.014095, term2 = 0.000043
🌟 New best Q found: 0.000125 at iter 81
best_Q = 0.00012496346607804298, final_Q = 0.000125

--- Iteration 82 ---
U1 - Qu_upper = 0.346132, U2 - Qv_upper = 0.300000
eta = 0.9945, interval_left = 0.9887, interval_right = 1.0000
Q = 0.000121, term1 = 0.014095, term2 = 0.000043
🌟 New best Q found: 0.000121 at iter 82
best_Q = 0.00012086881179129705, final_Q = 0.000121

--- Iteration 83 ---
U1 - Qu_upper = 0.346132, U2 - Qv_upper = 0.300000
eta = 0.9947, interval_left = 0.9892, interval_right = 1.0000
Q = 0.000117, term1 = 0.014095, term2 = 0.000043
🌟 New best Q found: 0.000117 at iter 83
best_Q = 0.00011697890295181423, final_Q = 0.000117

--- Iteration 84 ---
U1 - Qu_upper = 0.346132, U2 - Qv_upper = 0.300000
eta = 0.9950, interval_left = 0.9898, interval_right = 1.0000
Q = 0.000113, term1 = 0.014095, term2 = 0.000043
🌟 New best Q found: 0.000113 at iter 84
best_Q = 0.00011328347318340093, final_Q = 0.000113

--- Iteration 85 ---
U1 - Qu_upper = 0.346132, U2 - Qv_upper = 0.300000
eta = 0.9953, interval_left = 0.9903, interval_right = 1.0000
Q = 0.000110, term1 = 0.014095, term2 = 0.000043
🌟 New best Q found: 0.000110 at iter 85
best_Q = 0.00010977282363455743, final_Q = 0.000110

--- Iteration 86 ---
U1 - Qu_upper = 0.346132, U2 - Qv_upper = 0.300000
eta = 0.9955, interval_left = 0.9908, interval_right = 1.0000
Q = 0.000106, term1 = 0.014095, term2 = 0.000043
🌟 New best Q found: 0.000106 at iter 86
best_Q = 0.00010643771383911371, final_Q = 0.000106

--- Iteration 87 ---
U1 - Qu_upper = 0.346132, U2 - Qv_upper = 0.300000
eta = 0.9957, interval_left = 0.9912, interval_right = 1.0000
Q = 0.000103, term1 = 0.014095, term2 = 0.000043
🌟 New best Q found: 0.000103 at iter 87
best_Q = 0.00010326934716431424, final_Q = 0.000103

--- Iteration 88 ---
U1 - Qu_upper = 0.346132, U2 - Qv_upper = 0.300000
eta = 0.9959, interval_left = 0.9917, interval_right = 1.0000
Q = 0.000100, term1 = 0.014095, term2 = 0.000043
🌟 New best Q found: 0.000100 at iter 88
best_Q = 0.000100259407190606, final_Q = 0.000100

--- Iteration 89 ---
U1 - Qu_upper = 0.346132, U2 - Qv_upper = 0.300000
eta = 0.9961, interval_left = 0.9921, interval_right = 1.0000
Q = 0.000097, term1 = 0.014095, term2 = 0.000043
🌟 New best Q found: 0.000097 at iter 89
best_Q = 9.739995584823191e-05, final_Q = 0.000097

--- Iteration 90 ---
U1 - Qu_upper = 0.346132, U2 - Qv_upper = 0.300000
eta = 0.9963, interval_left = 0.9925, interval_right = 1.0000
Q = 0.000095, term1 = 0.014095, term2 = 0.000043
🌟 New best Q found: 0.000095 at iter 90
best_Q = 9.468348434893414e-05, final_Q = 0.000095

--- Iteration 91 ---
U1 - Qu_upper = 0.346132, U2 - Qv_upper = 0.300000
eta = 0.9965, interval_left = 0.9929, interval_right = 1.0000
Q = 0.000092, term1 = 0.014095, term2 = 0.000043
🌟 New best Q found: 0.000092 at iter 91
best_Q = 9.210283315042034e-05, final_Q = 0.000092

--- Iteration 92 ---
U1 - Qu_upper = 0.346132, U2 - Qv_upper = 0.300000
eta = 0.9967, interval_left = 0.9932, interval_right = 1.0000
Q = 0.000090, term1 = 0.014095, term2 = 0.000043
🌟 New best Q found: 0.000090 at iter 92
best_Q = 8.965122106019408e-05, final_Q = 0.000090

--- Iteration 93 ---
U1 - Qu_upper = 0.346132, U2 - Qv_upper = 0.300000
eta = 0.9969, interval_left = 0.9936, interval_right = 1.0000
Q = 0.000087, term1 = 0.014095, term2 = 0.000043
🌟 New best Q found: 0.000087 at iter 93
best_Q = 8.732217975193635e-05, final_Q = 0.000087

--- Iteration 94 ---
U1 - Qu_upper = 0.346132, U2 - Qv_upper = 0.300000
eta = 0.9970, interval_left = 0.9939, interval_right = 1.0000
Q = 0.000085, term1 = 0.014095, term2 = 0.000043
🌟 New best Q found: 0.000085 at iter 94
best_Q = 8.510959742125124e-05, final_Q = 0.000085

--- Iteration 95 ---
U1 - Qu_upper = 0.346132, U2 - Qv_upper = 0.300000
eta = 0.9972, interval_left = 0.9942, interval_right = 1.0000
Q = 0.000083, term1 = 0.014095, term2 = 0.000043
🌟 New best Q found: 0.000083 at iter 95
best_Q = 8.300763147417456e-05, final_Q = 0.000083

--- Iteration 96 ---
U1 - Qu_upper = 0.346132, U2 - Qv_upper = 0.300000
eta = 0.9973, interval_left = 0.9945, interval_right = 1.0000
Q = 0.000081, term1 = 0.014095, term2 = 0.000043
🌟 New best Q found: 0.000081 at iter 96
best_Q = 8.101077401079237e-05, final_Q = 0.000081

--- Iteration 97 ---
U1 - Qu_upper = 0.346132, U2 - Qv_upper = 0.300000
eta = 0.9974, interval_left = 0.9948, interval_right = 1.0000
Q = 0.000079, term1 = 0.014095, term2 = 0.000043
🌟 New best Q found: 0.000079 at iter 97
best_Q = 7.911376451374963e-05, final_Q = 0.000079

--- Iteration 98 ---
U1 - Qu_upper = 0.346132, U2 - Qv_upper = 0.300000
eta = 0.9976, interval_left = 0.9950, interval_right = 1.0000
Q = 0.000077, term1 = 0.014095, term2 = 0.000043
🌟 New best Q found: 0.000077 at iter 98
best_Q = 7.731160440016538e-05, final_Q = 0.000077

--- Iteration 99 ---
U1 - Qu_upper = 0.346132, U2 - Qv_upper = 0.300000
eta = 0.9977, interval_left = 0.9953, interval_right = 1.0000
Q = 0.000076, term1 = 0.014095, term2 = 0.000043
🌟 New best Q found: 0.000076 at iter 99
best_Q = 7.559954246971756e-05, final_Q = 0.000076
Optimization End
📁 Visualization directory ensured: /work3/s232263/DCE_Results/german_credit/MLP/DCE_u1=0.5,u2=0.3,l=0.2,r=1.0,mi=100,tk=1,nt=10/cone_all_DifferentialEvolution_F=0.5,CR=0.9,cs=1.2,ct=0.1,temp=2.0/seed_42_20250805_015538/visualizations
Model saved to: /work3/s232263/DCE_Results/german_credit/MLP/DCE_u1=0.5,u2=0.3,l=0.2,r=1.0,mi=100,tk=1,nt=10/cone_all_DifferentialEvolution_F=0.5,CR=0.9,cs=1.2,ct=0.1,temp=2.0/seed_42_20250805_015538/model.pkl
Best results saved to: /work3/s232263/DCE_Results/german_credit/MLP/DCE_u1=0.5,u2=0.3,l=0.2,r=1.0,mi=100,tk=1,nt=10/cone_all_DifferentialEvolution_F=0.5,CR=0.9,cs=1.2,ct=0.1,temp=2.0/seed_42_20250805_015538
Final results saved to: /work3/s232263/DCE_Results/german_credit/MLP/DCE_u1=0.5,u2=0.3,l=0.2,r=1.0,mi=100,tk=1,nt=10/cone_all_DifferentialEvolution_F=0.5,CR=0.9,cs=1.2,ct=0.1,temp=2.0/seed_42_20250805_015538
Optimization log saved to: /work3/s232263/DCE_Results/german_credit/MLP/DCE_u1=0.5,u2=0.3,l=0.2,r=1.0,mi=100,tk=1,nt=10/cone_all_DifferentialEvolution_F=0.5,CR=0.9,cs=1.2,ct=0.1,temp=2.0/seed_42_20250805_015538
All results successfully saved to: /work3/s232263/DCE_Results/german_credit/MLP/DCE_u1=0.5,u2=0.3,l=0.2,r=1.0,mi=100,tk=1,nt=10/cone_all_DifferentialEvolution_F=0.5,CR=0.9,cs=1.2,ct=0.1,temp=2.0/seed_42_20250805_015538
Visualizations will be saved to: /work3/s232263/DCE_Results/german_credit/MLP/DCE_u1=0.5,u2=0.3,l=0.2,r=1.0,mi=100,tk=1,nt=10/cone_all_DifferentialEvolution_F=0.5,CR=0.9,cs=1.2,ct=0.1,temp=2.0/seed_42_20250805_015538/visualizations
✅ DCE explanation completed!
🎯 Best Q: 0.000076
📊 Final Q: 0.000076
🎉 Found feasible solution: True
💾 Results saved to: /work3/s232263/DCE_Results/german_credit/MLP/DCE_u1=0.5,u2=0.3,l=0.2,r=1.0,mi=100,tk=1,nt=10/cone_all_DifferentialEvolution_F=0.5,CR=0.9,cs=1.2,ct=0.1,temp=2.0/seed_42_20250805_015538
📊 Calculating metrics...
✅ Data processed for metrics calculation
   Coverage Rate: 0.800
   MMD: 0.008
   OT Distance: 0.0276
   Percentile Differences:
     0-15%: 3.263%
     15-30%: 39.078%
     30-70%: 151.502%
     70-85%: 323.611%
     85-100%: 51.180%
   AReS Cost: 5.432
💾 Metrics saved to: /work3/s232263/DCE_Results/german_credit/MLP/DCE_u1=0.5,u2=0.3,l=0.2,r=1.0,mi=100,tk=1,nt=10/cone_all_DifferentialEvolution_F=0.5,CR=0.9,cs=1.2,ct=0.1,temp=2.0/seed_42_20250805_015538/metrics_summary.json

================================================================================
📈 EXPERIMENT SUMMARY
================================================================================
🎯 Experiment: comprehensive_strategy_comparison
📊 Dataset: german_credit, Model: MLP
🎲 Seed: 42

🎯 MONTE_CARLO (mc_demo):
   Best Q: 0.000227
   Final Q: 0.001138
   Feasible: True
   Core Metrics:
     Coverage Rate: 0.800
     MMD: 0.023
     OT Distance: 0.059
     AReS Cost: 8.599

🎯 GENETIC (ga_demo):
   Best Q: 0.000078
   Final Q: 0.000100
   Feasible: True
   Core Metrics:
     Coverage Rate: 0.800
     MMD: 0.019
     OT Distance: 0.031
     AReS Cost: 7.011

🎯 SIMULATED_ANNEALING (sa_demo):
   Best Q: 0.002654
   Final Q: 0.018970
   Feasible: True
   Core Metrics:
     Coverage Rate: 0.820
     MMD: 0.010
     OT Distance: 0.024
     AReS Cost: 7.356

🎯 BAYESIAN (bo_demo):
   Best Q: 0.008592
   Final Q: 0.018884
   Feasible: True
   Core Metrics:
     Coverage Rate: 0.800
     MMD: 0.006
     OT Distance: 0.023
     AReS Cost: 4.363

🎯 DIFFERENTIAL_EVOLUTION (de_demo):
   Best Q: 0.000076
   Final Q: 0.000076
   Feasible: True
   Core Metrics:
     Coverage Rate: 0.800
     MMD: 0.008
     OT Distance: 0.028
     AReS Cost: 5.432

✅ All experiments completed!
✅ Seed 42 completed successfully!

================================================================================
🎲 SEED 2/5: 123
================================================================================

🎲 Running experiment with seed: 123
📊 Loading dataset: german_credit
✅ Training data: 800 samples
✅ Test data: 200 samples
📊 Generating explain data using method: standard
   Standard sampling: 50 samples
✅ Explanation data: 50 samples
🤖 Creating model: MLP

============================================================
🎲 Running experiment: monte_carlo (alias: mc_demo)
============================================================
🎯 Creating strategy: monte_carlo (alias: mc_demo)
🧭 Full cone sampling mode (both categorical and continuous)
📐 Cone angle: 45.0° (0.785 rad)
🚀 Starting DCE explanation...
📍 Using original factual data as starting point (X_init=False)
Results will be saved to: /work3/s232263/DCE_Results/german_credit/MLP/DCE_u1=0.5,u2=0.3,l=0.2,r=1.0,mi=100,tk=1,nt=10/cone_all_MonteCarlo_cs=1.2,ct=0.1,temp=2.0/seed_123_20250805_022306
📁 Initial data saved:
   - x_true.csv: (50, 9)
   - y_true.csv: (50, 1)
   - y_target.csv: (50,)
Training Start
Optimization Start

--- Iteration 0 ---
U1 - Qu_upper = 0.500000, U2 - Qv_upper = -0.257777
eta = 1.0000, interval_left = 0.2400, interval_right = 1.0000
Q = 0.135768, term1 = 0.000000, term2 = 0.135768
best_Q = inf, final_Q = 0.135768

--- Iteration 1 ---
U1 - Qu_upper = 0.491222, U2 - Qv_upper = -0.219875
eta = 1.0000, interval_left = 0.2780, interval_right = 1.0000
Q = 0.112661, term1 = 0.003295, term2 = 0.112661
best_Q = inf, final_Q = 0.112661

--- Iteration 2 ---
U1 - Qu_upper = 0.414172, U2 - Qv_upper = -0.166511
eta = 1.0000, interval_left = 0.3141, interval_right = 1.0000
Q = 0.089725, term1 = 0.007584, term2 = 0.089725
best_Q = inf, final_Q = 0.089725

--- Iteration 3 ---
U1 - Qu_upper = 0.406107, U2 - Qv_upper = -0.108417
eta = 1.0000, interval_left = 0.3484, interval_right = 1.0000
Q = 0.067068, term1 = 0.008769, term2 = 0.067068
best_Q = inf, final_Q = 0.067068

--- Iteration 4 ---
U1 - Qu_upper = 0.384181, U2 - Qv_upper = -0.043714
eta = 1.0000, interval_left = 0.3810, interval_right = 1.0000
Q = 0.047398, term1 = 0.010729, term2 = 0.047398
best_Q = inf, final_Q = 0.047398

--- Iteration 5 ---
U1 - Qu_upper = 0.372150, U2 - Qv_upper = 0.020144
eta = 0.9682, interval_left = 0.4119, interval_right = 1.0000
Q = 0.030829, term1 = 0.011857, term2 = 0.031452
🌟 New best Q found: 0.030829 at iter 5
best_Q = 0.030828751623630524, final_Q = 0.030829

--- Iteration 6 ---
U1 - Qu_upper = 0.371062, U2 - Qv_upper = 0.086107
eta = 0.8892, interval_left = 0.4413, interval_right = 1.0000
Q = 0.017798, term1 = 0.013068, term2 = 0.018387
🌟 New best Q found: 0.017798 at iter 6
best_Q = 0.01779829151928425, final_Q = 0.017798

--- Iteration 7 ---
U1 - Qu_upper = 0.356257, U2 - Qv_upper = 0.183714
eta = 0.8099, interval_left = 0.4693, interval_right = 1.0000
Q = 0.007215, term1 = 0.014648, term2 = 0.005470
🌟 New best Q found: 0.007215 at iter 7
best_Q = 0.007214795332401991, final_Q = 0.007215

--- Iteration 8 ---
U1 - Qu_upper = 0.363523, U2 - Qv_upper = 0.258604
eta = 0.7794, interval_left = 0.4958, interval_right = 1.0000
Q = 0.003715, term1 = 0.014338, term2 = 0.000708
🌟 New best Q found: 0.003715 at iter 8
best_Q = 0.0037152657750993967, final_Q = 0.003715

--- Iteration 9 ---
U1 - Qu_upper = 0.369753, U2 - Qv_upper = 0.280618
eta = 0.7825, interval_left = 0.5210, interval_right = 1.0000
Q = 0.003234, term1 = 0.014253, term2 = 0.000171
🌟 New best Q found: 0.003234 at iter 9
best_Q = 0.0032344087958335876, final_Q = 0.003234

--- Iteration 10 ---
U1 - Qu_upper = 0.360553, U2 - Qv_upper = 0.280618
eta = 0.7904, interval_left = 0.5450, interval_right = 1.0000
Q = 0.003328, term1 = 0.015229, term2 = 0.000171
best_Q = 0.0032344087958335876, final_Q = 0.003328

--- Iteration 11 ---
U1 - Qu_upper = 0.369900, U2 - Qv_upper = 0.280605
eta = 0.8037, interval_left = 0.5677, interval_right = 1.0000
Q = 0.002896, term1 = 0.014056, term2 = 0.000171
🌟 New best Q found: 0.002896 at iter 11
best_Q = 0.002896165242418647, final_Q = 0.002896

--- Iteration 12 ---
U1 - Qu_upper = 0.380715, U2 - Qv_upper = 0.280605
eta = 0.8166, interval_left = 0.5893, interval_right = 1.0000
Q = 0.002513, term1 = 0.012942, term2 = 0.000171
🌟 New best Q found: 0.002513 at iter 12
best_Q = 0.002513148123398423, final_Q = 0.002513

--- Iteration 13 ---
U1 - Qu_upper = 0.387441, U2 - Qv_upper = 0.280571
eta = 0.8275, interval_left = 0.6099, interval_right = 1.0000
Q = 0.002138, term1 = 0.011575, term2 = 0.000171
🌟 New best Q found: 0.002138 at iter 13
best_Q = 0.0021382418926805258, final_Q = 0.002138

--- Iteration 14 ---
U1 - Qu_upper = 0.379598, U2 - Qv_upper = 0.280400
eta = 0.8342, interval_left = 0.6294, interval_right = 1.0000
Q = 0.002236, term1 = 0.012625, term2 = 0.000172
best_Q = 0.0021382418926805258, final_Q = 0.002236

--- Iteration 15 ---
U1 - Qu_upper = 0.377332, U2 - Qv_upper = 0.280400
eta = 0.8420, interval_left = 0.6479, interval_right = 1.0000
Q = 0.002262, term1 = 0.013399, term2 = 0.000172
best_Q = 0.0021382418926805258, final_Q = 0.002262

--- Iteration 16 ---
U1 - Qu_upper = 0.385904, U2 - Qv_upper = 0.280400
eta = 0.8518, interval_left = 0.6655, interval_right = 1.0000
Q = 0.002090, term1 = 0.013119, term2 = 0.000172
🌟 New best Q found: 0.002090 at iter 16
best_Q = 0.002090038498863578, final_Q = 0.002090

--- Iteration 17 ---
U1 - Qu_upper = 0.359458, U2 - Qv_upper = 0.280233
eta = 0.8535, interval_left = 0.6822, interval_right = 1.0000
Q = 0.002389, term1 = 0.015288, term2 = 0.000174
best_Q = 0.002090038498863578, final_Q = 0.002389

--- Iteration 18 ---
U1 - Qu_upper = 0.369833, U2 - Qv_upper = 0.280170
eta = 0.8630, interval_left = 0.6981, interval_right = 1.0000
Q = 0.002104, term1 = 0.014244, term2 = 0.000177
best_Q = 0.002090038498863578, final_Q = 0.002104

--- Iteration 19 ---
U1 - Qu_upper = 0.380354, U2 - Qv_upper = 0.280254
eta = 0.8719, interval_left = 0.7132, interval_right = 1.0000
Q = 0.001767, term1 = 0.012614, term2 = 0.000174
🌟 New best Q found: 0.001767 at iter 19
best_Q = 0.001766835805028677, final_Q = 0.001767

--- Iteration 20 ---
U1 - Qu_upper = 0.387051, U2 - Qv_upper = 0.298459
eta = 0.8751, interval_left = 0.7276, interval_right = 1.0000
Q = 0.001550, term1 = 0.012296, term2 = 0.000017
🌟 New best Q found: 0.001550 at iter 20
best_Q = 0.0015500477747991681, final_Q = 0.001550

--- Iteration 21 ---
U1 - Qu_upper = 0.395532, U2 - Qv_upper = 0.300000
eta = 0.8825, interval_left = 0.7412, interval_right = 1.0000
Q = 0.001407, term1 = 0.011828, term2 = 0.000019
🌟 New best Q found: 0.001407 at iter 21
best_Q = 0.0014070295728743076, final_Q = 0.001407

--- Iteration 22 ---
U1 - Qu_upper = 0.379559, U2 - Qv_upper = 0.298912
eta = 0.8860, interval_left = 0.7541, interval_right = 1.0000
Q = 0.001448, term1 = 0.012560, term2 = 0.000018
best_Q = 0.0014070295728743076, final_Q = 0.001448

--- Iteration 23 ---
U1 - Qu_upper = 0.383253, U2 - Qv_upper = 0.299885
eta = 0.8921, interval_left = 0.7664, interval_right = 1.0000
Q = 0.001392, term1 = 0.012724, term2 = 0.000021
🌟 New best Q found: 0.001392 at iter 23
best_Q = 0.0013921742793172598, final_Q = 0.001392

--- Iteration 24 ---
U1 - Qu_upper = 0.377737, U2 - Qv_upper = 0.300000
eta = 0.8966, interval_left = 0.7781, interval_right = 1.0000
Q = 0.001410, term1 = 0.013467, term2 = 0.000020
best_Q = 0.0013921742793172598, final_Q = 0.001410

--- Iteration 25 ---
U1 - Qu_upper = 0.376629, U2 - Qv_upper = 0.300000
eta = 0.9016, interval_left = 0.7892, interval_right = 1.0000
Q = 0.001337, term1 = 0.013414, term2 = 0.000019
🌟 New best Q found: 0.001337 at iter 25
best_Q = 0.0013372416142374277, final_Q = 0.001337

--- Iteration 26 ---
U1 - Qu_upper = 0.378771, U2 - Qv_upper = 0.300000
eta = 0.9068, interval_left = 0.7997, interval_right = 1.0000
Q = 0.001304, term1 = 0.013810, term2 = 0.000019
🌟 New best Q found: 0.001304 at iter 26
best_Q = 0.0013042745413258672, final_Q = 0.001304

--- Iteration 27 ---
U1 - Qu_upper = 0.362246, U2 - Qv_upper = 0.300000
eta = 0.9093, interval_left = 0.8097, interval_right = 1.0000
Q = 0.001428, term1 = 0.015542, term2 = 0.000020
best_Q = 0.0013042745413258672, final_Q = 0.001428

--- Iteration 28 ---
U1 - Qu_upper = 0.339838, U2 - Qv_upper = 0.300000
eta = 0.9108, interval_left = 0.8193, interval_right = 1.0000
Q = 0.001623, term1 = 0.017991, term2 = 0.000020
best_Q = 0.0013042745413258672, final_Q = 0.001623

--- Iteration 29 ---
U1 - Qu_upper = 0.360730, U2 - Qv_upper = 0.299699
eta = 0.9180, interval_left = 0.8283, interval_right = 1.0000
Q = 0.001356, term1 = 0.016295, term2 = 0.000021
best_Q = 0.0013042745413258672, final_Q = 0.001356

--- Iteration 30 ---
U1 - Qu_upper = 0.374869, U2 - Qv_upper = 0.299038
eta = 0.9238, interval_left = 0.8369, interval_right = 1.0000
Q = 0.001116, term1 = 0.014391, term2 = 0.000021
🌟 New best Q found: 0.001116 at iter 30
best_Q = 0.001116053550504148, final_Q = 0.001116

--- Iteration 31 ---
U1 - Qu_upper = 0.375207, U2 - Qv_upper = 0.300000
eta = 0.9275, interval_left = 0.8450, interval_right = 1.0000
Q = 0.001054, term1 = 0.014259, term2 = 0.000022
🌟 New best Q found: 0.001054 at iter 31
best_Q = 0.0010538954520598054, final_Q = 0.001054

--- Iteration 32 ---
U1 - Qu_upper = 0.364174, U2 - Qv_upper = 0.293749
eta = 0.9308, interval_left = 0.8528, interval_right = 1.0000
Q = 0.001069, term1 = 0.014829, term2 = 0.000046
best_Q = 0.0010538954520598054, final_Q = 0.001069

--- Iteration 33 ---
U1 - Qu_upper = 0.354866, U2 - Qv_upper = 0.293816
eta = 0.9333, interval_left = 0.8601, interval_right = 1.0000
Q = 0.001125, term1 = 0.016226, term2 = 0.000046
best_Q = 0.0010538954520598054, final_Q = 0.001125

--- Iteration 34 ---
U1 - Qu_upper = 0.361839, U2 - Qv_upper = 0.300000
eta = 0.9366, interval_left = 0.8671, interval_right = 1.0000
Q = 0.001016, term1 = 0.015701, term2 = 0.000022
🌟 New best Q found: 0.001016 at iter 34
best_Q = 0.0010155451018363237, final_Q = 0.001016

--- Iteration 35 ---
U1 - Qu_upper = 0.382261, U2 - Qv_upper = 0.300000
eta = 0.9416, interval_left = 0.8738, interval_right = 1.0000
Q = 0.000807, term1 = 0.013503, term2 = 0.000019
🌟 New best Q found: 0.000807 at iter 35
best_Q = 0.0008071734919212759, final_Q = 0.000807

--- Iteration 36 ---
U1 - Qu_upper = 0.409607, U2 - Qv_upper = 0.300000
eta = 0.9466, interval_left = 0.8801, interval_right = 1.0000
Q = 0.000646, term1 = 0.011763, term2 = 0.000019
🌟 New best Q found: 0.000646 at iter 36
best_Q = 0.0006460845470428467, final_Q = 0.000646

--- Iteration 37 ---
U1 - Qu_upper = 0.393803, U2 - Qv_upper = 0.300000
eta = 0.9482, interval_left = 0.8861, interval_right = 1.0000
Q = 0.000665, term1 = 0.012474, term2 = 0.000019
best_Q = 0.0006460845470428467, final_Q = 0.000665

--- Iteration 38 ---
U1 - Qu_upper = 0.406379, U2 - Qv_upper = 0.300000
eta = 0.9516, interval_left = 0.8918, interval_right = 1.0000
Q = 0.000600, term1 = 0.012022, term2 = 0.000019
🌟 New best Q found: 0.000600 at iter 38
best_Q = 0.0006000868161208928, final_Q = 0.000600

--- Iteration 39 ---
U1 - Qu_upper = 0.389774, U2 - Qv_upper = 0.300000
eta = 0.9529, interval_left = 0.8972, interval_right = 1.0000
Q = 0.000629, term1 = 0.012978, term2 = 0.000019
best_Q = 0.0006000868161208928, final_Q = 0.000629

--- Iteration 40 ---
U1 - Qu_upper = 0.390000, U2 - Qv_upper = 0.300000
eta = 0.9553, interval_left = 0.9023, interval_right = 1.0000
Q = 0.000597, term1 = 0.012935, term2 = 0.000019
🌟 New best Q found: 0.000597 at iter 40
best_Q = 0.0005967178149148822, final_Q = 0.000597

--- Iteration 41 ---
U1 - Qu_upper = 0.385918, U2 - Qv_upper = 0.300000
eta = 0.9573, interval_left = 0.9072, interval_right = 1.0000
Q = 0.000587, term1 = 0.013336, term2 = 0.000018
🌟 New best Q found: 0.000587 at iter 41
best_Q = 0.0005868930602446198, final_Q = 0.000587

--- Iteration 42 ---
U1 - Qu_upper = 0.386631, U2 - Qv_upper = 0.300000
eta = 0.9595, interval_left = 0.9119, interval_right = 1.0000
Q = 0.000560, term1 = 0.013348, term2 = 0.000019
🌟 New best Q found: 0.000560 at iter 42
best_Q = 0.0005597494309768081, final_Q = 0.000560

--- Iteration 43 ---
U1 - Qu_upper = 0.384493, U2 - Qv_upper = 0.300000
eta = 0.9614, interval_left = 0.9163, interval_right = 1.0000
Q = 0.000540, term1 = 0.013506, term2 = 0.000019
🌟 New best Q found: 0.000540 at iter 43
best_Q = 0.0005404201801866293, final_Q = 0.000540

--- Iteration 44 ---
U1 - Qu_upper = 0.375028, U2 - Qv_upper = 0.300000
eta = 0.9628, interval_left = 0.9204, interval_right = 1.0000
Q = 0.000553, term1 = 0.014353, term2 = 0.000019
best_Q = 0.0005404201801866293, final_Q = 0.000553

--- Iteration 45 ---
U1 - Qu_upper = 0.370505, U2 - Qv_upper = 0.300000
eta = 0.9644, interval_left = 0.9244, interval_right = 1.0000
Q = 0.000516, term1 = 0.013979, term2 = 0.000019
🌟 New best Q found: 0.000516 at iter 45
best_Q = 0.0005162197630852461, final_Q = 0.000516

--- Iteration 46 ---
U1 - Qu_upper = 0.383989, U2 - Qv_upper = 0.300000
eta = 0.9669, interval_left = 0.9282, interval_right = 1.0000
Q = 0.000459, term1 = 0.013291, term2 = 0.000019
🌟 New best Q found: 0.000459 at iter 46
best_Q = 0.0004592768382281065, final_Q = 0.000459

--- Iteration 47 ---
U1 - Qu_upper = 0.382903, U2 - Qv_upper = 0.300000
eta = 0.9685, interval_left = 0.9318, interval_right = 1.0000
Q = 0.000425, term1 = 0.012889, term2 = 0.000019
🌟 New best Q found: 0.000425 at iter 47
best_Q = 0.00042523699812591076, final_Q = 0.000425

--- Iteration 48 ---
U1 - Qu_upper = 0.378700, U2 - Qv_upper = 0.300000
eta = 0.9699, interval_left = 0.9352, interval_right = 1.0000
Q = 0.000439, term1 = 0.013945, term2 = 0.000019
best_Q = 0.00042523699812591076, final_Q = 0.000439

--- Iteration 49 ---
U1 - Qu_upper = 0.380113, U2 - Qv_upper = 0.300000
eta = 0.9714, interval_left = 0.9384, interval_right = 1.0000
Q = 0.000405, term1 = 0.013569, term2 = 0.000018
🌟 New best Q found: 0.000405 at iter 49
best_Q = 0.0004050595744047314, final_Q = 0.000405

--- Iteration 50 ---
U1 - Qu_upper = 0.376057, U2 - Qv_upper = 0.300000
eta = 0.9727, interval_left = 0.9415, interval_right = 1.0000
Q = 0.000418, term1 = 0.014605, term2 = 0.000019
best_Q = 0.0004050595744047314, final_Q = 0.000418

--- Iteration 51 ---
U1 - Qu_upper = 0.377859, U2 - Qv_upper = 0.300000
eta = 0.9741, interval_left = 0.9444, interval_right = 1.0000
Q = 0.000392, term1 = 0.014385, term2 = 0.000021
🌟 New best Q found: 0.000392 at iter 51
best_Q = 0.00039239515899680555, final_Q = 0.000392

--- Iteration 52 ---
U1 - Qu_upper = 0.375597, U2 - Qv_upper = 0.300000
eta = 0.9753, interval_left = 0.9472, interval_right = 1.0000
Q = 0.000381, term1 = 0.014661, term2 = 0.000019
🌟 New best Q found: 0.000381 at iter 52
best_Q = 0.0003805369487963617, final_Q = 0.000381

--- Iteration 53 ---
U1 - Qu_upper = 0.373967, U2 - Qv_upper = 0.300000
eta = 0.9765, interval_left = 0.9499, interval_right = 1.0000
Q = 0.000344, term1 = 0.013813, term2 = 0.000020
🌟 New best Q found: 0.000344 at iter 53
best_Q = 0.0003435311955399811, final_Q = 0.000344

--- Iteration 54 ---
U1 - Qu_upper = 0.358755, U2 - Qv_upper = 0.294794
eta = 0.9774, interval_left = 0.9524, interval_right = 1.0000
Q = 0.000376, term1 = 0.015131, term2 = 0.000034
best_Q = 0.0003435311955399811, final_Q = 0.000376

--- Iteration 55 ---
U1 - Qu_upper = 0.361746, U2 - Qv_upper = 0.294557
eta = 0.9786, interval_left = 0.9548, interval_right = 1.0000
Q = 0.000359, term1 = 0.015133, term2 = 0.000037
best_Q = 0.0003435311955399811, final_Q = 0.000359

--- Iteration 56 ---
U1 - Qu_upper = 0.363504, U2 - Qv_upper = 0.298894
eta = 0.9796, interval_left = 0.9570, interval_right = 1.0000
Q = 0.000342, term1 = 0.015464, term2 = 0.000026
🌟 New best Q found: 0.000342 at iter 56
best_Q = 0.00034169203718192875, final_Q = 0.000342

--- Iteration 57 ---
U1 - Qu_upper = 0.355630, U2 - Qv_upper = 0.298894
eta = 0.9804, interval_left = 0.9592, interval_right = 1.0000
Q = 0.000347, term1 = 0.016352, term2 = 0.000026
best_Q = 0.00034169203718192875, final_Q = 0.000347

--- Iteration 58 ---
U1 - Qu_upper = 0.382224, U2 - Qv_upper = 0.300000
eta = 0.9820, interval_left = 0.9612, interval_right = 1.0000
Q = 0.000267, term1 = 0.013447, term2 = 0.000026
🌟 New best Q found: 0.000267 at iter 58
best_Q = 0.00026674181572161615, final_Q = 0.000267

--- Iteration 59 ---
U1 - Qu_upper = 0.385157, U2 - Qv_upper = 0.298596
eta = 0.9831, interval_left = 0.9631, interval_right = 1.0000
Q = 0.000244, term1 = 0.013217, term2 = 0.000021
🌟 New best Q found: 0.000244 at iter 59
best_Q = 0.00024443079018965364, final_Q = 0.000244

--- Iteration 60 ---
U1 - Qu_upper = 0.346517, U2 - Qv_upper = 0.296998
eta = 0.9830, interval_left = 0.9650, interval_right = 1.0000
Q = 0.000316, term1 = 0.017211, term2 = 0.000023
best_Q = 0.00024443079018965364, final_Q = 0.000316

--- Iteration 61 ---
U1 - Qu_upper = 0.367382, U2 - Qv_upper = 0.295761
eta = 0.9844, interval_left = 0.9667, interval_right = 1.0000
Q = 0.000258, term1 = 0.014680, term2 = 0.000029
best_Q = 0.00024443079018965364, final_Q = 0.000258

--- Iteration 62 ---
U1 - Qu_upper = 0.398793, U2 - Qv_upper = 0.295761
eta = 0.9858, interval_left = 0.9684, interval_right = 1.0000
Q = 0.000190, term1 = 0.011398, term2 = 0.000029
🌟 New best Q found: 0.000190 at iter 62
best_Q = 0.00018998843734152615, final_Q = 0.000190

--- Iteration 63 ---
U1 - Qu_upper = 0.397378, U2 - Qv_upper = 0.296572
eta = 0.9865, interval_left = 0.9700, interval_right = 1.0000
Q = 0.000178, term1 = 0.011263, term2 = 0.000026
🌟 New best Q found: 0.000178 at iter 63
best_Q = 0.00017789089179132134, final_Q = 0.000178

--- Iteration 64 ---
U1 - Qu_upper = 0.399971, U2 - Qv_upper = 0.295414
eta = 0.9872, interval_left = 0.9715, interval_right = 1.0000
Q = 0.000168, term1 = 0.010501, term2 = 0.000034
🌟 New best Q found: 0.000168 at iter 64
best_Q = 0.00016764074098318815, final_Q = 0.000168

--- Iteration 65 ---
U1 - Qu_upper = 0.394438, U2 - Qv_upper = 0.294832
eta = 0.9878, interval_left = 0.9729, interval_right = 1.0000
Q = 0.000167, term1 = 0.010721, term2 = 0.000036
🌟 New best Q found: 0.000167 at iter 65
best_Q = 0.00016673162463121116, final_Q = 0.000167

--- Iteration 66 ---
U1 - Qu_upper = 0.389513, U2 - Qv_upper = 0.296693
eta = 0.9883, interval_left = 0.9743, interval_right = 1.0000
Q = 0.000161, term1 = 0.011331, term2 = 0.000029
🌟 New best Q found: 0.000161 at iter 66
best_Q = 0.0001614373759366572, final_Q = 0.000161

--- Iteration 67 ---
U1 - Qu_upper = 0.378144, U2 - Qv_upper = 0.296150
eta = 0.9887, interval_left = 0.9755, interval_right = 1.0000
Q = 0.000176, term1 = 0.012877, term2 = 0.000031
best_Q = 0.0001614373759366572, final_Q = 0.000176

--- Iteration 68 ---
U1 - Qu_upper = 0.377061, U2 - Qv_upper = 0.295661
eta = 0.9893, interval_left = 0.9768, interval_right = 1.0000
Q = 0.000171, term1 = 0.012728, term2 = 0.000034
best_Q = 0.0001614373759366572, final_Q = 0.000171

--- Iteration 69 ---
U1 - Qu_upper = 0.372224, U2 - Qv_upper = 0.295372
eta = 0.9897, interval_left = 0.9779, interval_right = 1.0000
Q = 0.000178, term1 = 0.013874, term2 = 0.000035
best_Q = 0.0001614373759366572, final_Q = 0.000178

--- Iteration 70 ---
U1 - Qu_upper = 0.372521, U2 - Qv_upper = 0.295474
eta = 0.9902, interval_left = 0.9790, interval_right = 1.0000
Q = 0.000168, term1 = 0.013768, term2 = 0.000034
best_Q = 0.0001614373759366572, final_Q = 0.000168

--- Iteration 71 ---
U1 - Qu_upper = 0.368547, U2 - Qv_upper = 0.295278
eta = 0.9907, interval_left = 0.9801, interval_right = 1.0000
Q = 0.000173, term1 = 0.014694, term2 = 0.000036
best_Q = 0.0001614373759366572, final_Q = 0.000173

--- Iteration 72 ---
U1 - Qu_upper = 0.362479, U2 - Qv_upper = 0.295171
eta = 0.9911, interval_left = 0.9811, interval_right = 1.0000
Q = 0.000174, term1 = 0.015474, term2 = 0.000036
best_Q = 0.0001614373759366572, final_Q = 0.000174

--- Iteration 73 ---
U1 - Qu_upper = 0.357153, U2 - Qv_upper = 0.295116
eta = 0.9914, interval_left = 0.9820, interval_right = 1.0000
Q = 0.000174, term1 = 0.016106, term2 = 0.000037
best_Q = 0.0001614373759366572, final_Q = 0.000174

--- Iteration 74 ---
U1 - Qu_upper = 0.360910, U2 - Qv_upper = 0.294929
eta = 0.9919, interval_left = 0.9829, interval_right = 1.0000
Q = 0.000165, term1 = 0.015877, term2 = 0.000037
best_Q = 0.0001614373759366572, final_Q = 0.000165

--- Iteration 75 ---
U1 - Qu_upper = 0.350861, U2 - Qv_upper = 0.300000
eta = 0.9921, interval_left = 0.9838, interval_right = 1.0000
Q = 0.000155, term1 = 0.017120, term2 = 0.000021
🌟 New best Q found: 0.000155 at iter 75
best_Q = 0.00015536930004600435, final_Q = 0.000155

--- Iteration 76 ---
U1 - Qu_upper = 0.348638, U2 - Qv_upper = 0.300000
eta = 0.9925, interval_left = 0.9846, interval_right = 1.0000
Q = 0.000153, term1 = 0.017621, term2 = 0.000021
🌟 New best Q found: 0.000153 at iter 76
best_Q = 0.0001528378197690472, final_Q = 0.000153

--- Iteration 77 ---
U1 - Qu_upper = 0.356724, U2 - Qv_upper = 0.294713
eta = 0.9930, interval_left = 0.9854, interval_right = 1.0000
Q = 0.000153, term1 = 0.016461, term2 = 0.000038
best_Q = 0.0001528378197690472, final_Q = 0.000153

--- Iteration 78 ---
U1 - Qu_upper = 0.350284, U2 - Qv_upper = 0.294681
eta = 0.9933, interval_left = 0.9861, interval_right = 1.0000
Q = 0.000158, term1 = 0.017696, term2 = 0.000040
best_Q = 0.0001528378197690472, final_Q = 0.000158

--- Iteration 79 ---
U1 - Qu_upper = 0.338153, U2 - Qv_upper = 0.294559
eta = 0.9935, interval_left = 0.9868, interval_right = 1.0000
Q = 0.000167, term1 = 0.019568, term2 = 0.000040
best_Q = 0.0001528378197690472, final_Q = 0.000167

--- Iteration 80 ---
U1 - Qu_upper = 0.326910, U2 - Qv_upper = 0.294400
eta = 0.9937, interval_left = 0.9874, interval_right = 1.0000
Q = 0.000171, term1 = 0.020803, term2 = 0.000041
best_Q = 0.0001528378197690472, final_Q = 0.000171

--- Iteration 81 ---
U1 - Qu_upper = 0.325761, U2 - Qv_upper = 0.296856
eta = 0.9940, interval_left = 0.9881, interval_right = 1.0000
Q = 0.000161, term1 = 0.021467, term2 = 0.000032
best_Q = 0.0001528378197690472, final_Q = 0.000161

--- Iteration 82 ---
U1 - Qu_upper = 0.328577, U2 - Qv_upper = 0.293601
eta = 0.9944, interval_left = 0.9887, interval_right = 1.0000
Q = 0.000163, term1 = 0.020734, term2 = 0.000046
best_Q = 0.0001528378197690472, final_Q = 0.000163

--- Iteration 83 ---
U1 - Qu_upper = 0.332121, U2 - Qv_upper = 0.297790
eta = 0.9946, interval_left = 0.9892, interval_right = 1.0000
Q = 0.000135, term1 = 0.020092, term2 = 0.000027
🌟 New best Q found: 0.000135 at iter 83
best_Q = 0.00013457806198857725, final_Q = 0.000135

--- Iteration 84 ---
U1 - Qu_upper = 0.330242, U2 - Qv_upper = 0.293935
eta = 0.9949, interval_left = 0.9898, interval_right = 1.0000
Q = 0.000144, term1 = 0.020637, term2 = 0.000040
best_Q = 0.00013457806198857725, final_Q = 0.000144

--- Iteration 85 ---
U1 - Qu_upper = 0.314158, U2 - Qv_upper = 0.295804
eta = 0.9950, interval_left = 0.9903, interval_right = 1.0000
Q = 0.000140, term1 = 0.023090, term2 = 0.000026
best_Q = 0.00013457806198857725, final_Q = 0.000140

--- Iteration 86 ---
U1 - Qu_upper = 0.333779, U2 - Qv_upper = 0.293527
eta = 0.9955, interval_left = 0.9908, interval_right = 1.0000
Q = 0.000131, term1 = 0.019658, term2 = 0.000042
🌟 New best Q found: 0.000131 at iter 86
best_Q = 0.00013109800056554377, final_Q = 0.000131

--- Iteration 87 ---
U1 - Qu_upper = 0.324905, U2 - Qv_upper = 0.298220
eta = 0.9956, interval_left = 0.9912, interval_right = 1.0000
Q = 0.000118, term1 = 0.021265, term2 = 0.000024
🌟 New best Q found: 0.000118 at iter 87
best_Q = 0.00011766489478759468, final_Q = 0.000118

--- Iteration 88 ---
U1 - Qu_upper = 0.325091, U2 - Qv_upper = 0.298150
eta = 0.9958, interval_left = 0.9917, interval_right = 1.0000
Q = 0.000113, term1 = 0.021486, term2 = 0.000023
🌟 New best Q found: 0.000113 at iter 88
best_Q = 0.0001132976176450029, final_Q = 0.000113

--- Iteration 89 ---
U1 - Qu_upper = 0.323204, U2 - Qv_upper = 0.298443
eta = 0.9960, interval_left = 0.9921, interval_right = 1.0000
Q = 0.000108, term1 = 0.021062, term2 = 0.000024
🌟 New best Q found: 0.000108 at iter 89
best_Q = 0.00010795917478390038, final_Q = 0.000108

--- Iteration 90 ---
U1 - Qu_upper = 0.324546, U2 - Qv_upper = 0.298393
eta = 0.9962, interval_left = 0.9925, interval_right = 1.0000
Q = 0.000106, term1 = 0.021169, term2 = 0.000026
🌟 New best Q found: 0.000106 at iter 90
best_Q = 0.00010575097985565662, final_Q = 0.000106

--- Iteration 91 ---
U1 - Qu_upper = 0.328444, U2 - Qv_upper = 0.298257
eta = 0.9964, interval_left = 0.9929, interval_right = 1.0000
Q = 0.000102, term1 = 0.021122, term2 = 0.000027
🌟 New best Q found: 0.000102 at iter 91
best_Q = 0.0001020005511236377, final_Q = 0.000102

--- Iteration 92 ---
U1 - Qu_upper = 0.321026, U2 - Qv_upper = 0.298033
eta = 0.9966, interval_left = 0.9932, interval_right = 1.0000
Q = 0.000104, term1 = 0.022570, term2 = 0.000027
best_Q = 0.0001020005511236377, final_Q = 0.000104

--- Iteration 93 ---
U1 - Qu_upper = 0.332361, U2 - Qv_upper = 0.297468
eta = 0.9968, interval_left = 0.9936, interval_right = 1.0000
Q = 0.000093, term1 = 0.020901, term2 = 0.000026
🌟 New best Q found: 0.000093 at iter 93
best_Q = 9.255443728761747e-05, final_Q = 0.000093

--- Iteration 94 ---
U1 - Qu_upper = 0.343199, U2 - Qv_upper = 0.296053
eta = 0.9970, interval_left = 0.9939, interval_right = 1.0000
Q = 0.000084, term1 = 0.019773, term2 = 0.000025
🌟 New best Q found: 0.000084 at iter 94
best_Q = 8.43337329570204e-05, final_Q = 0.000084

--- Iteration 95 ---
U1 - Qu_upper = 0.338261, U2 - Qv_upper = 0.294678
eta = 0.9972, interval_left = 0.9942, interval_right = 1.0000
Q = 0.000089, term1 = 0.020451, term2 = 0.000030
best_Q = 8.43337329570204e-05, final_Q = 0.000089

--- Iteration 96 ---
U1 - Qu_upper = 0.343687, U2 - Qv_upper = 0.294367
eta = 0.9973, interval_left = 0.9945, interval_right = 1.0000
Q = 0.000085, term1 = 0.019581, term2 = 0.000033
best_Q = 8.43337329570204e-05, final_Q = 0.000085

--- Iteration 97 ---
U1 - Qu_upper = 0.328765, U2 - Qv_upper = 0.295604
eta = 0.9974, interval_left = 0.9948, interval_right = 1.0000
Q = 0.000084, term1 = 0.021688, term2 = 0.000027
🌟 New best Q found: 0.000084 at iter 97
best_Q = 8.404333493672311e-05, final_Q = 0.000084

--- Iteration 98 ---
U1 - Qu_upper = 0.316857, U2 - Qv_upper = 0.295044
eta = 0.9975, interval_left = 0.9950, interval_right = 1.0000
Q = 0.000093, term1 = 0.022812, term2 = 0.000035
best_Q = 8.404333493672311e-05, final_Q = 0.000093

--- Iteration 99 ---
U1 - Qu_upper = 0.313325, U2 - Qv_upper = 0.297026
eta = 0.9976, interval_left = 0.9953, interval_right = 1.0000
Q = 0.000080, term1 = 0.023510, term2 = 0.000023
🌟 New best Q found: 0.000080 at iter 99
best_Q = 8.030734898056835e-05, final_Q = 0.000080
Optimization End
📁 Visualization directory ensured: /work3/s232263/DCE_Results/german_credit/MLP/DCE_u1=0.5,u2=0.3,l=0.2,r=1.0,mi=100,tk=1,nt=10/cone_all_MonteCarlo_cs=1.2,ct=0.1,temp=2.0/seed_123_20250805_022306/visualizations
Model saved to: /work3/s232263/DCE_Results/german_credit/MLP/DCE_u1=0.5,u2=0.3,l=0.2,r=1.0,mi=100,tk=1,nt=10/cone_all_MonteCarlo_cs=1.2,ct=0.1,temp=2.0/seed_123_20250805_022306/model.pkl
Best results saved to: /work3/s232263/DCE_Results/german_credit/MLP/DCE_u1=0.5,u2=0.3,l=0.2,r=1.0,mi=100,tk=1,nt=10/cone_all_MonteCarlo_cs=1.2,ct=0.1,temp=2.0/seed_123_20250805_022306
Final results saved to: /work3/s232263/DCE_Results/german_credit/MLP/DCE_u1=0.5,u2=0.3,l=0.2,r=1.0,mi=100,tk=1,nt=10/cone_all_MonteCarlo_cs=1.2,ct=0.1,temp=2.0/seed_123_20250805_022306
Optimization log saved to: /work3/s232263/DCE_Results/german_credit/MLP/DCE_u1=0.5,u2=0.3,l=0.2,r=1.0,mi=100,tk=1,nt=10/cone_all_MonteCarlo_cs=1.2,ct=0.1,temp=2.0/seed_123_20250805_022306
All results successfully saved to: /work3/s232263/DCE_Results/german_credit/MLP/DCE_u1=0.5,u2=0.3,l=0.2,r=1.0,mi=100,tk=1,nt=10/cone_all_MonteCarlo_cs=1.2,ct=0.1,temp=2.0/seed_123_20250805_022306
Visualizations will be saved to: /work3/s232263/DCE_Results/german_credit/MLP/DCE_u1=0.5,u2=0.3,l=0.2,r=1.0,mi=100,tk=1,nt=10/cone_all_MonteCarlo_cs=1.2,ct=0.1,temp=2.0/seed_123_20250805_022306/visualizations
✅ DCE explanation completed!
🎯 Best Q: 0.000080
📊 Final Q: 0.000080
🎉 Found feasible solution: True
💾 Results saved to: /work3/s232263/DCE_Results/german_credit/MLP/DCE_u1=0.5,u2=0.3,l=0.2,r=1.0,mi=100,tk=1,nt=10/cone_all_MonteCarlo_cs=1.2,ct=0.1,temp=2.0/seed_123_20250805_022306
📊 Calculating metrics...
✅ Data processed for metrics calculation
   Coverage Rate: 0.880
   MMD: 0.030
   OT Distance: 0.0879
   Percentile Differences:
     0-15%: 82.559%
     15-30%: 57.334%
     30-70%: 510.911%
     70-85%: 182.302%
     85-100%: 23.543%
   AReS Cost: 11.075
💾 Metrics saved to: /work3/s232263/DCE_Results/german_credit/MLP/DCE_u1=0.5,u2=0.3,l=0.2,r=1.0,mi=100,tk=1,nt=10/cone_all_MonteCarlo_cs=1.2,ct=0.1,temp=2.0/seed_123_20250805_022306/metrics_summary.json

============================================================
🎲 Running experiment: genetic (alias: ga_demo)
============================================================
🎯 Creating strategy: genetic (alias: ga_demo)
🧭 Full cone sampling mode (both categorical and continuous)
📐 Cone angle: 45.0° (0.785 rad)
🚀 Starting DCE explanation...
📍 Using original factual data as starting point (X_init=False)
Results will be saved to: /work3/s232263/DCE_Results/german_credit/MLP/DCE_u1=0.5,u2=0.3,l=0.2,r=1.0,mi=100,tk=1,nt=10/cone_all_Genetic_cp=0.8,gsp=0.5,mpc=0.3,mpo=0.8,mns=0.1,cs=1.2,ct=0.1,temp=2.0/seed_123_20250805_024914
📁 Initial data saved:
   - x_true.csv: (50, 9)
   - y_true.csv: (50, 1)
   - y_target.csv: (50,)
Training Start
Optimization Start

--- Iteration 0 ---
U1 - Qu_upper = 0.500000, U2 - Qv_upper = -0.257777
eta = 1.0000, interval_left = 0.2400, interval_right = 1.0000
Q = 0.135768, term1 = 0.000000, term2 = 0.135768
best_Q = inf, final_Q = 0.135768

--- Iteration 1 ---
U1 - Qu_upper = 0.475424, U2 - Qv_upper = -0.219875
eta = 1.0000, interval_left = 0.2780, interval_right = 1.0000
Q = 0.112661, term1 = 0.004379, term2 = 0.112661
best_Q = inf, final_Q = 0.112661

--- Iteration 2 ---
U1 - Qu_upper = 0.441348, U2 - Qv_upper = -0.166241
eta = 1.0000, interval_left = 0.3141, interval_right = 1.0000
Q = 0.089725, term1 = 0.006122, term2 = 0.089725
best_Q = inf, final_Q = 0.089725

--- Iteration 3 ---
U1 - Qu_upper = 0.389867, U2 - Qv_upper = -0.108418
eta = 1.0000, interval_left = 0.3484, interval_right = 1.0000
Q = 0.067068, term1 = 0.009714, term2 = 0.067068
best_Q = inf, final_Q = 0.067068

--- Iteration 4 ---
U1 - Qu_upper = 0.371411, U2 - Qv_upper = -0.043714
eta = 1.0000, interval_left = 0.3810, interval_right = 1.0000
Q = 0.047398, term1 = 0.012519, term2 = 0.047398
best_Q = inf, final_Q = 0.047398

--- Iteration 5 ---
U1 - Qu_upper = 0.315034, U2 - Qv_upper = 0.020144
eta = 0.9628, interval_left = 0.4119, interval_right = 1.0000
Q = 0.031030, term1 = 0.020132, term2 = 0.031452
🌟 New best Q found: 0.031030 at iter 5
best_Q = 0.03103049099445343, final_Q = 0.031030

--- Iteration 6 ---
U1 - Qu_upper = 0.314779, U2 - Qv_upper = 0.086083
eta = 0.8737, interval_left = 0.4413, interval_right = 1.0000
Q = 0.018666, term1 = 0.020597, term2 = 0.018388
🌟 New best Q found: 0.018666 at iter 6
best_Q = 0.018666492775082588, final_Q = 0.018666

--- Iteration 7 ---
U1 - Qu_upper = 0.313058, U2 - Qv_upper = 0.183707
eta = 0.7934, interval_left = 0.4693, interval_right = 1.0000
Q = 0.008689, term1 = 0.021056, term2 = 0.005468
🌟 New best Q found: 0.008689 at iter 7
best_Q = 0.00868881307542324, final_Q = 0.008689

--- Iteration 8 ---
U1 - Qu_upper = 0.341667, U2 - Qv_upper = 0.258734
eta = 0.7713, interval_left = 0.4958, interval_right = 1.0000
Q = 0.004386, term1 = 0.016788, term2 = 0.000708
🌟 New best Q found: 0.004386 at iter 8
best_Q = 0.004385617561638355, final_Q = 0.004386

--- Iteration 9 ---
U1 - Qu_upper = 0.350188, U2 - Qv_upper = 0.280669
eta = 0.7757, interval_left = 0.5210, interval_right = 1.0000
Q = 0.003647, term1 = 0.015669, term2 = 0.000170
🌟 New best Q found: 0.003647 at iter 9
best_Q = 0.0036469046026468277, final_Q = 0.003647

--- Iteration 10 ---
U1 - Qu_upper = 0.346368, U2 - Qv_upper = 0.280667
eta = 0.7856, interval_left = 0.5450, interval_right = 1.0000
Q = 0.003635, term1 = 0.016330, term2 = 0.000170
🌟 New best Q found: 0.003635 at iter 10
best_Q = 0.003635026514530182, final_Q = 0.003635

--- Iteration 11 ---
U1 - Qu_upper = 0.368108, U2 - Qv_upper = 0.280614
eta = 0.8032, interval_left = 0.5677, interval_right = 1.0000
Q = 0.002791, term1 = 0.013487, term2 = 0.000170
🌟 New best Q found: 0.002791 at iter 11
best_Q = 0.002791321836411953, final_Q = 0.002791

--- Iteration 12 ---
U1 - Qu_upper = 0.375420, U2 - Qv_upper = 0.280442
eta = 0.8152, interval_left = 0.5893, interval_right = 1.0000
Q = 0.002481, term1 = 0.012660, term2 = 0.000172
🌟 New best Q found: 0.002481 at iter 12
best_Q = 0.0024806996807456017, final_Q = 0.002481

--- Iteration 13 ---
U1 - Qu_upper = 0.370215, U2 - Qv_upper = 0.300000
eta = 0.8162, interval_left = 0.6099, interval_right = 1.0000
Q = 0.002428, term1 = 0.013128, term2 = 0.000018
🌟 New best Q found: 0.002428 at iter 13
best_Q = 0.002427829895168543, final_Q = 0.002428

--- Iteration 14 ---
U1 - Qu_upper = 0.390320, U2 - Qv_upper = 0.295236
eta = 0.8320, interval_left = 0.6294, interval_right = 1.0000
Q = 0.001929, term1 = 0.011343, term2 = 0.000028
🌟 New best Q found: 0.001929 at iter 14
best_Q = 0.001929243910126388, final_Q = 0.001929

--- Iteration 15 ---
U1 - Qu_upper = 0.394058, U2 - Qv_upper = 0.285733
eta = 0.8442, interval_left = 0.6479, interval_right = 1.0000
Q = 0.001830, term1 = 0.011161, term2 = 0.000108
🌟 New best Q found: 0.001830 at iter 15
best_Q = 0.0018297176575288177, final_Q = 0.001830

--- Iteration 16 ---
U1 - Qu_upper = 0.386568, U2 - Qv_upper = 0.295232
eta = 0.8475, interval_left = 0.6655, interval_right = 1.0000
Q = 0.001855, term1 = 0.012007, term2 = 0.000028
best_Q = 0.0018297176575288177, final_Q = 0.001855

--- Iteration 17 ---
U1 - Qu_upper = 0.387173, U2 - Qv_upper = 0.295232
eta = 0.8553, interval_left = 0.6822, interval_right = 1.0000
Q = 0.001720, term1 = 0.011720, term2 = 0.000028
🌟 New best Q found: 0.001720 at iter 17
best_Q = 0.00172014522831887, final_Q = 0.001720

--- Iteration 18 ---
U1 - Qu_upper = 0.391345, U2 - Qv_upper = 0.295182
eta = 0.8634, interval_left = 0.6981, interval_right = 1.0000
Q = 0.001534, term1 = 0.011048, term2 = 0.000028
🌟 New best Q found: 0.001534 at iter 18
best_Q = 0.0015340090030804276, final_Q = 0.001534

--- Iteration 19 ---
U1 - Qu_upper = 0.387851, U2 - Qv_upper = 0.292857
eta = 0.8701, interval_left = 0.7132, interval_right = 1.0000
Q = 0.001480, term1 = 0.011159, term2 = 0.000035
🌟 New best Q found: 0.001480 at iter 19
best_Q = 0.0014796575997024775, final_Q = 0.001480

--- Iteration 20 ---
U1 - Qu_upper = 0.389471, U2 - Qv_upper = 0.290428
eta = 0.8775, interval_left = 0.7276, interval_right = 1.0000
Q = 0.001418, term1 = 0.011206, term2 = 0.000052
🌟 New best Q found: 0.001418 at iter 20
best_Q = 0.0014181464212015271, final_Q = 0.001418

--- Iteration 21 ---
U1 - Qu_upper = 0.395043, U2 - Qv_upper = 0.286714
eta = 0.8854, interval_left = 0.7412, interval_right = 1.0000
Q = 0.001307, term1 = 0.010661, term2 = 0.000097
🌟 New best Q found: 0.001307 at iter 21
best_Q = 0.0013074453454464674, final_Q = 0.001307

--- Iteration 22 ---
U1 - Qu_upper = 0.390395, U2 - Qv_upper = 0.286583
eta = 0.8904, interval_left = 0.7541, interval_right = 1.0000
Q = 0.001296, term1 = 0.011029, term2 = 0.000098
🌟 New best Q found: 0.001296 at iter 22
best_Q = 0.0012960684252902865, final_Q = 0.001296

--- Iteration 23 ---
U1 - Qu_upper = 0.393134, U2 - Qv_upper = 0.286850
eta = 0.8963, interval_left = 0.7664, interval_right = 1.0000
Q = 0.001319, term1 = 0.011887, term2 = 0.000095
best_Q = 0.0012960684252902865, final_Q = 0.001319

--- Iteration 24 ---
U1 - Qu_upper = 0.363501, U2 - Qv_upper = 0.286917
eta = 0.8970, interval_left = 0.7781, interval_right = 1.0000
Q = 0.001542, term1 = 0.014143, term2 = 0.000095
best_Q = 0.0012960684252902865, final_Q = 0.001542

--- Iteration 25 ---
U1 - Qu_upper = 0.373345, U2 - Qv_upper = 0.289895
eta = 0.9030, interval_left = 0.7892, interval_right = 1.0000
Q = 0.001354, term1 = 0.013443, term2 = 0.000056
best_Q = 0.0012960684252902865, final_Q = 0.001354

--- Iteration 26 ---
U1 - Qu_upper = 0.381638, U2 - Qv_upper = 0.289895
eta = 0.9090, interval_left = 0.7997, interval_right = 1.0000
Q = 0.001192, term1 = 0.012544, term2 = 0.000056
🌟 New best Q found: 0.001192 at iter 26
best_Q = 0.0011920520337298512, final_Q = 0.001192

--- Iteration 27 ---
U1 - Qu_upper = 0.404528, U2 - Qv_upper = 0.289895
eta = 0.9164, interval_left = 0.8097, interval_right = 1.0000
Q = 0.000924, term1 = 0.010440, term2 = 0.000056
🌟 New best Q found: 0.000924 at iter 27
best_Q = 0.0009237523772753775, final_Q = 0.000924

--- Iteration 28 ---
U1 - Qu_upper = 0.394312, U2 - Qv_upper = 0.289895
eta = 0.9194, interval_left = 0.8193, interval_right = 1.0000
Q = 0.000986, term1 = 0.011604, term2 = 0.000056
best_Q = 0.0009237523772753775, final_Q = 0.000986

--- Iteration 29 ---
U1 - Qu_upper = 0.387167, U2 - Qv_upper = 0.289895
eta = 0.9226, interval_left = 0.8283, interval_right = 1.0000
Q = 0.001019, term1 = 0.012507, term2 = 0.000056
best_Q = 0.0009237523772753775, final_Q = 0.001019

--- Iteration 30 ---
U1 - Qu_upper = 0.396070, U2 - Qv_upper = 0.289895
eta = 0.9274, interval_left = 0.8369, interval_right = 1.0000
Q = 0.000884, term1 = 0.011468, term2 = 0.000056
🌟 New best Q found: 0.000884 at iter 30
best_Q = 0.0008836545748636127, final_Q = 0.000884

--- Iteration 31 ---
U1 - Qu_upper = 0.374450, U2 - Qv_upper = 0.289912
eta = 0.9288, interval_left = 0.8450, interval_right = 1.0000
Q = 0.001031, term1 = 0.013759, term2 = 0.000055
best_Q = 0.0008836545748636127, final_Q = 0.001031

--- Iteration 32 ---
U1 - Qu_upper = 0.369659, U2 - Qv_upper = 0.289909
eta = 0.9319, interval_left = 0.8528, interval_right = 1.0000
Q = 0.001040, term1 = 0.014513, term2 = 0.000055
best_Q = 0.0008836545748636127, final_Q = 0.001040

--- Iteration 33 ---
U1 - Qu_upper = 0.358706, U2 - Qv_upper = 0.289876
eta = 0.9342, interval_left = 0.8601, interval_right = 1.0000
Q = 0.001071, term1 = 0.015484, term2 = 0.000055
best_Q = 0.0008836545748636127, final_Q = 0.001071

--- Iteration 34 ---
U1 - Qu_upper = 0.365181, U2 - Qv_upper = 0.289909
eta = 0.9381, interval_left = 0.8671, interval_right = 1.0000
Q = 0.000975, term1 = 0.014913, term2 = 0.000055
best_Q = 0.0008836545748636127, final_Q = 0.000975

--- Iteration 35 ---
U1 - Qu_upper = 0.370130, U2 - Qv_upper = 0.284269
eta = 0.9423, interval_left = 0.8738, interval_right = 1.0000
Q = 0.000940, term1 = 0.014149, term2 = 0.000131
best_Q = 0.0008836545748636127, final_Q = 0.000940

--- Iteration 36 ---
U1 - Qu_upper = 0.375356, U2 - Qv_upper = 0.285989
eta = 0.9454, interval_left = 0.8801, interval_right = 1.0000
Q = 0.000844, term1 = 0.013617, term2 = 0.000107
🌟 New best Q found: 0.000844 at iter 36
best_Q = 0.0008443666738457978, final_Q = 0.000844

--- Iteration 37 ---
U1 - Qu_upper = 0.369591, U2 - Qv_upper = 0.294174
eta = 0.9469, interval_left = 0.8861, interval_right = 1.0000
Q = 0.000830, term1 = 0.015037, term2 = 0.000033
🌟 New best Q found: 0.000830 at iter 37
best_Q = 0.000830444332677871, final_Q = 0.000830

--- Iteration 38 ---
U1 - Qu_upper = 0.372084, U2 - Qv_upper = 0.294174
eta = 0.9497, interval_left = 0.8918, interval_right = 1.0000
Q = 0.000778, term1 = 0.014849, term2 = 0.000033
🌟 New best Q found: 0.000778 at iter 38
best_Q = 0.0007782705943100154, final_Q = 0.000778

--- Iteration 39 ---
U1 - Qu_upper = 0.373574, U2 - Qv_upper = 0.294174
eta = 0.9523, interval_left = 0.8972, interval_right = 1.0000
Q = 0.000724, term1 = 0.014522, term2 = 0.000033
🌟 New best Q found: 0.000724 at iter 39
best_Q = 0.000723854114767164, final_Q = 0.000724

--- Iteration 40 ---
U1 - Qu_upper = 0.376312, U2 - Qv_upper = 0.294174
eta = 0.9549, interval_left = 0.9023, interval_right = 1.0000
Q = 0.000674, term1 = 0.014239, term2 = 0.000033
🌟 New best Q found: 0.000674 at iter 40
best_Q = 0.0006738826632499695, final_Q = 0.000674

--- Iteration 41 ---
U1 - Qu_upper = 0.369759, U2 - Qv_upper = 0.294174
eta = 0.9567, interval_left = 0.9072, interval_right = 1.0000
Q = 0.000672, term1 = 0.014788, term2 = 0.000033
🌟 New best Q found: 0.000672 at iter 41
best_Q = 0.0006716143107041717, final_Q = 0.000672

--- Iteration 42 ---
U1 - Qu_upper = 0.365689, U2 - Qv_upper = 0.294163
eta = 0.9586, interval_left = 0.9119, interval_right = 1.0000
Q = 0.000654, term1 = 0.015044, term2 = 0.000033
🌟 New best Q found: 0.000654 at iter 42
best_Q = 0.0006540468893945217, final_Q = 0.000654

--- Iteration 43 ---
U1 - Qu_upper = 0.373103, U2 - Qv_upper = 0.294261
eta = 0.9611, interval_left = 0.9163, interval_right = 1.0000
Q = 0.000562, term1 = 0.013654, term2 = 0.000033
🌟 New best Q found: 0.000562 at iter 43
best_Q = 0.0005624517216347158, final_Q = 0.000562

--- Iteration 44 ---
U1 - Qu_upper = 0.374198, U2 - Qv_upper = 0.294288
eta = 0.9631, interval_left = 0.9204, interval_right = 1.0000
Q = 0.000528, term1 = 0.013461, term2 = 0.000033
🌟 New best Q found: 0.000528 at iter 44
best_Q = 0.000527924217749387, final_Q = 0.000528

--- Iteration 45 ---
U1 - Qu_upper = 0.385067, U2 - Qv_upper = 0.294282
eta = 0.9655, interval_left = 0.9244, interval_right = 1.0000
Q = 0.000506, term1 = 0.013753, term2 = 0.000033
🌟 New best Q found: 0.000506 at iter 45
best_Q = 0.0005057177040725946, final_Q = 0.000506

--- Iteration 46 ---
U1 - Qu_upper = 0.389097, U2 - Qv_upper = 0.295700
eta = 0.9674, interval_left = 0.9282, interval_right = 1.0000
Q = 0.000458, term1 = 0.013432, term2 = 0.000021
🌟 New best Q found: 0.000458 at iter 46
best_Q = 0.0004583319241646677, final_Q = 0.000458

--- Iteration 47 ---
U1 - Qu_upper = 0.382634, U2 - Qv_upper = 0.295718
eta = 0.9687, interval_left = 0.9318, interval_right = 1.0000
Q = 0.000456, term1 = 0.013894, term2 = 0.000022
🌟 New best Q found: 0.000456 at iter 47
best_Q = 0.0004557805659715086, final_Q = 0.000456

--- Iteration 48 ---
U1 - Qu_upper = 0.390869, U2 - Qv_upper = 0.295727
eta = 0.9706, interval_left = 0.9352, interval_right = 1.0000
Q = 0.000402, term1 = 0.012973, term2 = 0.000022
🌟 New best Q found: 0.000402 at iter 48
best_Q = 0.00040203434764407575, final_Q = 0.000402

--- Iteration 49 ---
U1 - Qu_upper = 0.361719, U2 - Qv_upper = 0.295708
eta = 0.9709, interval_left = 0.9384, interval_right = 1.0000
Q = 0.000461, term1 = 0.015137, term2 = 0.000021
best_Q = 0.00040203434764407575, final_Q = 0.000461

--- Iteration 50 ---
U1 - Qu_upper = 0.379966, U2 - Qv_upper = 0.295726
eta = 0.9731, interval_left = 0.9415, interval_right = 1.0000
Q = 0.000391, term1 = 0.013752, term2 = 0.000022
🌟 New best Q found: 0.000391 at iter 50
best_Q = 0.00039146398194134235, final_Q = 0.000391

--- Iteration 51 ---
U1 - Qu_upper = 0.388909, U2 - Qv_upper = 0.295726
eta = 0.9747, interval_left = 0.9444, interval_right = 1.0000
Q = 0.000343, term1 = 0.012767, term2 = 0.000022
🌟 New best Q found: 0.000343 at iter 51
best_Q = 0.00034348154440522194, final_Q = 0.000343

--- Iteration 52 ---
U1 - Qu_upper = 0.391134, U2 - Qv_upper = 0.295726
eta = 0.9761, interval_left = 0.9472, interval_right = 1.0000
Q = 0.000313, term1 = 0.012188, term2 = 0.000022
🌟 New best Q found: 0.000313 at iter 52
best_Q = 0.00031256568036042154, final_Q = 0.000313

--- Iteration 53 ---
U1 - Qu_upper = 0.384326, U2 - Qv_upper = 0.295795
eta = 0.9770, interval_left = 0.9499, interval_right = 1.0000
Q = 0.000317, term1 = 0.012869, term2 = 0.000022
best_Q = 0.00031256568036042154, final_Q = 0.000317

--- Iteration 54 ---
U1 - Qu_upper = 0.387418, U2 - Qv_upper = 0.295820
eta = 0.9783, interval_left = 0.9524, interval_right = 1.0000
Q = 0.000304, term1 = 0.012997, term2 = 0.000022
🌟 New best Q found: 0.000304 at iter 54
best_Q = 0.0003039936418645084, final_Q = 0.000304

--- Iteration 55 ---
U1 - Qu_upper = 0.397082, U2 - Qv_upper = 0.291588
eta = 0.9798, interval_left = 0.9548, interval_right = 1.0000
Q = 0.000284, term1 = 0.011939, term2 = 0.000044
🌟 New best Q found: 0.000284 at iter 55
best_Q = 0.0002835568448062986, final_Q = 0.000284

--- Iteration 56 ---
U1 - Qu_upper = 0.397367, U2 - Qv_upper = 0.291419
eta = 0.9809, interval_left = 0.9570, interval_right = 1.0000
Q = 0.000272, term1 = 0.011922, term2 = 0.000045
🌟 New best Q found: 0.000272 at iter 56
best_Q = 0.0002721953787840903, final_Q = 0.000272

--- Iteration 57 ---
U1 - Qu_upper = 0.396184, U2 - Qv_upper = 0.291586
eta = 0.9818, interval_left = 0.9592, interval_right = 1.0000
Q = 0.000261, term1 = 0.011985, term2 = 0.000044
🌟 New best Q found: 0.000261 at iter 57
best_Q = 0.0002613038814160973, final_Q = 0.000261

--- Iteration 58 ---
U1 - Qu_upper = 0.418168, U2 - Qv_upper = 0.285523
eta = 0.9834, interval_left = 0.9612, interval_right = 1.0000
Q = 0.000269, term1 = 0.010501, term2 = 0.000096
best_Q = 0.0002613038814160973, final_Q = 0.000269

--- Iteration 59 ---
U1 - Qu_upper = 0.387488, U2 - Qv_upper = 0.278598
eta = 0.9838, interval_left = 0.9631, interval_right = 1.0000
Q = 0.000405, term1 = 0.013175, term2 = 0.000195
best_Q = 0.0002613038814160973, final_Q = 0.000405

--- Iteration 60 ---
U1 - Qu_upper = 0.375815, U2 - Qv_upper = 0.282843
eta = 0.9842, interval_left = 0.9650, interval_right = 1.0000
Q = 0.000357, term1 = 0.014452, term2 = 0.000131
best_Q = 0.0002613038814160973, final_Q = 0.000357

--- Iteration 61 ---
U1 - Qu_upper = 0.379618, U2 - Qv_upper = 0.291898
eta = 0.9848, interval_left = 0.9667, interval_right = 1.0000
Q = 0.000250, term1 = 0.013936, term2 = 0.000039
🌟 New best Q found: 0.000250 at iter 61
best_Q = 0.00025006639771163464, final_Q = 0.000250

--- Iteration 62 ---
U1 - Qu_upper = 0.372442, U2 - Qv_upper = 0.287022
eta = 0.9855, interval_left = 0.9684, interval_right = 1.0000
Q = 0.000303, term1 = 0.015302, term2 = 0.000082
best_Q = 0.00025006639771163464, final_Q = 0.000303

--- Iteration 63 ---
U1 - Qu_upper = 0.369713, U2 - Qv_upper = 0.284018
eta = 0.9863, interval_left = 0.9700, interval_right = 1.0000
Q = 0.000323, term1 = 0.015200, term2 = 0.000115
best_Q = 0.00025006639771163464, final_Q = 0.000323

--- Iteration 64 ---
U1 - Qu_upper = 0.371142, U2 - Qv_upper = 0.282824
eta = 0.9870, interval_left = 0.9715, interval_right = 1.0000
Q = 0.000327, term1 = 0.015030, term2 = 0.000134
best_Q = 0.00025006639771163464, final_Q = 0.000327

--- Iteration 65 ---
U1 - Qu_upper = 0.375316, U2 - Qv_upper = 0.290642
eta = 0.9876, interval_left = 0.9729, interval_right = 1.0000
Q = 0.000242, term1 = 0.014343, term2 = 0.000065
🌟 New best Q found: 0.000242 at iter 65
best_Q = 0.00024229291011579335, final_Q = 0.000242

--- Iteration 66 ---
U1 - Qu_upper = 0.366987, U2 - Qv_upper = 0.289097
eta = 0.9881, interval_left = 0.9743, interval_right = 1.0000
Q = 0.000258, term1 = 0.014691, term2 = 0.000084
best_Q = 0.00024229291011579335, final_Q = 0.000258

--- Iteration 67 ---
U1 - Qu_upper = 0.348220, U2 - Qv_upper = 0.291402
eta = 0.9883, interval_left = 0.9755, interval_right = 1.0000
Q = 0.000258, term1 = 0.016721, term2 = 0.000063
best_Q = 0.00024229291011579335, final_Q = 0.000258

--- Iteration 68 ---
U1 - Qu_upper = 0.357934, U2 - Qv_upper = 0.291020
eta = 0.9890, interval_left = 0.9768, interval_right = 1.0000
Q = 0.000241, term1 = 0.015711, term2 = 0.000070
🌟 New best Q found: 0.000241 at iter 68
best_Q = 0.00024124752962961793, final_Q = 0.000241

--- Iteration 69 ---
U1 - Qu_upper = 0.341142, U2 - Qv_upper = 0.292475
eta = 0.9893, interval_left = 0.9779, interval_right = 1.0000
Q = 0.000240, term1 = 0.017835, term2 = 0.000049
🌟 New best Q found: 0.000240 at iter 69
best_Q = 0.00023958862584549934, final_Q = 0.000240

--- Iteration 70 ---
U1 - Qu_upper = 0.331768, U2 - Qv_upper = 0.298229
eta = 0.9896, interval_left = 0.9790, interval_right = 1.0000
Q = 0.000224, term1 = 0.018893, term2 = 0.000027
🌟 New best Q found: 0.000224 at iter 70
best_Q = 0.00022446995717473328, final_Q = 0.000224

--- Iteration 71 ---
U1 - Qu_upper = 0.340663, U2 - Qv_upper = 0.293941
eta = 0.9903, interval_left = 0.9801, interval_right = 1.0000
Q = 0.000219, term1 = 0.018050, term2 = 0.000044
🌟 New best Q found: 0.000219 at iter 71
best_Q = 0.00021887265029363334, final_Q = 0.000219

--- Iteration 72 ---
U1 - Qu_upper = 0.359620, U2 - Qv_upper = 0.293807
eta = 0.9910, interval_left = 0.9811, interval_right = 1.0000
Q = 0.000188, term1 = 0.015933, term2 = 0.000045
🌟 New best Q found: 0.000188 at iter 72
best_Q = 0.00018771343457046896, final_Q = 0.000188

--- Iteration 73 ---
U1 - Qu_upper = 0.360451, U2 - Qv_upper = 0.296991
eta = 0.9915, interval_left = 0.9820, interval_right = 1.0000
Q = 0.000169, term1 = 0.016321, term2 = 0.000030
🌟 New best Q found: 0.000169 at iter 73
best_Q = 0.00016877564485184848, final_Q = 0.000169

--- Iteration 74 ---
U1 - Qu_upper = 0.361189, U2 - Qv_upper = 0.295276
eta = 0.9919, interval_left = 0.9829, interval_right = 1.0000
Q = 0.000168, term1 = 0.016381, term2 = 0.000036
🌟 New best Q found: 0.000168 at iter 74
best_Q = 0.00016794305702205747, final_Q = 0.000168

--- Iteration 75 ---
U1 - Qu_upper = 0.364321, U2 - Qv_upper = 0.293025
eta = 0.9924, interval_left = 0.9838, interval_right = 1.0000
Q = 0.000171, term1 = 0.015978, term2 = 0.000050
best_Q = 0.00016794305702205747, final_Q = 0.000171

--- Iteration 76 ---
U1 - Qu_upper = 0.364321, U2 - Qv_upper = 0.293025
eta = 0.9928, interval_left = 0.9846, interval_right = 1.0000
Q = 0.000165, term1 = 0.015978, term2 = 0.000050
🌟 New best Q found: 0.000165 at iter 76
best_Q = 0.00016471697017550468, final_Q = 0.000165

--- Iteration 77 ---
U1 - Qu_upper = 0.373596, U2 - Qv_upper = 0.294723
eta = 0.9932, interval_left = 0.9854, interval_right = 1.0000
Q = 0.000141, term1 = 0.015226, term2 = 0.000038
🌟 New best Q found: 0.000141 at iter 77
best_Q = 0.00014099381223786622, final_Q = 0.000141

--- Iteration 78 ---
U1 - Qu_upper = 0.370279, U2 - Qv_upper = 0.292408
eta = 0.9935, interval_left = 0.9861, interval_right = 1.0000
Q = 0.000150, term1 = 0.015507, term2 = 0.000050
best_Q = 0.00014099381223786622, final_Q = 0.000150

--- Iteration 79 ---
U1 - Qu_upper = 0.381948, U2 - Qv_upper = 0.300000
eta = 0.9939, interval_left = 0.9868, interval_right = 1.0000
Q = 0.000114, term1 = 0.014575, term2 = 0.000025
🌟 New best Q found: 0.000114 at iter 79
best_Q = 0.00011428203288232908, final_Q = 0.000114

--- Iteration 80 ---
U1 - Qu_upper = 0.381696, U2 - Qv_upper = 0.300000
eta = 0.9942, interval_left = 0.9874, interval_right = 1.0000
Q = 0.000107, term1 = 0.014525, term2 = 0.000022
🌟 New best Q found: 0.000107 at iter 80
best_Q = 0.00010681740241125226, final_Q = 0.000107

--- Iteration 81 ---
U1 - Qu_upper = 0.379994, U2 - Qv_upper = 0.300000
eta = 0.9945, interval_left = 0.9881, interval_right = 1.0000
Q = 0.000099, term1 = 0.014585, term2 = 0.000019
🌟 New best Q found: 0.000099 at iter 81
best_Q = 9.928482177201658e-05, final_Q = 0.000099

--- Iteration 82 ---
U1 - Qu_upper = 0.363589, U2 - Qv_upper = 0.300000
eta = 0.9946, interval_left = 0.9887, interval_right = 1.0000
Q = 0.000104, term1 = 0.016614, term2 = 0.000015
best_Q = 9.928482177201658e-05, final_Q = 0.000104

--- Iteration 83 ---
U1 - Qu_upper = 0.353217, U2 - Qv_upper = 0.295029
eta = 0.9948, interval_left = 0.9892, interval_right = 1.0000
Q = 0.000124, term1 = 0.018323, term2 = 0.000030
best_Q = 9.928482177201658e-05, final_Q = 0.000124

--- Iteration 84 ---
U1 - Qu_upper = 0.360289, U2 - Qv_upper = 0.300000
eta = 0.9951, interval_left = 0.9898, interval_right = 1.0000
Q = 0.000101, term1 = 0.016952, term2 = 0.000018
best_Q = 9.928482177201658e-05, final_Q = 0.000101

--- Iteration 85 ---
U1 - Qu_upper = 0.357428, U2 - Qv_upper = 0.300000
eta = 0.9953, interval_left = 0.9903, interval_right = 1.0000
Q = 0.000095, term1 = 0.017830, term2 = 0.000012
🌟 New best Q found: 0.000095 at iter 85
best_Q = 9.534903801977634e-05, final_Q = 0.000095

--- Iteration 86 ---
U1 - Qu_upper = 0.366926, U2 - Qv_upper = 0.300000
eta = 0.9956, interval_left = 0.9908, interval_right = 1.0000
Q = 0.000090, term1 = 0.016874, term2 = 0.000016
🌟 New best Q found: 0.000090 at iter 86
best_Q = 9.01319581316784e-05, final_Q = 0.000090

--- Iteration 87 ---
U1 - Qu_upper = 0.368204, U2 - Qv_upper = 0.300000
eta = 0.9959, interval_left = 0.9912, interval_right = 1.0000
Q = 0.000081, term1 = 0.016730, term2 = 0.000011
🌟 New best Q found: 0.000081 at iter 87
best_Q = 8.066261216299608e-05, final_Q = 0.000081

--- Iteration 88 ---
U1 - Qu_upper = 0.369773, U2 - Qv_upper = 0.297159
eta = 0.9961, interval_left = 0.9917, interval_right = 1.0000
Q = 0.000091, term1 = 0.016557, term2 = 0.000026
best_Q = 8.066261216299608e-05, final_Q = 0.000091

--- Iteration 89 ---
U1 - Qu_upper = 0.376973, U2 - Qv_upper = 0.293026
eta = 0.9964, interval_left = 0.9921, interval_right = 1.0000
Q = 0.000096, term1 = 0.015651, term2 = 0.000040
best_Q = 8.066261216299608e-05, final_Q = 0.000096

--- Iteration 90 ---
U1 - Qu_upper = 0.374438, U2 - Qv_upper = 0.300000
eta = 0.9965, interval_left = 0.9925, interval_right = 1.0000
Q = 0.000076, term1 = 0.015618, term2 = 0.000021
🌟 New best Q found: 0.000076 at iter 90
best_Q = 7.559912046417594e-05, final_Q = 0.000076

--- Iteration 91 ---
U1 - Qu_upper = 0.373349, U2 - Qv_upper = 0.294108
eta = 0.9967, interval_left = 0.9929, interval_right = 1.0000
Q = 0.000090, term1 = 0.015367, term2 = 0.000039
best_Q = 7.559912046417594e-05, final_Q = 0.000090

--- Iteration 92 ---
U1 - Qu_upper = 0.367950, U2 - Qv_upper = 0.296625
eta = 0.9968, interval_left = 0.9932, interval_right = 1.0000
Q = 0.000081, term1 = 0.015810, term2 = 0.000031
best_Q = 7.559912046417594e-05, final_Q = 0.000081

--- Iteration 93 ---
U1 - Qu_upper = 0.382701, U2 - Qv_upper = 0.300000
eta = 0.9970, interval_left = 0.9936, interval_right = 1.0000
Q = 0.000064, term1 = 0.014400, term2 = 0.000021
🌟 New best Q found: 0.000064 at iter 93
best_Q = 6.354693323373795e-05, final_Q = 0.000064

--- Iteration 94 ---
U1 - Qu_upper = 0.381014, U2 - Qv_upper = 0.300000
eta = 0.9972, interval_left = 0.9939, interval_right = 1.0000
Q = 0.000059, term1 = 0.014887, term2 = 0.000017
🌟 New best Q found: 0.000059 at iter 94
best_Q = 5.897092341911048e-05, final_Q = 0.000059

--- Iteration 95 ---
U1 - Qu_upper = 0.372952, U2 - Qv_upper = 0.300000
eta = 0.9973, interval_left = 0.9942, interval_right = 1.0000
Q = 0.000056, term1 = 0.015494, term2 = 0.000014
🌟 New best Q found: 0.000056 at iter 95
best_Q = 5.6276297982549295e-05, final_Q = 0.000056

--- Iteration 96 ---
U1 - Qu_upper = 0.353945, U2 - Qv_upper = 0.300000
eta = 0.9973, interval_left = 0.9945, interval_right = 1.0000
Q = 0.000058, term1 = 0.017089, term2 = 0.000013
best_Q = 5.6276297982549295e-05, final_Q = 0.000058

--- Iteration 97 ---
U1 - Qu_upper = 0.358917, U2 - Qv_upper = 0.300000
eta = 0.9975, interval_left = 0.9948, interval_right = 1.0000
Q = 0.000055, term1 = 0.016659, term2 = 0.000013
🌟 New best Q found: 0.000055 at iter 97
best_Q = 5.4506737797055393e-05, final_Q = 0.000055

--- Iteration 98 ---
U1 - Qu_upper = 0.357819, U2 - Qv_upper = 0.300000
eta = 0.9976, interval_left = 0.9950, interval_right = 1.0000
Q = 0.000053, term1 = 0.016783, term2 = 0.000013
🌟 New best Q found: 0.000053 at iter 98
best_Q = 5.289369073580019e-05, final_Q = 0.000053

--- Iteration 99 ---
U1 - Qu_upper = 0.359405, U2 - Qv_upper = 0.300000
eta = 0.9977, interval_left = 0.9953, interval_right = 1.0000
Q = 0.000048, term1 = 0.016664, term2 = 0.000010
🌟 New best Q found: 0.000048 at iter 99
best_Q = 4.780901872436516e-05, final_Q = 0.000048
Optimization End
📁 Visualization directory ensured: /work3/s232263/DCE_Results/german_credit/MLP/DCE_u1=0.5,u2=0.3,l=0.2,r=1.0,mi=100,tk=1,nt=10/cone_all_Genetic_cp=0.8,gsp=0.5,mpc=0.3,mpo=0.8,mns=0.1,cs=1.2,ct=0.1,temp=2.0/seed_123_20250805_024914/visualizations
Model saved to: /work3/s232263/DCE_Results/german_credit/MLP/DCE_u1=0.5,u2=0.3,l=0.2,r=1.0,mi=100,tk=1,nt=10/cone_all_Genetic_cp=0.8,gsp=0.5,mpc=0.3,mpo=0.8,mns=0.1,cs=1.2,ct=0.1,temp=2.0/seed_123_20250805_024914/model.pkl
Best results saved to: /work3/s232263/DCE_Results/german_credit/MLP/DCE_u1=0.5,u2=0.3,l=0.2,r=1.0,mi=100,tk=1,nt=10/cone_all_Genetic_cp=0.8,gsp=0.5,mpc=0.3,mpo=0.8,mns=0.1,cs=1.2,ct=0.1,temp=2.0/seed_123_20250805_024914
Final results saved to: /work3/s232263/DCE_Results/german_credit/MLP/DCE_u1=0.5,u2=0.3,l=0.2,r=1.0,mi=100,tk=1,nt=10/cone_all_Genetic_cp=0.8,gsp=0.5,mpc=0.3,mpo=0.8,mns=0.1,cs=1.2,ct=0.1,temp=2.0/seed_123_20250805_024914
Optimization log saved to: /work3/s232263/DCE_Results/german_credit/MLP/DCE_u1=0.5,u2=0.3,l=0.2,r=1.0,mi=100,tk=1,nt=10/cone_all_Genetic_cp=0.8,gsp=0.5,mpc=0.3,mpo=0.8,mns=0.1,cs=1.2,ct=0.1,temp=2.0/seed_123_20250805_024914
All results successfully saved to: /work3/s232263/DCE_Results/german_credit/MLP/DCE_u1=0.5,u2=0.3,l=0.2,r=1.0,mi=100,tk=1,nt=10/cone_all_Genetic_cp=0.8,gsp=0.5,mpc=0.3,mpo=0.8,mns=0.1,cs=1.2,ct=0.1,temp=2.0/seed_123_20250805_024914
Visualizations will be saved to: /work3/s232263/DCE_Results/german_credit/MLP/DCE_u1=0.5,u2=0.3,l=0.2,r=1.0,mi=100,tk=1,nt=10/cone_all_Genetic_cp=0.8,gsp=0.5,mpc=0.3,mpo=0.8,mns=0.1,cs=1.2,ct=0.1,temp=2.0/seed_123_20250805_024914/visualizations
✅ DCE explanation completed!
🎯 Best Q: 0.000048
📊 Final Q: 0.000048
🎉 Found feasible solution: True
💾 Results saved to: /work3/s232263/DCE_Results/german_credit/MLP/DCE_u1=0.5,u2=0.3,l=0.2,r=1.0,mi=100,tk=1,nt=10/cone_all_Genetic_cp=0.8,gsp=0.5,mpc=0.3,mpo=0.8,mns=0.1,cs=1.2,ct=0.1,temp=2.0/seed_123_20250805_024914
📊 Calculating metrics...
✅ Data processed for metrics calculation
   Coverage Rate: 0.880
   MMD: 0.023
   OT Distance: 0.0410
   Percentile Differences:
     0-15%: 32.027%
     15-30%: 38.858%
     30-70%: 334.470%
     70-85%: 10.929%
     85-100%: 19.838%
   AReS Cost: 10.214
💾 Metrics saved to: /work3/s232263/DCE_Results/german_credit/MLP/DCE_u1=0.5,u2=0.3,l=0.2,r=1.0,mi=100,tk=1,nt=10/cone_all_Genetic_cp=0.8,gsp=0.5,mpc=0.3,mpo=0.8,mns=0.1,cs=1.2,ct=0.1,temp=2.0/seed_123_20250805_024914/metrics_summary.json

============================================================
🎲 Running experiment: simulated_annealing (alias: sa_demo)
============================================================
🎯 Creating strategy: simulated_annealing (alias: sa_demo)
🧭 Full cone sampling mode (both categorical and continuous)
📐 Cone angle: 45.0° (0.785 rad)
🚀 Starting DCE explanation...
📍 Using original factual data as starting point (X_init=False)
Results will be saved to: /work3/s232263/DCE_Results/german_credit/MLP/DCE_u1=0.5,u2=0.3,l=0.2,r=1.0,mi=100,tk=1,nt=10/cone_all_SimulatedAnnealing_T0=1.5,Tf=0.01,td=None,cs=1.2,ct=0.1,temp=2.0/seed_123_20250805_031522
📁 Initial data saved:
   - x_true.csv: (50, 9)
   - y_true.csv: (50, 1)
   - y_target.csv: (50,)
Training Start
Optimization Start

--- Iteration 0 ---
U1 - Qu_upper = 0.500000, U2 - Qv_upper = -0.257777
eta = 1.0000, interval_left = 0.2400, interval_right = 1.0000
Q = 0.135768, term1 = 0.000000, term2 = 0.135768
best_Q = inf, final_Q = 0.135768

--- Iteration 1 ---
U1 - Qu_upper = 0.455548, U2 - Qv_upper = -0.219884
eta = 1.0000, interval_left = 0.2780, interval_right = 1.0000
Q = 0.112675, term1 = 0.004857, term2 = 0.112675
best_Q = inf, final_Q = 0.112675

--- Iteration 2 ---
U1 - Qu_upper = 0.418712, U2 - Qv_upper = -0.184237
eta = 1.0000, interval_left = 0.3141, interval_right = 1.0000
Q = 0.098357, term1 = 0.007718, term2 = 0.098357
best_Q = inf, final_Q = 0.098357

--- Iteration 3 ---
U1 - Qu_upper = 0.364306, U2 - Qv_upper = -0.149649
eta = 1.0000, interval_left = 0.3484, interval_right = 1.0000
Q = 0.085437, term1 = 0.013745, term2 = 0.085437
best_Q = inf, final_Q = 0.085437

--- Iteration 4 ---
U1 - Qu_upper = 0.342020, U2 - Qv_upper = -0.099496
eta = 1.0000, interval_left = 0.3810, interval_right = 1.0000
Q = 0.067733, term1 = 0.016184, term2 = 0.067733
best_Q = inf, final_Q = 0.067733

--- Iteration 5 ---
U1 - Qu_upper = 0.301729, U2 - Qv_upper = -0.051768
eta = 1.0000, interval_left = 0.4119, interval_right = 1.0000
Q = 0.051210, term1 = 0.022187, term2 = 0.051210
best_Q = inf, final_Q = 0.051210

--- Iteration 6 ---
U1 - Qu_upper = 0.286367, U2 - Qv_upper = -0.000650
eta = 1.0000, interval_left = 0.4413, interval_right = 1.0000
Q = 0.037091, term1 = 0.025150, term2 = 0.037091
best_Q = inf, final_Q = 0.037091

--- Iteration 7 ---
U1 - Qu_upper = 0.267029, U2 - Qv_upper = 0.062812
eta = 0.8936, interval_left = 0.4693, interval_right = 1.0000
Q = 0.023442, term1 = 0.028841, term2 = 0.022800
🌟 New best Q found: 0.023442 at iter 7
best_Q = 0.02344221994280815, final_Q = 0.023442

--- Iteration 8 ---
U1 - Qu_upper = 0.258222, U2 - Qv_upper = 0.107144
eta = 0.8444, interval_left = 0.4958, interval_right = 1.0000
Q = 0.017441, term1 = 0.029899, term2 = 0.015145
🌟 New best Q found: 0.017441 at iter 8
best_Q = 0.017441168427467346, final_Q = 0.017441

--- Iteration 9 ---
U1 - Qu_upper = 0.259859, U2 - Qv_upper = 0.159075
eta = 0.8085, interval_left = 0.5210, interval_right = 1.0000
Q = 0.012232, term1 = 0.029780, term2 = 0.008076
🌟 New best Q found: 0.012232 at iter 9
best_Q = 0.012231503613293171, final_Q = 0.012232

--- Iteration 10 ---
U1 - Qu_upper = 0.276912, U2 - Qv_upper = 0.215473
eta = 0.7904, interval_left = 0.5450, interval_right = 1.0000
Q = 0.007878, term1 = 0.026536, term2 = 0.002930
🌟 New best Q found: 0.007878 at iter 10
best_Q = 0.007878486067056656, final_Q = 0.007878

--- Iteration 11 ---
U1 - Qu_upper = 0.311705, U2 - Qv_upper = 0.198631
eta = 0.8229, interval_left = 0.5677, interval_right = 1.0000
Q = 0.007218, term1 = 0.021318, term2 = 0.004183
🌟 New best Q found: 0.007218 at iter 11
best_Q = 0.007217506878077984, final_Q = 0.007218

--- Iteration 12 ---
U1 - Qu_upper = 0.275704, U2 - Qv_upper = 0.241745
eta = 0.7980, interval_left = 0.5893, interval_right = 1.0000
Q = 0.006695, term1 = 0.027530, term2 = 0.001422
🌟 New best Q found: 0.006695 at iter 12
best_Q = 0.006695104762911797, final_Q = 0.006695

--- Iteration 13 ---
U1 - Qu_upper = 0.300005, U2 - Qv_upper = 0.257499
eta = 0.8103, interval_left = 0.6099, interval_right = 1.0000
Q = 0.004988, term1 = 0.023048, term2 = 0.000760
🌟 New best Q found: 0.004988 at iter 13
best_Q = 0.004987823776900768, final_Q = 0.004988

--- Iteration 14 ---
U1 - Qu_upper = 0.280081, U2 - Qv_upper = 0.257621
eta = 0.8131, interval_left = 0.6294, interval_right = 1.0000
Q = 0.005573, term1 = 0.026537, term2 = 0.000754
best_Q = 0.004987823776900768, final_Q = 0.005573

--- Iteration 15 ---
U1 - Qu_upper = 0.242108, U2 - Qv_upper = 0.244005
eta = 0.8140, interval_left = 0.6294, interval_right = 0.9815
Q = 0.007452, term1 = 0.034346, term2 = 0.001305
best_Q = 0.004987823776900768, final_Q = 0.007452

--- Iteration 16 ---
U1 - Qu_upper = 0.189116, U2 - Qv_upper = 0.153237
eta = 0.8239, interval_left = 0.6470, interval_right = 0.9815
Q = 0.015363, term1 = 0.046597, term2 = 0.008685
best_Q = 0.004987823776900768, final_Q = 0.015363

--- Iteration 17 ---
U1 - Qu_upper = 0.234660, U2 - Qv_upper = 0.073144
eta = 0.9020, interval_left = 0.6637, interval_right = 0.9815
Q = 0.022104, term1 = 0.035436, term2 = 0.020655
best_Q = 0.004987823776900768, final_Q = 0.022104

--- Iteration 18 ---
U1 - Qu_upper = 0.199753, U2 - Qv_upper = 0.235723
eta = 0.8095, interval_left = 0.6637, interval_right = 0.9656
Q = 0.009836, term1 = 0.044313, term2 = 0.001721
best_Q = 0.004987823776900768, final_Q = 0.009836

--- Iteration 19 ---
U1 - Qu_upper = 0.178980, U2 - Qv_upper = 0.240617
eta = 0.7925, interval_left = 0.6637, interval_right = 0.9505
Q = 0.011588, term1 = 0.050218, term2 = 0.001471
best_Q = 0.004987823776900768, final_Q = 0.011588

--- Iteration 20 ---
U1 - Qu_upper = 0.160014, U2 - Qv_upper = 0.240623
eta = 0.7782, interval_left = 0.6637, interval_right = 0.9361
Q = 0.013210, term1 = 0.054408, term2 = 0.001471
best_Q = 0.004987823776900768, final_Q = 0.013210

--- Iteration 21 ---
U1 - Qu_upper = 0.111113, U2 - Qv_upper = 0.257169
eta = 0.7459, interval_left = 0.6637, interval_right = 0.9225
Q = 0.018155, term1 = 0.069191, term2 = 0.000768
best_Q = 0.004987823776900768, final_Q = 0.018155

--- Iteration 22 ---
U1 - Qu_upper = 0.118113, U2 - Qv_upper = 0.257167
eta = 0.7452, interval_left = 0.6637, interval_right = 0.9096
Q = 0.017637, term1 = 0.066963, term2 = 0.000768
best_Q = 0.004987823776900768, final_Q = 0.017637

--- Iteration 23 ---
U1 - Qu_upper = 0.123403, U2 - Qv_upper = 0.256613
eta = 0.7435, interval_left = 0.6637, interval_right = 0.8973
Q = 0.017449, term1 = 0.065746, term2 = 0.000790
best_Q = 0.004987823776900768, final_Q = 0.017449

--- Iteration 24 ---
U1 - Qu_upper = 0.117477, U2 - Qv_upper = 0.256606
eta = 0.7371, interval_left = 0.6637, interval_right = 0.8856
Q = 0.018404, term1 = 0.067775, term2 = 0.000791
best_Q = 0.004987823776900768, final_Q = 0.018404

--- Iteration 25 ---
U1 - Qu_upper = 0.135971, U2 - Qv_upper = 0.256643
eta = 0.7405, interval_left = 0.6637, interval_right = 0.8745
Q = 0.016578, term1 = 0.061643, term2 = 0.000789
best_Q = 0.004987823776900768, final_Q = 0.016578

--- Iteration 26 ---
U1 - Qu_upper = 0.130465, U2 - Qv_upper = 0.257711
eta = 0.7346, interval_left = 0.6637, interval_right = 0.8640
Q = 0.017221, term1 = 0.062802, term2 = 0.000750
best_Q = 0.004987823776900768, final_Q = 0.017221

--- Iteration 27 ---
U1 - Qu_upper = 0.121349, U2 - Qv_upper = 0.262037
eta = 0.7271, interval_left = 0.6637, interval_right = 0.8540
Q = 0.018333, term1 = 0.065563, term2 = 0.000605
best_Q = 0.004987823776900768, final_Q = 0.018333

--- Iteration 28 ---
U1 - Qu_upper = 0.178034, U2 - Qv_upper = 0.262037
eta = 0.7407, interval_left = 0.6637, interval_right = 0.8444
Q = 0.013263, term1 = 0.049413, term2 = 0.000605
best_Q = 0.004987823776900768, final_Q = 0.013263

--- Iteration 29 ---
U1 - Qu_upper = 0.216923, U2 - Qv_upper = 0.261972
eta = 0.7456, interval_left = 0.6637, interval_right = 0.8354
Q = 0.010697, term1 = 0.040262, term2 = 0.000607
best_Q = 0.004987823776900768, final_Q = 0.010697

--- Iteration 30 ---
U1 - Qu_upper = 0.191597, U2 - Qv_upper = 0.245095
eta = 0.7390, interval_left = 0.6637, interval_right = 0.8268
Q = 0.012952, term1 = 0.046099, term2 = 0.001247
best_Q = 0.004987823776900768, final_Q = 0.012952

--- Iteration 31 ---
U1 - Qu_upper = 0.193020, U2 - Qv_upper = 0.199405
eta = 0.7439, interval_left = 0.6637, interval_right = 0.8187
Q = 0.014877, term1 = 0.046138, term2 = 0.004116
best_Q = 0.004987823776900768, final_Q = 0.014877

--- Iteration 32 ---
U1 - Qu_upper = 0.197807, U2 - Qv_upper = 0.245094
eta = 0.7329, interval_left = 0.6637, interval_right = 0.8109
Q = 0.012768, term1 = 0.044381, term2 = 0.001247
best_Q = 0.004987823776900768, final_Q = 0.012768

--- Iteration 33 ---
U1 - Qu_upper = 0.186283, U2 - Qv_upper = 0.118132
eta = 0.7538, interval_left = 0.6711, interval_right = 0.8109
Q = 0.021544, term1 = 0.046787, term2 = 0.013298
best_Q = 0.004987823776900768, final_Q = 0.021544

--- Iteration 34 ---
U1 - Qu_upper = 0.187202, U2 - Qv_upper = 0.080976
eta = 0.7687, interval_left = 0.6781, interval_right = 0.8109
Q = 0.025739, term1 = 0.047281, term2 = 0.019257
best_Q = 0.004987823776900768, final_Q = 0.025739

--- Iteration 35 ---
U1 - Qu_upper = 0.208440, U2 - Qv_upper = 0.147361
eta = 0.7559, interval_left = 0.6847, interval_right = 0.8109
Q = 0.017302, term1 = 0.041810, term2 = 0.009388
best_Q = 0.004987823776900768, final_Q = 0.017302

--- Iteration 36 ---
U1 - Qu_upper = 0.211022, U2 - Qv_upper = 0.251810
eta = 0.7422, interval_left = 0.6847, interval_right = 0.8046
Q = 0.011355, term1 = 0.041288, term2 = 0.000960
best_Q = 0.004987823776900768, final_Q = 0.011355

--- Iteration 37 ---
U1 - Qu_upper = 0.233534, U2 - Qv_upper = 0.247644
eta = 0.7429, interval_left = 0.6847, interval_right = 0.7986
Q = 0.010261, term1 = 0.036610, term2 = 0.001142
best_Q = 0.004987823776900768, final_Q = 0.010261

--- Iteration 38 ---
U1 - Qu_upper = 0.213903, U2 - Qv_upper = 0.074190
eta = 0.7693, interval_left = 0.6904, interval_right = 0.7986
Q = 0.025179, term1 = 0.040872, term2 = 0.020472
best_Q = 0.004987823776900768, final_Q = 0.025179

--- Iteration 39 ---
U1 - Qu_upper = 0.224134, U2 - Qv_upper = 0.233575
eta = 0.7434, interval_left = 0.6904, interval_right = 0.7932
Q = 0.011421, term1 = 0.039172, term2 = 0.001841
best_Q = 0.004987823776900768, final_Q = 0.011421

--- Iteration 40 ---
U1 - Qu_upper = 0.212328, U2 - Qv_upper = 0.250175
eta = 0.7376, interval_left = 0.6904, interval_right = 0.7881
Q = 0.011479, term1 = 0.040833, term2 = 0.001035
best_Q = 0.004987823776900768, final_Q = 0.011479

--- Iteration 41 ---
U1 - Qu_upper = 0.170729, U2 - Qv_upper = 0.233239
eta = 0.7317, interval_left = 0.6904, interval_right = 0.7832
Q = 0.015170, term1 = 0.051519, term2 = 0.001839
best_Q = 0.004987823776900768, final_Q = 0.015170

--- Iteration 42 ---
U1 - Qu_upper = 0.123468, U2 - Qv_upper = 0.233130
eta = 0.7225, interval_left = 0.6904, interval_right = 0.7785
Q = 0.019533, term1 = 0.065589, term2 = 0.001845
best_Q = 0.004987823776900768, final_Q = 0.019533

--- Iteration 43 ---
U1 - Qu_upper = 0.105887, U2 - Qv_upper = 0.233134
eta = 0.7179, interval_left = 0.6904, interval_right = 0.7741
Q = 0.021286, term1 = 0.070766, term2 = 0.001845
best_Q = 0.004987823776900768, final_Q = 0.021286

--- Iteration 44 ---
U1 - Qu_upper = 0.095722, U2 - Qv_upper = 0.233134
eta = 0.7148, interval_left = 0.6904, interval_right = 0.7699
Q = 0.022326, term1 = 0.073648, term2 = 0.001845
best_Q = 0.004987823776900768, final_Q = 0.022326

--- Iteration 45 ---
U1 - Qu_upper = 0.089205, U2 - Qv_upper = 0.116180
eta = 0.7249, interval_left = 0.6904, interval_right = 0.7660
Q = 0.030982, term1 = 0.076838, term2 = 0.013583
best_Q = 0.004987823776900768, final_Q = 0.030982

--- Iteration 46 ---
U1 - Qu_upper = 0.117174, U2 - Qv_upper = 0.221697
eta = 0.7165, interval_left = 0.6904, interval_right = 0.7622
Q = 0.020848, term1 = 0.067174, term2 = 0.002520
best_Q = 0.004987823776900768, final_Q = 0.020848

--- Iteration 47 ---
U1 - Qu_upper = 0.094532, U2 - Qv_upper = 0.233063
eta = 0.7111, interval_left = 0.6904, interval_right = 0.7586
Q = 0.022945, term1 = 0.074884, term2 = 0.001845
best_Q = 0.004987823776900768, final_Q = 0.022945

--- Iteration 48 ---
U1 - Qu_upper = 0.076808, U2 - Qv_upper = 0.247796
eta = 0.7065, interval_left = 0.6904, interval_right = 0.7552
Q = 0.024471, term1 = 0.080639, term2 = 0.001140
best_Q = 0.004987823776900768, final_Q = 0.024471

--- Iteration 49 ---
U1 - Qu_upper = 0.046036, U2 - Qv_upper = 0.247819
eta = 0.7005, interval_left = 0.6904, interval_right = 0.7519
Q = 0.028183, term1 = 0.091451, term2 = 0.001138
best_Q = 0.004987823776900768, final_Q = 0.028183

--- Iteration 50 ---
U1 - Qu_upper = 0.035444, U2 - Qv_upper = 0.247819
eta = 0.6981, interval_left = 0.6904, interval_right = 0.7489
Q = 0.029975, term1 = 0.096652, term2 = 0.001138
best_Q = 0.004987823776900768, final_Q = 0.029975

--- Iteration 51 ---
U1 - Qu_upper = 0.038400, U2 - Qv_upper = 0.247819
eta = 0.6982, interval_left = 0.6904, interval_right = 0.7459
Q = 0.029676, term1 = 0.095706, term2 = 0.001138
best_Q = 0.004987823776900768, final_Q = 0.029676

--- Iteration 52 ---
U1 - Qu_upper = 0.018003, U2 - Qv_upper = 0.221267
eta = 0.6946, interval_left = 0.6904, interval_right = 0.7432
Q = 0.033245, term1 = 0.103090, term2 = 0.002532
best_Q = 0.004987823776900768, final_Q = 0.033245

--- Iteration 53 ---
U1 - Qu_upper = 0.042939, U2 - Qv_upper = 0.079355
eta = 0.7089, interval_left = 0.6904, interval_right = 0.7405
Q = 0.041005, term1 = 0.093288, term2 = 0.019537
best_Q = 0.004987823776900768, final_Q = 0.041005

--- Iteration 54 ---
U1 - Qu_upper = 0.087286, U2 - Qv_upper = 0.198361
eta = 0.7057, interval_left = 0.6904, interval_right = 0.7380
Q = 0.025634, term1 = 0.077043, term2 = 0.004196
best_Q = 0.004987823776900768, final_Q = 0.025634

--- Iteration 55 ---
U1 - Qu_upper = 0.115594, U2 - Qv_upper = 0.065243
eta = 0.7208, interval_left = 0.6928, interval_right = 0.7380
Q = 0.034884, term1 = 0.067873, term2 = 0.022108
best_Q = 0.004987823776900768, final_Q = 0.034884

--- Iteration 56 ---
U1 - Qu_upper = 0.092709, U2 - Qv_upper = 0.204866
eta = 0.7069, interval_left = 0.6928, interval_right = 0.7358
Q = 0.024635, term1 = 0.075158, term2 = 0.003684
best_Q = 0.004987823776900768, final_Q = 0.024635

--- Iteration 57 ---
U1 - Qu_upper = 0.074020, U2 - Qv_upper = 0.218231
eta = 0.7037, interval_left = 0.6928, interval_right = 0.7336
Q = 0.026106, term1 = 0.081672, term2 = 0.002704
best_Q = 0.004987823776900768, final_Q = 0.026106

--- Iteration 58 ---
U1 - Qu_upper = 0.023941, U2 - Qv_upper = 0.244639
eta = 0.6964, interval_left = 0.6928, interval_right = 0.7316
Q = 0.031055, term1 = 0.099417, term2 = 0.001254
best_Q = 0.004987823776900768, final_Q = 0.031055

--- Iteration 59 ---
U1 - Qu_upper = 0.029239, U2 - Qv_upper = 0.244969
eta = 0.6969, interval_left = 0.6928, interval_right = 0.7296
Q = 0.030596, term1 = 0.098096, term2 = 0.001239
best_Q = 0.004987823776900768, final_Q = 0.030596

--- Iteration 60 ---
U1 - Qu_upper = 0.027637, U2 - Qv_upper = 0.096981
eta = 0.7009, interval_left = 0.6928, interval_right = 0.7278
Q = 0.041187, term1 = 0.098981, term2 = 0.016529
best_Q = 0.004987823776900768, final_Q = 0.041187

--- Iteration 61 ---
U1 - Qu_upper = 0.010646, U2 - Qv_upper = 0.074509
eta = 0.6971, interval_left = 0.6928, interval_right = 0.7260
Q = 0.046373, term1 = 0.106205, term2 = 0.020381
best_Q = 0.004987823776900768, final_Q = 0.046373

--- Iteration 62 ---
U1 - Qu_upper = 0.009035, U2 - Qv_upper = 0.244688
eta = 0.6940, interval_left = 0.6928, interval_right = 0.7244
Q = 0.033903, term1 = 0.107941, term2 = 0.001252
best_Q = 0.004987823776900768, final_Q = 0.033903

--- Iteration 63 ---
U1 - Qu_upper = 0.066448, U2 - Qv_upper = 0.074456
eta = 0.7077, interval_left = 0.6928, interval_right = 0.7228
Q = 0.039340, term1 = 0.085215, term2 = 0.020391
best_Q = 0.004987823776900768, final_Q = 0.039340

--- Iteration 64 ---
U1 - Qu_upper = 0.038667, U2 - Qv_upper = 0.131797
eta = 0.6996, interval_left = 0.6928, interval_right = 0.7213
Q = 0.036609, term1 = 0.095406, term2 = 0.011360
best_Q = 0.004987823776900768, final_Q = 0.036609

--- Iteration 65 ---
U1 - Qu_upper = 0.025814, U2 - Qv_upper = 0.244965
eta = 0.6955, interval_left = 0.6928, interval_right = 0.7199
Q = 0.031556, term1 = 0.100797, term2 = 0.001240
best_Q = 0.004987823776900768, final_Q = 0.031556

--- Iteration 66 ---
U1 - Qu_upper = 0.043449, U2 - Qv_upper = 0.073228
eta = 0.7029, interval_left = 0.6928, interval_right = 0.7185
Q = 0.042378, term1 = 0.093863, term2 = 0.020611
best_Q = 0.004987823776900768, final_Q = 0.042378

--- Iteration 67 ---
U1 - Qu_upper = 0.078511, U2 - Qv_upper = 0.073697
eta = 0.7060, interval_left = 0.6941, interval_right = 0.7185
Q = 0.038411, term1 = 0.081366, term2 = 0.020527
best_Q = 0.004987823776900768, final_Q = 0.038411

--- Iteration 68 ---
U1 - Qu_upper = 0.061632, U2 - Qv_upper = 0.129237
eta = 0.7020, interval_left = 0.6941, interval_right = 0.7173
Q = 0.034355, term1 = 0.087698, term2 = 0.011705
best_Q = 0.004987823776900768, final_Q = 0.034355

--- Iteration 69 ---
U1 - Qu_upper = 0.070808, U2 - Qv_upper = 0.244852
eta = 0.6993, interval_left = 0.6941, interval_right = 0.7161
Q = 0.026130, term1 = 0.084005, term2 = 0.001240
best_Q = 0.004987823776900768, final_Q = 0.026130

--- Iteration 70 ---
U1 - Qu_upper = 0.060688, U2 - Qv_upper = 0.244852
eta = 0.6984, interval_left = 0.6941, interval_right = 0.7150
Q = 0.027286, term1 = 0.087613, term2 = 0.001240
best_Q = 0.004987823776900768, final_Q = 0.027286

--- Iteration 71 ---
U1 - Qu_upper = 0.052790, U2 - Qv_upper = 0.240955
eta = 0.6978, interval_left = 0.6941, interval_right = 0.7140
Q = 0.028447, term1 = 0.090846, term2 = 0.001427
best_Q = 0.004987823776900768, final_Q = 0.028447

--- Iteration 72 ---
U1 - Qu_upper = 0.076004, U2 - Qv_upper = 0.261792
eta = 0.6985, interval_left = 0.6941, interval_right = 0.7130
Q = 0.025502, term1 = 0.083169, term2 = 0.000615
best_Q = 0.004987823776900768, final_Q = 0.025502

--- Iteration 73 ---
U1 - Qu_upper = 0.077747, U2 - Qv_upper = 0.240918
eta = 0.6987, interval_left = 0.6941, interval_right = 0.7120
Q = 0.025584, term1 = 0.081597, term2 = 0.001427
best_Q = 0.004987823776900768, final_Q = 0.025584

--- Iteration 74 ---
U1 - Qu_upper = 0.048318, U2 - Qv_upper = 0.235216
eta = 0.6971, interval_left = 0.6941, interval_right = 0.7111
Q = 0.029392, term1 = 0.093054, term2 = 0.001733
best_Q = 0.004987823776900768, final_Q = 0.029392

--- Iteration 75 ---
U1 - Qu_upper = 0.068457, U2 - Qv_upper = 0.074127
eta = 0.7023, interval_left = 0.6941, interval_right = 0.7103
Q = 0.039765, term1 = 0.085287, term2 = 0.020464
best_Q = 0.004987823776900768, final_Q = 0.039765

--- Iteration 76 ---
U1 - Qu_upper = 0.069955, U2 - Qv_upper = 0.240701
eta = 0.6977, interval_left = 0.6941, interval_right = 0.7095
Q = 0.026585, term1 = 0.084590, term2 = 0.001454
best_Q = 0.004987823776900768, final_Q = 0.026585

--- Iteration 77 ---
U1 - Qu_upper = 0.063106, U2 - Qv_upper = 0.249103
eta = 0.6972, interval_left = 0.6941, interval_right = 0.7087
Q = 0.027202, term1 = 0.087371, term2 = 0.001067
best_Q = 0.004987823776900768, final_Q = 0.027202

--- Iteration 78 ---
U1 - Qu_upper = 0.025894, U2 - Qv_upper = 0.215174
eta = 0.6956, interval_left = 0.6941, interval_right = 0.7080
Q = 0.032835, term1 = 0.101190, term2 = 0.002927
best_Q = 0.004987823776900768, final_Q = 0.032835

--- Iteration 79 ---
U1 - Qu_upper = 0.038029, U2 - Qv_upper = 0.215176
eta = 0.6961, interval_left = 0.6941, interval_right = 0.7073
Q = 0.031336, term1 = 0.096422, term2 = 0.002927
best_Q = 0.004987823776900768, final_Q = 0.031336

--- Iteration 80 ---
U1 - Qu_upper = 0.084897, U2 - Qv_upper = 0.076288
eta = 0.7010, interval_left = 0.6947, interval_right = 0.7073
Q = 0.037749, term1 = 0.079206, term2 = 0.020068
best_Q = 0.004987823776900768, final_Q = 0.037749

--- Iteration 81 ---
U1 - Qu_upper = 0.068813, U2 - Qv_upper = 0.092402
eta = 0.7001, interval_left = 0.6947, interval_right = 0.7066
Q = 0.037655, term1 = 0.085197, term2 = 0.017288
best_Q = 0.004987823776900768, final_Q = 0.037655

--- Iteration 82 ---
U1 - Qu_upper = 0.075512, U2 - Qv_upper = 0.250018
eta = 0.6975, interval_left = 0.6947, interval_right = 0.7060
Q = 0.025642, term1 = 0.082406, term2 = 0.001022
best_Q = 0.004987823776900768, final_Q = 0.025642

--- Iteration 83 ---
U1 - Qu_upper = 0.058073, U2 - Qv_upper = 0.250018
eta = 0.6969, interval_left = 0.6947, interval_right = 0.7055
Q = 0.028080, term1 = 0.090279, term2 = 0.001022
best_Q = 0.004987823776900768, final_Q = 0.028080

--- Iteration 84 ---
U1 - Qu_upper = 0.060767, U2 - Qv_upper = 0.249547
eta = 0.6968, interval_left = 0.6947, interval_right = 0.7049
Q = 0.027818, term1 = 0.089353, term2 = 0.001045
best_Q = 0.004987823776900768, final_Q = 0.027818

--- Iteration 85 ---
U1 - Qu_upper = 0.029085, U2 - Qv_upper = 0.249524
eta = 0.6958, interval_left = 0.6947, interval_right = 0.7044
Q = 0.031703, term1 = 0.101821, term2 = 0.001046
best_Q = 0.004987823776900768, final_Q = 0.031703

--- Iteration 86 ---
U1 - Qu_upper = 0.061069, U2 - Qv_upper = 0.249524
eta = 0.6966, interval_left = 0.6947, interval_right = 0.7039
Q = 0.028039, term1 = 0.090023, term2 = 0.001046
best_Q = 0.004987823776900768, final_Q = 0.028039

--- Iteration 87 ---
U1 - Qu_upper = 0.078120, U2 - Qv_upper = 0.272219
eta = 0.6968, interval_left = 0.6947, interval_right = 0.7035
Q = 0.025410, term1 = 0.083051, term2 = 0.000326
best_Q = 0.004987823776900768, final_Q = 0.025410

--- Iteration 88 ---
U1 - Qu_upper = 0.091932, U2 - Qv_upper = 0.079907
eta = 0.6994, interval_left = 0.6952, interval_right = 0.7035
Q = 0.037146, term1 = 0.078430, term2 = 0.019403
best_Q = 0.004987823776900768, final_Q = 0.037146

--- Iteration 89 ---
U1 - Qu_upper = 0.074515, U2 - Qv_upper = 0.218554
eta = 0.6973, interval_left = 0.6952, interval_right = 0.7031
Q = 0.027481, term1 = 0.084605, term2 = 0.002680
best_Q = 0.004987823776900768, final_Q = 0.027481

--- Iteration 90 ---
U1 - Qu_upper = 0.067545, U2 - Qv_upper = 0.149424
eta = 0.6976, interval_left = 0.6952, interval_right = 0.7027
Q = 0.032726, term1 = 0.087243, term2 = 0.009096
best_Q = 0.004987823776900768, final_Q = 0.032726

--- Iteration 91 ---
U1 - Qu_upper = 0.098201, U2 - Qv_upper = 0.170644
eta = 0.6979, interval_left = 0.6952, interval_right = 0.7023
Q = 0.027753, term1 = 0.076342, term2 = 0.006720
best_Q = 0.004987823776900768, final_Q = 0.027753

--- Iteration 92 ---
U1 - Qu_upper = 0.107048, U2 - Qv_upper = 0.272143
eta = 0.6972, interval_left = 0.6952, interval_right = 0.7019
Q = 0.022615, term1 = 0.073925, term2 = 0.000328
best_Q = 0.004987823776900768, final_Q = 0.022615

--- Iteration 93 ---
U1 - Qu_upper = 0.142494, U2 - Qv_upper = 0.079910
eta = 0.6995, interval_left = 0.6955, interval_right = 0.7019
Q = 0.032228, term1 = 0.062077, term2 = 0.019405
best_Q = 0.004987823776900768, final_Q = 0.032228

--- Iteration 94 ---
U1 - Qu_upper = 0.158991, U2 - Qv_upper = 0.273511
eta = 0.6979, interval_left = 0.6955, interval_right = 0.7016
Q = 0.017528, term1 = 0.057308, term2 = 0.000306
best_Q = 0.004987823776900768, final_Q = 0.017528

--- Iteration 95 ---
U1 - Qu_upper = 0.171703, U2 - Qv_upper = 0.094865
eta = 0.6994, interval_left = 0.6958, interval_right = 0.7016
Q = 0.028040, term1 = 0.054045, term2 = 0.016866
best_Q = 0.004987823776900768, final_Q = 0.028040

--- Iteration 96 ---
U1 - Qu_upper = 0.176329, U2 - Qv_upper = 0.273634
eta = 0.6981, interval_left = 0.6958, interval_right = 0.7013
Q = 0.015955, term1 = 0.052138, term2 = 0.000306
best_Q = 0.004987823776900768, final_Q = 0.015955

--- Iteration 97 ---
U1 - Qu_upper = 0.201919, U2 - Qv_upper = 0.234506
eta = 0.6984, interval_left = 0.6958, interval_right = 0.7011
Q = 0.015024, term1 = 0.045763, term2 = 0.001747
best_Q = 0.004987823776900768, final_Q = 0.015024

--- Iteration 98 ---
U1 - Qu_upper = 0.198247, U2 - Qv_upper = 0.273634
eta = 0.6980, interval_left = 0.6958, interval_right = 0.7008
Q = 0.014193, term1 = 0.046290, term2 = 0.000306
best_Q = 0.004987823776900768, final_Q = 0.014193

--- Iteration 99 ---
U1 - Qu_upper = 0.192314, U2 - Qv_upper = 0.278872
eta = 0.6978, interval_left = 0.6958, interval_right = 0.7005
Q = 0.014399, term1 = 0.047211, term2 = 0.000192
best_Q = 0.004987823776900768, final_Q = 0.014399
Optimization End
📁 Visualization directory ensured: /work3/s232263/DCE_Results/german_credit/MLP/DCE_u1=0.5,u2=0.3,l=0.2,r=1.0,mi=100,tk=1,nt=10/cone_all_SimulatedAnnealing_T0=1.5,Tf=0.01,td=None,cs=1.2,ct=0.1,temp=2.0/seed_123_20250805_031522/visualizations
Model saved to: /work3/s232263/DCE_Results/german_credit/MLP/DCE_u1=0.5,u2=0.3,l=0.2,r=1.0,mi=100,tk=1,nt=10/cone_all_SimulatedAnnealing_T0=1.5,Tf=0.01,td=None,cs=1.2,ct=0.1,temp=2.0/seed_123_20250805_031522/model.pkl
Best results saved to: /work3/s232263/DCE_Results/german_credit/MLP/DCE_u1=0.5,u2=0.3,l=0.2,r=1.0,mi=100,tk=1,nt=10/cone_all_SimulatedAnnealing_T0=1.5,Tf=0.01,td=None,cs=1.2,ct=0.1,temp=2.0/seed_123_20250805_031522
Final results saved to: /work3/s232263/DCE_Results/german_credit/MLP/DCE_u1=0.5,u2=0.3,l=0.2,r=1.0,mi=100,tk=1,nt=10/cone_all_SimulatedAnnealing_T0=1.5,Tf=0.01,td=None,cs=1.2,ct=0.1,temp=2.0/seed_123_20250805_031522
Optimization log saved to: /work3/s232263/DCE_Results/german_credit/MLP/DCE_u1=0.5,u2=0.3,l=0.2,r=1.0,mi=100,tk=1,nt=10/cone_all_SimulatedAnnealing_T0=1.5,Tf=0.01,td=None,cs=1.2,ct=0.1,temp=2.0/seed_123_20250805_031522
All results successfully saved to: /work3/s232263/DCE_Results/german_credit/MLP/DCE_u1=0.5,u2=0.3,l=0.2,r=1.0,mi=100,tk=1,nt=10/cone_all_SimulatedAnnealing_T0=1.5,Tf=0.01,td=None,cs=1.2,ct=0.1,temp=2.0/seed_123_20250805_031522
Visualizations will be saved to: /work3/s232263/DCE_Results/german_credit/MLP/DCE_u1=0.5,u2=0.3,l=0.2,r=1.0,mi=100,tk=1,nt=10/cone_all_SimulatedAnnealing_T0=1.5,Tf=0.01,td=None,cs=1.2,ct=0.1,temp=2.0/seed_123_20250805_031522/visualizations
✅ DCE explanation completed!
🎯 Best Q: 0.004988
📊 Final Q: 0.014399
🎉 Found feasible solution: True
💾 Results saved to: /work3/s232263/DCE_Results/german_credit/MLP/DCE_u1=0.5,u2=0.3,l=0.2,r=1.0,mi=100,tk=1,nt=10/cone_all_SimulatedAnnealing_T0=1.5,Tf=0.01,td=None,cs=1.2,ct=0.1,temp=2.0/seed_123_20250805_031522
📊 Calculating metrics...
✅ Data processed for metrics calculation
   Coverage Rate: 0.880
   MMD: 0.006
   OT Distance: 0.0279
   Percentile Differences:
     0-15%: 45.857%
     15-30%: 62.002%
     30-70%: 96.275%
     70-85%: 11.097%
     85-100%: 10.948%
   AReS Cost: 6.083
💾 Metrics saved to: /work3/s232263/DCE_Results/german_credit/MLP/DCE_u1=0.5,u2=0.3,l=0.2,r=1.0,mi=100,tk=1,nt=10/cone_all_SimulatedAnnealing_T0=1.5,Tf=0.01,td=None,cs=1.2,ct=0.1,temp=2.0/seed_123_20250805_031522/metrics_summary.json

============================================================
🎲 Running experiment: bayesian (alias: bo_demo)
============================================================
🎯 Creating strategy: bayesian (alias: bo_demo)
🧭 Full cone sampling mode (both categorical and continuous)
📐 Cone angle: 45.0° (0.785 rad)
🚀 Starting DCE explanation...
📍 Using original factual data as starting point (X_init=False)
Results will be saved to: /work3/s232263/DCE_Results/german_credit/MLP/DCE_u1=0.5,u2=0.3,l=0.2,r=1.0,mi=100,tk=1,nt=10/cone_all_Bayesian_cs=1.2,ct=0.1,temp=2.0/seed_123_20250805_034259
📁 Initial data saved:
   - x_true.csv: (50, 9)
   - y_true.csv: (50, 1)
   - y_target.csv: (50,)
Training Start
Optimization Start

--- Iteration 0 ---
U1 - Qu_upper = 0.500000, U2 - Qv_upper = -0.257777
eta = 1.0000, interval_left = 0.2400, interval_right = 1.0000
Q = 0.135768, term1 = 0.000000, term2 = 0.135768
best_Q = inf, final_Q = 0.135768

--- Iteration 1 ---
U1 - Qu_upper = 0.485813, U2 - Qv_upper = -0.259016
eta = 1.0000, interval_left = 0.2780, interval_right = 1.0000
Q = 0.136321, term1 = 0.002870, term2 = 0.136321
best_Q = inf, final_Q = 0.136321

--- Iteration 2 ---
U1 - Qu_upper = 0.422205, U2 - Qv_upper = -0.208189
eta = 1.0000, interval_left = 0.3141, interval_right = 1.0000
Q = 0.112841, term1 = 0.007599, term2 = 0.112841
best_Q = inf, final_Q = 0.112841

--- Iteration 3 ---
U1 - Qu_upper = 0.410296, U2 - Qv_upper = -0.165893
eta = 1.0000, interval_left = 0.3484, interval_right = 1.0000
Q = 0.089964, term1 = 0.008592, term2 = 0.089964
best_Q = inf, final_Q = 0.089964

--- Iteration 4 ---
U1 - Qu_upper = 0.324856, U2 - Qv_upper = -0.107964
eta = 1.0000, interval_left = 0.3810, interval_right = 1.0000
Q = 0.067291, term1 = 0.018559, term2 = 0.067291
best_Q = inf, final_Q = 0.067291

--- Iteration 5 ---
U1 - Qu_upper = 0.275680, U2 - Qv_upper = -0.115697
eta = 1.0000, interval_left = 0.4119, interval_right = 1.0000
Q = 0.069839, term1 = 0.027636, term2 = 0.069839
best_Q = inf, final_Q = 0.069839

--- Iteration 6 ---
U1 - Qu_upper = 0.260577, U2 - Qv_upper = -0.109987
eta = 1.0000, interval_left = 0.4413, interval_right = 1.0000
Q = 0.067953, term1 = 0.030508, term2 = 0.067953
best_Q = inf, final_Q = 0.067953

--- Iteration 7 ---
U1 - Qu_upper = 0.260577, U2 - Qv_upper = -0.109987
eta = 1.0000, interval_left = 0.4693, interval_right = 1.0000
Q = 0.067953, term1 = 0.030508, term2 = 0.067953
best_Q = inf, final_Q = 0.067953

--- Iteration 8 ---
U1 - Qu_upper = 0.252115, U2 - Qv_upper = -0.044284
eta = 1.0000, interval_left = 0.4958, interval_right = 1.0000
Q = 0.047834, term1 = 0.032106, term2 = 0.047834
best_Q = inf, final_Q = 0.047834

--- Iteration 9 ---
U1 - Qu_upper = 0.236199, U2 - Qv_upper = -0.057549
eta = 1.0000, interval_left = 0.5210, interval_right = 1.0000
Q = 0.051558, term1 = 0.035409, term2 = 0.051558
best_Q = inf, final_Q = 0.051558

--- Iteration 10 ---
U1 - Qu_upper = 0.266021, U2 - Qv_upper = -0.064109
eta = 1.0000, interval_left = 0.5450, interval_right = 1.0000
Q = 0.053452, term1 = 0.030363, term2 = 0.053452
best_Q = inf, final_Q = 0.053452

--- Iteration 11 ---
U1 - Qu_upper = 0.231681, U2 - Qv_upper = -0.064123
eta = 1.0000, interval_left = 0.5677, interval_right = 1.0000
Q = 0.053456, term1 = 0.036330, term2 = 0.053456
best_Q = inf, final_Q = 0.053456

--- Iteration 12 ---
U1 - Qu_upper = 0.235744, U2 - Qv_upper = -0.064066
eta = 1.0000, interval_left = 0.5893, interval_right = 1.0000
Q = 0.053439, term1 = 0.035714, term2 = 0.053439
best_Q = inf, final_Q = 0.053439

--- Iteration 13 ---
U1 - Qu_upper = 0.235744, U2 - Qv_upper = -0.064066
eta = 1.0000, interval_left = 0.6099, interval_right = 1.0000
Q = 0.053439, term1 = 0.035714, term2 = 0.053439
best_Q = inf, final_Q = 0.053439

--- Iteration 14 ---
U1 - Qu_upper = 0.214130, U2 - Qv_upper = -0.057549
eta = 1.0000, interval_left = 0.6294, interval_right = 1.0000
Q = 0.051558, term1 = 0.040556, term2 = 0.051558
best_Q = inf, final_Q = 0.051558

--- Iteration 15 ---
U1 - Qu_upper = 0.213004, U2 - Qv_upper = 0.017958
eta = 0.9712, interval_left = 0.6479, interval_right = 1.0000
Q = 0.032357, term1 = 0.041215, term2 = 0.032094
🌟 New best Q found: 0.032357 at iter 15
best_Q = 0.03235689923167229, final_Q = 0.032357

--- Iteration 16 ---
U1 - Qu_upper = 0.187489, U2 - Qv_upper = -0.006594
eta = 1.0000, interval_left = 0.6655, interval_right = 1.0000
Q = 0.037875, term1 = 0.046913, term2 = 0.037875
best_Q = 0.03235689923167229, final_Q = 0.037875

--- Iteration 17 ---
U1 - Qu_upper = 0.197921, U2 - Qv_upper = -0.014236
eta = 1.0000, interval_left = 0.6822, interval_right = 1.0000
Q = 0.039773, term1 = 0.044975, term2 = 0.039773
best_Q = 0.03235689923167229, final_Q = 0.039773

--- Iteration 18 ---
U1 - Qu_upper = 0.219907, U2 - Qv_upper = -0.014242
eta = 1.0000, interval_left = 0.6981, interval_right = 1.0000
Q = 0.039774, term1 = 0.039530, term2 = 0.039774
best_Q = 0.03235689923167229, final_Q = 0.039774

--- Iteration 19 ---
U1 - Qu_upper = 0.233981, U2 - Qv_upper = 0.081828
eta = 0.9218, interval_left = 0.7132, interval_right = 1.0000
Q = 0.020580, term1 = 0.036806, term2 = 0.019203
🌟 New best Q found: 0.020580 at iter 19
best_Q = 0.02058013156056404, final_Q = 0.020580

--- Iteration 20 ---
U1 - Qu_upper = 0.184818, U2 - Qv_upper = 0.045241
eta = 0.9436, interval_left = 0.7276, interval_right = 1.0000
Q = 0.027385, term1 = 0.048467, term2 = 0.026125
best_Q = 0.02058013156056404, final_Q = 0.027385

--- Iteration 21 ---
U1 - Qu_upper = 0.183297, U2 - Qv_upper = -0.252335
eta = 1.0000, interval_left = 0.7412, interval_right = 1.0000
Q = 0.122193, term1 = 0.049376, term2 = 0.122193
best_Q = 0.02058013156056404, final_Q = 0.122193

--- Iteration 22 ---
U1 - Qu_upper = 0.190759, U2 - Qv_upper = 0.054736
eta = 0.9423, interval_left = 0.7541, interval_right = 1.0000
Q = 0.025523, term1 = 0.046717, term2 = 0.024225
best_Q = 0.02058013156056404, final_Q = 0.025523

--- Iteration 23 ---
U1 - Qu_upper = 0.185111, U2 - Qv_upper = 0.176274
eta = 0.8801, interval_left = 0.7664, interval_right = 1.0000
Q = 0.011285, term1 = 0.048516, term2 = 0.006211
🌟 New best Q found: 0.011285 at iter 23
best_Q = 0.011285204440355301, final_Q = 0.011285

--- Iteration 24 ---
U1 - Qu_upper = 0.173276, U2 - Qv_upper = 0.072903
eta = 0.9308, interval_left = 0.7781, interval_right = 1.0000
Q = 0.022846, term1 = 0.051483, term2 = 0.020717
best_Q = 0.011285204440355301, final_Q = 0.022846

--- Iteration 25 ---
U1 - Qu_upper = 0.173276, U2 - Qv_upper = 0.072903
eta = 0.9343, interval_left = 0.7892, interval_right = 1.0000
Q = 0.022739, term1 = 0.051483, term2 = 0.020717
best_Q = 0.011285204440355301, final_Q = 0.022739

--- Iteration 26 ---
U1 - Qu_upper = 0.199827, U2 - Qv_upper = 0.072932
eta = 0.9436, interval_left = 0.7997, interval_right = 1.0000
Q = 0.022075, term1 = 0.044887, term2 = 0.020712
best_Q = 0.011285204440355301, final_Q = 0.022075

--- Iteration 27 ---
U1 - Qu_upper = 0.197671, U2 - Qv_upper = -0.238639
eta = 1.0000, interval_left = 0.8097, interval_right = 1.0000
Q = 0.116141, term1 = 0.045028, term2 = 0.116141
best_Q = 0.011285204440355301, final_Q = 0.116141

--- Iteration 28 ---
U1 - Qu_upper = 0.190380, U2 - Qv_upper = 0.072911
eta = 0.9473, interval_left = 0.8193, interval_right = 1.0000
Q = 0.022130, term1 = 0.047553, term2 = 0.020716
best_Q = 0.011285204440355301, final_Q = 0.022130

--- Iteration 29 ---
U1 - Qu_upper = 0.169345, U2 - Qv_upper = 0.238916
eta = 0.8942, interval_left = 0.8193, interval_right = 0.9910
Q = 0.006990, term1 = 0.052695, term2 = 0.001584
🌟 New best Q found: 0.006990 at iter 29
best_Q = 0.006990066729485989, final_Q = 0.006990

--- Iteration 30 ---
U1 - Qu_upper = 0.199827, U2 - Qv_upper = 0.072932
eta = 0.9450, interval_left = 0.8278, interval_right = 0.9910
Q = 0.022040, term1 = 0.044887, term2 = 0.020712
best_Q = 0.006990066729485989, final_Q = 0.022040

--- Iteration 31 ---
U1 - Qu_upper = 0.169345, U2 - Qv_upper = 0.238916
eta = 0.8955, interval_left = 0.8278, interval_right = 0.9828
Q = 0.006925, term1 = 0.052695, term2 = 0.001584
🌟 New best Q found: 0.006925 at iter 31
best_Q = 0.006924867630004883, final_Q = 0.006925

--- Iteration 32 ---
U1 - Qu_upper = 0.173276, U2 - Qv_upper = 0.072903
eta = 0.9369, interval_left = 0.8356, interval_right = 0.9828
Q = 0.022658, term1 = 0.051483, term2 = 0.020717
best_Q = 0.006924867630004883, final_Q = 0.022658

--- Iteration 33 ---
U1 - Qu_upper = 0.181243, U2 - Qv_upper = 0.083609
eta = 0.9363, interval_left = 0.8429, interval_right = 0.9828
Q = 0.020775, term1 = 0.049560, term2 = 0.018818
best_Q = 0.006924867630004883, final_Q = 0.020775

--- Iteration 34 ---
U1 - Qu_upper = 0.169345, U2 - Qv_upper = 0.238916
eta = 0.9010, interval_left = 0.8429, interval_right = 0.9758
Q = 0.006646, term1 = 0.052695, term2 = 0.001584
🌟 New best Q found: 0.006646 at iter 34
best_Q = 0.006645854562520981, final_Q = 0.006646

--- Iteration 35 ---
U1 - Qu_upper = 0.169345, U2 - Qv_upper = 0.238916
eta = 0.8981, interval_left = 0.8429, interval_right = 0.9692
Q = 0.006794, term1 = 0.052695, term2 = 0.001584
best_Q = 0.006645854562520981, final_Q = 0.006794

--- Iteration 36 ---
U1 - Qu_upper = 0.199827, U2 - Qv_upper = 0.072932
eta = 0.9354, interval_left = 0.8493, interval_right = 0.9692
Q = 0.022273, term1 = 0.044887, term2 = 0.020712
best_Q = 0.006645854562520981, final_Q = 0.022273

--- Iteration 37 ---
U1 - Qu_upper = 0.199827, U2 - Qv_upper = 0.072932
eta = 0.9371, interval_left = 0.8553, interval_right = 0.9692
Q = 0.022232, term1 = 0.044887, term2 = 0.020712
best_Q = 0.006645854562520981, final_Q = 0.022232

--- Iteration 38 ---
U1 - Qu_upper = 0.154409, U2 - Qv_upper = 0.243201
eta = 0.8995, interval_left = 0.8553, interval_right = 0.9635
Q = 0.006894, term1 = 0.056329, term2 = 0.001370
best_Q = 0.006645854562520981, final_Q = 0.006894

--- Iteration 39 ---
U1 - Qu_upper = 0.180653, U2 - Qv_upper = 0.074063
eta = 0.9320, interval_left = 0.8607, interval_right = 0.9635
Q = 0.022472, term1 = 0.049533, term2 = 0.020498
best_Q = 0.006645854562520981, final_Q = 0.022472

--- Iteration 40 ---
U1 - Qu_upper = 0.154409, U2 - Qv_upper = 0.243201
eta = 0.9006, interval_left = 0.8607, interval_right = 0.9583
Q = 0.006833, term1 = 0.056329, term2 = 0.001370
best_Q = 0.006645854562520981, final_Q = 0.006833

--- Iteration 41 ---
U1 - Qu_upper = 0.171518, U2 - Qv_upper = 0.074042
eta = 0.9289, interval_left = 0.8655, interval_right = 0.9583
Q = 0.022723, term1 = 0.051732, term2 = 0.020502
best_Q = 0.006645854562520981, final_Q = 0.022723

--- Iteration 42 ---
U1 - Qu_upper = 0.166977, U2 - Qv_upper = 0.084796
eta = 0.9271, interval_left = 0.8702, interval_right = 0.9583
Q = 0.021116, term1 = 0.053048, term2 = 0.018604
best_Q = 0.006645854562520981, final_Q = 0.021116

--- Iteration 43 ---
U1 - Qu_upper = 0.171518, U2 - Qv_upper = 0.074042
eta = 0.9318, interval_left = 0.8746, interval_right = 0.9583
Q = 0.022633, term1 = 0.051732, term2 = 0.020502
best_Q = 0.006645854562520981, final_Q = 0.022633

--- Iteration 44 ---
U1 - Qu_upper = 0.166977, U2 - Qv_upper = 0.084796
eta = 0.9301, interval_left = 0.8788, interval_right = 0.9583
Q = 0.021011, term1 = 0.053048, term2 = 0.018604
best_Q = 0.006645854562520981, final_Q = 0.021011

--- Iteration 45 ---
U1 - Qu_upper = 0.148751, U2 - Qv_upper = 0.074033
eta = 0.9319, interval_left = 0.8828, interval_right = 0.9583
Q = 0.023054, term1 = 0.057959, term2 = 0.020503
best_Q = 0.006645854562520981, final_Q = 0.023054

--- Iteration 46 ---
U1 - Qu_upper = 0.174838, U2 - Qv_upper = 0.074132
eta = 0.9358, interval_left = 0.8865, interval_right = 0.9583
Q = 0.022412, term1 = 0.050514, term2 = 0.020486
best_Q = 0.006645854562520981, final_Q = 0.022412

--- Iteration 47 ---
U1 - Qu_upper = 0.166977, U2 - Qv_upper = 0.084796
eta = 0.9342, interval_left = 0.8901, interval_right = 0.9583
Q = 0.020872, term1 = 0.053048, term2 = 0.018604
best_Q = 0.006645854562520981, final_Q = 0.020872

--- Iteration 48 ---
U1 - Qu_upper = 0.166977, U2 - Qv_upper = 0.084796
eta = 0.9354, interval_left = 0.8935, interval_right = 0.9583
Q = 0.020831, term1 = 0.053048, term2 = 0.018604
best_Q = 0.006645854562520981, final_Q = 0.020831

--- Iteration 49 ---
U1 - Qu_upper = 0.180653, U2 - Qv_upper = 0.074063
eta = 0.9395, interval_left = 0.8968, interval_right = 0.9583
Q = 0.022255, term1 = 0.049533, term2 = 0.020498
best_Q = 0.006645854562520981, final_Q = 0.022255

--- Iteration 50 ---
U1 - Qu_upper = 0.181965, U2 - Qv_upper = -0.238169
eta = 0.9583, interval_left = 0.8999, interval_right = 0.9583
Q = 0.113145, term1 = 0.049102, term2 = 0.115929
best_Q = 0.006645854562520981, final_Q = 0.113145

--- Iteration 51 ---
U1 - Qu_upper = 0.180934, U2 - Qv_upper = 0.074063
eta = 0.9413, interval_left = 0.9028, interval_right = 0.9583
Q = 0.022201, term1 = 0.049533, term2 = 0.020498
best_Q = 0.006645854562520981, final_Q = 0.022201

--- Iteration 52 ---
U1 - Qu_upper = 0.157468, U2 - Qv_upper = 0.243261
eta = 0.9246, interval_left = 0.9028, interval_right = 0.9556
Q = 0.005513, term1 = 0.056329, term2 = 0.001370
🌟 New best Q found: 0.005513 at iter 52
best_Q = 0.005513302981853485, final_Q = 0.005513

--- Iteration 53 ---
U1 - Qu_upper = 0.164331, U2 - Qv_upper = 0.247426
eta = 0.9238, interval_left = 0.9028, interval_right = 0.9529
Q = 0.005236, term1 = 0.054627, term2 = 0.001164
🌟 New best Q found: 0.005236 at iter 53
best_Q = 0.005235530901700258, final_Q = 0.005236

--- Iteration 54 ---
U1 - Qu_upper = 0.164331, U2 - Qv_upper = 0.247426
eta = 0.9228, interval_left = 0.9028, interval_right = 0.9504
Q = 0.005292, term1 = 0.054627, term2 = 0.001164
best_Q = 0.005235530901700258, final_Q = 0.005292

--- Iteration 55 ---
U1 - Qu_upper = 0.150149, U2 - Qv_upper = 0.075124
eta = 0.9345, interval_left = 0.9052, interval_right = 0.9504
Q = 0.022760, term1 = 0.057908, term2 = 0.020297
best_Q = 0.005235530901700258, final_Q = 0.022760

--- Iteration 56 ---
U1 - Qu_upper = 0.150149, U2 - Qv_upper = 0.075124
eta = 0.9353, interval_left = 0.9074, interval_right = 0.9504
Q = 0.022730, term1 = 0.057908, term2 = 0.020297
best_Q = 0.005235530901700258, final_Q = 0.022730

--- Iteration 57 ---
U1 - Qu_upper = 0.164331, U2 - Qv_upper = 0.247426
eta = 0.9246, interval_left = 0.9074, interval_right = 0.9483
Q = 0.005196, term1 = 0.054627, term2 = 0.001164
🌟 New best Q found: 0.005196 at iter 57
best_Q = 0.0051961313001811504, final_Q = 0.005196

--- Iteration 58 ---
U1 - Qu_upper = 0.186779, U2 - Qv_upper = -0.237712
eta = 0.9483, interval_left = 0.9095, interval_right = 0.9483
Q = 0.112214, term1 = 0.047883, term2 = 0.115724
best_Q = 0.0051961313001811504, final_Q = 0.112214

--- Iteration 59 ---
U1 - Qu_upper = 0.179061, U2 - Qv_upper = 0.247419
eta = 0.9258, interval_left = 0.9095, interval_right = 0.9463
Q = 0.004765, term1 = 0.049662, term2 = 0.001164
🌟 New best Q found: 0.004765 at iter 59
best_Q = 0.004764676094055176, final_Q = 0.004765

--- Iteration 60 ---
U1 - Qu_upper = 0.126655, U2 - Qv_upper = 0.078521
eta = 0.9322, interval_left = 0.9113, interval_right = 0.9463
Q = 0.022664, term1 = 0.063712, term2 = 0.019679
best_Q = 0.004764676094055176, final_Q = 0.022664

--- Iteration 61 ---
U1 - Qu_upper = 0.144602, U2 - Qv_upper = 0.089513
eta = 0.9329, interval_left = 0.9131, interval_right = 0.9463
Q = 0.020548, term1 = 0.059052, term2 = 0.017780
best_Q = 0.004764676094055176, final_Q = 0.020548

--- Iteration 62 ---
U1 - Qu_upper = 0.132216, U2 - Qv_upper = 0.259471
eta = 0.9243, interval_left = 0.9131, interval_right = 0.9447
Q = 0.005436, term1 = 0.062910, term2 = 0.000728
best_Q = 0.004764676094055176, final_Q = 0.005436

--- Iteration 63 ---
U1 - Qu_upper = 0.154605, U2 - Qv_upper = 0.078621
eta = 0.9340, interval_left = 0.9146, interval_right = 0.9447
Q = 0.022075, term1 = 0.056060, term2 = 0.019674
best_Q = 0.004764676094055176, final_Q = 0.022075

--- Iteration 64 ---
U1 - Qu_upper = 0.147260, U2 - Qv_upper = 0.078692
eta = 0.9342, interval_left = 0.9161, interval_right = 0.9447
Q = 0.022171, term1 = 0.057803, term2 = 0.019661
best_Q = 0.004764676094055176, final_Q = 0.022171

--- Iteration 65 ---
U1 - Qu_upper = 0.154605, U2 - Qv_upper = 0.078621
eta = 0.9350, interval_left = 0.9176, interval_right = 0.9447
Q = 0.022037, term1 = 0.056060, term2 = 0.019674
best_Q = 0.004764676094055176, final_Q = 0.022037

--- Iteration 66 ---
U1 - Qu_upper = 0.152125, U2 - Qv_upper = 0.078600
eta = 0.9354, interval_left = 0.9189, interval_right = 0.9447
Q = 0.022095, term1 = 0.057122, term2 = 0.019678
best_Q = 0.004764676094055176, final_Q = 0.022095

--- Iteration 67 ---
U1 - Qu_upper = 0.132216, U2 - Qv_upper = 0.259471
eta = 0.9276, interval_left = 0.9189, interval_right = 0.9434
Q = 0.005229, term1 = 0.062910, term2 = 0.000728
best_Q = 0.004764676094055176, final_Q = 0.005229

--- Iteration 68 ---
U1 - Qu_upper = 0.147260, U2 - Qv_upper = 0.078692
eta = 0.9349, interval_left = 0.9201, interval_right = 0.9434
Q = 0.022146, term1 = 0.057803, term2 = 0.019661
best_Q = 0.004764676094055176, final_Q = 0.022146

--- Iteration 69 ---
U1 - Qu_upper = 0.117004, U2 - Qv_upper = 0.264773
eta = 0.9273, interval_left = 0.9201, interval_right = 0.9422
Q = 0.005413, term1 = 0.067352, term2 = 0.000554
best_Q = 0.004764676094055176, final_Q = 0.005413

--- Iteration 70 ---
U1 - Qu_upper = 0.155186, U2 - Qv_upper = 0.078583
eta = 0.9348, interval_left = 0.9212, interval_right = 0.9422
Q = 0.022047, term1 = 0.056060, term2 = 0.019674
best_Q = 0.004764676094055176, final_Q = 0.022047

--- Iteration 71 ---
U1 - Qu_upper = 0.117004, U2 - Qv_upper = 0.264773
eta = 0.9277, interval_left = 0.9212, interval_right = 0.9412
Q = 0.005386, term1 = 0.067352, term2 = 0.000554
best_Q = 0.004764676094055176, final_Q = 0.005386

--- Iteration 72 ---
U1 - Qu_upper = 0.155186, U2 - Qv_upper = 0.078583
eta = 0.9345, interval_left = 0.9222, interval_right = 0.9412
Q = 0.022058, term1 = 0.056060, term2 = 0.019674
best_Q = 0.004764676094055176, final_Q = 0.022058

--- Iteration 73 ---
U1 - Qu_upper = 0.127848, U2 - Qv_upper = 0.078553
eta = 0.9340, interval_left = 0.9232, interval_right = 0.9412
Q = 0.022587, term1 = 0.063712, term2 = 0.019679
best_Q = 0.004764676094055176, final_Q = 0.022587

--- Iteration 74 ---
U1 - Qu_upper = 0.127848, U2 - Qv_upper = 0.078553
eta = 0.9343, interval_left = 0.9241, interval_right = 0.9412
Q = 0.022571, term1 = 0.063712, term2 = 0.019679
best_Q = 0.004764676094055176, final_Q = 0.022571

--- Iteration 75 ---
U1 - Qu_upper = 0.155186, U2 - Qv_upper = 0.078583
eta = 0.9354, interval_left = 0.9249, interval_right = 0.9412
Q = 0.022024, term1 = 0.056060, term2 = 0.019674
best_Q = 0.004764676094055176, final_Q = 0.022024

--- Iteration 76 ---
U1 - Qu_upper = 0.155186, U2 - Qv_upper = 0.078583
eta = 0.9357, interval_left = 0.9258, interval_right = 0.9412
Q = 0.022013, term1 = 0.056060, term2 = 0.019674
best_Q = 0.004764676094055176, final_Q = 0.022013

--- Iteration 77 ---
U1 - Qu_upper = 0.132272, U2 - Qv_upper = 0.264774
eta = 0.9309, interval_left = 0.9258, interval_right = 0.9404
Q = 0.004835, term1 = 0.062490, term2 = 0.000554
best_Q = 0.004764676094055176, final_Q = 0.004835

--- Iteration 78 ---
U1 - Qu_upper = 0.162819, U2 - Qv_upper = 0.079622
eta = 0.9356, interval_left = 0.9265, interval_right = 0.9404
Q = 0.021682, term1 = 0.053546, term2 = 0.019488
best_Q = 0.004764676094055176, final_Q = 0.021682

--- Iteration 79 ---
U1 - Qu_upper = 0.151440, U2 - Qv_upper = 0.079530
eta = 0.9356, interval_left = 0.9272, interval_right = 0.9404
Q = 0.021964, term1 = 0.057698, term2 = 0.019504
best_Q = 0.004764676094055176, final_Q = 0.021964

--- Iteration 80 ---
U1 - Qu_upper = 0.118119, U2 - Qv_upper = 0.270331
eta = 0.9312, interval_left = 0.9272, interval_right = 0.9397
Q = 0.004955, term1 = 0.066532, term2 = 0.000405
best_Q = 0.004764676094055176, final_Q = 0.004955

--- Iteration 81 ---
U1 - Qu_upper = 0.115280, U2 - Qv_upper = 0.270332
eta = 0.9309, interval_left = 0.9272, interval_right = 0.9391
Q = 0.005065, term1 = 0.067873, term2 = 0.000405
best_Q = 0.004764676094055176, final_Q = 0.005065

--- Iteration 82 ---
U1 - Qu_upper = 0.117822, U2 - Qv_upper = 0.079656
eta = 0.9343, interval_left = 0.9278, interval_right = 0.9391
Q = 0.022611, term1 = 0.067020, term2 = 0.019488
best_Q = 0.004764676094055176, final_Q = 0.022611

--- Iteration 83 ---
U1 - Qu_upper = 0.117657, U2 - Qv_upper = 0.079585
eta = 0.9345, interval_left = 0.9283, interval_right = 0.9391
Q = 0.022637, term1 = 0.067413, term2 = 0.019500
best_Q = 0.004764676094055176, final_Q = 0.022637

--- Iteration 84 ---
U1 - Qu_upper = 0.117657, U2 - Qv_upper = 0.079585
eta = 0.9348, interval_left = 0.9289, interval_right = 0.9391
Q = 0.022626, term1 = 0.067413, term2 = 0.019500
best_Q = 0.004764676094055176, final_Q = 0.022626

--- Iteration 85 ---
U1 - Qu_upper = 0.102737, U2 - Qv_upper = 0.264760
eta = 0.9317, interval_left = 0.9289, interval_right = 0.9386
Q = 0.005400, term1 = 0.071539, term2 = 0.000554
best_Q = 0.004764676094055176, final_Q = 0.005400

--- Iteration 86 ---
U1 - Qu_upper = 0.120972, U2 - Qv_upper = 0.089602
eta = 0.9345, interval_left = 0.9294, interval_right = 0.9386
Q = 0.020887, term1 = 0.065189, term2 = 0.017780
best_Q = 0.004764676094055176, final_Q = 0.020887

--- Iteration 87 ---
U1 - Qu_upper = 0.109216, U2 - Qv_upper = -0.235640
eta = 0.9386, interval_left = 0.9298, interval_right = 0.9386
Q = 0.112071, term1 = 0.069792, term2 = 0.114837
best_Q = 0.004764676094055176, final_Q = 0.112071

--- Iteration 88 ---
U1 - Qu_upper = 0.106451, U2 - Qv_upper = 0.078606
eta = 0.9349, interval_left = 0.9303, interval_right = 0.9386
Q = 0.022980, term1 = 0.070363, term2 = 0.019679
best_Q = 0.004764676094055176, final_Q = 0.022980

--- Iteration 89 ---
U1 - Qu_upper = 0.122228, U2 - Qv_upper = -0.235640
eta = 0.9386, interval_left = 0.9307, interval_right = 0.9386
Q = 0.111871, term1 = 0.066536, term2 = 0.114837
best_Q = 0.004764676094055176, final_Q = 0.111871

--- Iteration 90 ---
U1 - Qu_upper = 0.122228, U2 - Qv_upper = -0.235640
eta = 0.9386, interval_left = 0.9311, interval_right = 0.9386
Q = 0.111871, term1 = 0.066536, term2 = 0.114837
best_Q = 0.004764676094055176, final_Q = 0.111871

--- Iteration 91 ---
U1 - Qu_upper = 0.104504, U2 - Qv_upper = 0.263902
eta = 0.9332, interval_left = 0.9311, interval_right = 0.9382
Q = 0.005286, term1 = 0.071400, term2 = 0.000554
best_Q = 0.004764676094055176, final_Q = 0.005286

--- Iteration 92 ---
U1 - Qu_upper = 0.131841, U2 - Qv_upper = -0.235621
eta = 0.9382, interval_left = 0.9314, interval_right = 0.9382
Q = 0.111647, term1 = 0.063197, term2 = 0.114837
best_Q = 0.004764676094055176, final_Q = 0.111647

--- Iteration 93 ---
U1 - Qu_upper = 0.119813, U2 - Qv_upper = 0.078683
eta = 0.9355, interval_left = 0.9318, interval_right = 0.9382
Q = 0.022743, term1 = 0.067278, term2 = 0.019674
best_Q = 0.004764676094055176, final_Q = 0.022743

--- Iteration 94 ---
U1 - Qu_upper = 0.119813, U2 - Qv_upper = 0.078683
eta = 0.9357, interval_left = 0.9321, interval_right = 0.9382
Q = 0.022737, term1 = 0.067278, term2 = 0.019674
best_Q = 0.004764676094055176, final_Q = 0.022737

--- Iteration 95 ---
U1 - Qu_upper = 0.119813, U2 - Qv_upper = 0.078683
eta = 0.9358, interval_left = 0.9324, interval_right = 0.9382
Q = 0.022731, term1 = 0.067278, term2 = 0.019674
best_Q = 0.004764676094055176, final_Q = 0.022731

--- Iteration 96 ---
U1 - Qu_upper = 0.112649, U2 - Qv_upper = 0.259354
eta = 0.9342, interval_left = 0.9324, interval_right = 0.9379
Q = 0.005253, term1 = 0.069467, term2 = 0.000728
best_Q = 0.004764676094055176, final_Q = 0.005253

--- Iteration 97 ---
U1 - Qu_upper = 0.118285, U2 - Qv_upper = -0.235654
eta = 0.9379, interval_left = 0.9327, interval_right = 0.9379
Q = 0.111914, term1 = 0.067747, term2 = 0.114837
best_Q = 0.004764676094055176, final_Q = 0.111914

--- Iteration 98 ---
U1 - Qu_upper = 0.118285, U2 - Qv_upper = -0.235654
eta = 0.9379, interval_left = 0.9329, interval_right = 0.9379
Q = 0.111914, term1 = 0.067747, term2 = 0.114837
best_Q = 0.004764676094055176, final_Q = 0.111914

--- Iteration 99 ---
U1 - Qu_upper = 0.132882, U2 - Qv_upper = 0.078572
eta = 0.9361, interval_left = 0.9332, interval_right = 0.9379
Q = 0.022439, term1 = 0.062850, term2 = 0.019679
best_Q = 0.004764676094055176, final_Q = 0.022439
Optimization End
📁 Visualization directory ensured: /work3/s232263/DCE_Results/german_credit/MLP/DCE_u1=0.5,u2=0.3,l=0.2,r=1.0,mi=100,tk=1,nt=10/cone_all_Bayesian_cs=1.2,ct=0.1,temp=2.0/seed_123_20250805_034259/visualizations
Model saved to: /work3/s232263/DCE_Results/german_credit/MLP/DCE_u1=0.5,u2=0.3,l=0.2,r=1.0,mi=100,tk=1,nt=10/cone_all_Bayesian_cs=1.2,ct=0.1,temp=2.0/seed_123_20250805_034259/model.pkl
Best results saved to: /work3/s232263/DCE_Results/german_credit/MLP/DCE_u1=0.5,u2=0.3,l=0.2,r=1.0,mi=100,tk=1,nt=10/cone_all_Bayesian_cs=1.2,ct=0.1,temp=2.0/seed_123_20250805_034259
Final results saved to: /work3/s232263/DCE_Results/german_credit/MLP/DCE_u1=0.5,u2=0.3,l=0.2,r=1.0,mi=100,tk=1,nt=10/cone_all_Bayesian_cs=1.2,ct=0.1,temp=2.0/seed_123_20250805_034259
Optimization log saved to: /work3/s232263/DCE_Results/german_credit/MLP/DCE_u1=0.5,u2=0.3,l=0.2,r=1.0,mi=100,tk=1,nt=10/cone_all_Bayesian_cs=1.2,ct=0.1,temp=2.0/seed_123_20250805_034259
All results successfully saved to: /work3/s232263/DCE_Results/german_credit/MLP/DCE_u1=0.5,u2=0.3,l=0.2,r=1.0,mi=100,tk=1,nt=10/cone_all_Bayesian_cs=1.2,ct=0.1,temp=2.0/seed_123_20250805_034259
Visualizations will be saved to: /work3/s232263/DCE_Results/german_credit/MLP/DCE_u1=0.5,u2=0.3,l=0.2,r=1.0,mi=100,tk=1,nt=10/cone_all_Bayesian_cs=1.2,ct=0.1,temp=2.0/seed_123_20250805_034259/visualizations
✅ DCE explanation completed!
🎯 Best Q: 0.004765
📊 Final Q: 0.022439
🎉 Found feasible solution: True
💾 Results saved to: /work3/s232263/DCE_Results/german_credit/MLP/DCE_u1=0.5,u2=0.3,l=0.2,r=1.0,mi=100,tk=1,nt=10/cone_all_Bayesian_cs=1.2,ct=0.1,temp=2.0/seed_123_20250805_034259
📊 Calculating metrics...
✅ Data processed for metrics calculation
   Coverage Rate: 0.880
   MMD: 0.017
   OT Distance: 0.0808
   Percentile Differences:
     0-15%: 47.660%
     15-30%: 65.065%
     30-70%: 148.789%
     70-85%: 30.712%
     85-100%: 14.063%
   AReS Cost: 6.870
💾 Metrics saved to: /work3/s232263/DCE_Results/german_credit/MLP/DCE_u1=0.5,u2=0.3,l=0.2,r=1.0,mi=100,tk=1,nt=10/cone_all_Bayesian_cs=1.2,ct=0.1,temp=2.0/seed_123_20250805_034259/metrics_summary.json

============================================================
🎲 Running experiment: differential_evolution (alias: de_demo)
============================================================
🎯 Creating strategy: differential_evolution (alias: de_demo)
🧭 Full cone sampling mode (both categorical and continuous)
📐 Cone angle: 45.0° (0.785 rad)
🚀 Starting DCE explanation...
📍 Using original factual data as starting point (X_init=False)
Results will be saved to: /work3/s232263/DCE_Results/german_credit/MLP/DCE_u1=0.5,u2=0.3,l=0.2,r=1.0,mi=100,tk=1,nt=10/cone_all_DifferentialEvolution_F=0.5,CR=0.9,cs=1.2,ct=0.1,temp=2.0/seed_123_20250805_040936
📁 Initial data saved:
   - x_true.csv: (50, 9)
   - y_true.csv: (50, 1)
   - y_target.csv: (50,)
Training Start
Optimization Start

--- Iteration 0 ---
U1 - Qu_upper = 0.500000, U2 - Qv_upper = -0.257777
eta = 1.0000, interval_left = 0.2400, interval_right = 1.0000
Q = 0.135768, term1 = 0.000000, term2 = 0.135768
best_Q = inf, final_Q = 0.135768

--- Iteration 1 ---
U1 - Qu_upper = 0.478792, U2 - Qv_upper = -0.219875
eta = 1.0000, interval_left = 0.2780, interval_right = 1.0000
Q = 0.112662, term1 = 0.003699, term2 = 0.112662
best_Q = inf, final_Q = 0.112662

--- Iteration 2 ---
U1 - Qu_upper = 0.439722, U2 - Qv_upper = -0.166241
eta = 1.0000, interval_left = 0.3141, interval_right = 1.0000
Q = 0.089726, term1 = 0.006619, term2 = 0.089726
best_Q = inf, final_Q = 0.089726

--- Iteration 3 ---
U1 - Qu_upper = 0.361670, U2 - Qv_upper = -0.108419
eta = 1.0000, interval_left = 0.3484, interval_right = 1.0000
Q = 0.067069, term1 = 0.014032, term2 = 0.067069
best_Q = inf, final_Q = 0.067069

--- Iteration 4 ---
U1 - Qu_upper = 0.366232, U2 - Qv_upper = -0.043705
eta = 1.0000, interval_left = 0.3810, interval_right = 1.0000
Q = 0.047398, term1 = 0.013385, term2 = 0.047398
best_Q = inf, final_Q = 0.047398

--- Iteration 5 ---
U1 - Qu_upper = 0.331531, U2 - Qv_upper = 0.020085
eta = 0.9646, interval_left = 0.4119, interval_right = 1.0000
Q = 0.031002, term1 = 0.018294, term2 = 0.031468
🌟 New best Q found: 0.031002 at iter 5
best_Q = 0.0310017392039299, final_Q = 0.031002

--- Iteration 6 ---
U1 - Qu_upper = 0.326997, U2 - Qv_upper = 0.085941
eta = 0.8776, interval_left = 0.4413, interval_right = 1.0000
Q = 0.018511, term1 = 0.019207, term2 = 0.018414
🌟 New best Q found: 0.018511 at iter 6
best_Q = 0.018510662019252777, final_Q = 0.018511

--- Iteration 7 ---
U1 - Qu_upper = 0.319251, U2 - Qv_upper = 0.183433
eta = 0.7961, interval_left = 0.4693, interval_right = 1.0000
Q = 0.008408, term1 = 0.019758, term2 = 0.005501
🌟 New best Q found: 0.008408 at iter 7
best_Q = 0.008407803252339363, final_Q = 0.008408

--- Iteration 8 ---
U1 - Qu_upper = 0.324137, U2 - Qv_upper = 0.258166
eta = 0.7647, interval_left = 0.4958, interval_right = 1.0000
Q = 0.005066, term1 = 0.019150, term2 = 0.000732
🌟 New best Q found: 0.005066 at iter 8
best_Q = 0.005066063720732927, final_Q = 0.005066

--- Iteration 9 ---
U1 - Qu_upper = 0.336066, U2 - Qv_upper = 0.279859
eta = 0.7709, interval_left = 0.5210, interval_right = 1.0000
Q = 0.004213, term1 = 0.017754, term2 = 0.000189
🌟 New best Q found: 0.004213 at iter 9
best_Q = 0.004212942440062761, final_Q = 0.004213

--- Iteration 10 ---
U1 - Qu_upper = 0.336066, U2 - Qv_upper = 0.279859
eta = 0.7824, interval_left = 0.5450, interval_right = 1.0000
Q = 0.004012, term1 = 0.017754, term2 = 0.000189
🌟 New best Q found: 0.004012 at iter 10
best_Q = 0.00401174183934927, final_Q = 0.004012

--- Iteration 11 ---
U1 - Qu_upper = 0.342485, U2 - Qv_upper = 0.279169
eta = 0.7957, interval_left = 0.5677, interval_right = 1.0000
Q = 0.003657, term1 = 0.017117, term2 = 0.000200
🌟 New best Q found: 0.003657 at iter 11
best_Q = 0.0036571493837982416, final_Q = 0.003657

--- Iteration 12 ---
U1 - Qu_upper = 0.342485, U2 - Qv_upper = 0.279169
eta = 0.8059, interval_left = 0.5893, interval_right = 1.0000
Q = 0.003484, term1 = 0.017117, term2 = 0.000200
🌟 New best Q found: 0.003484 at iter 12
best_Q = 0.0034843110479414463, final_Q = 0.003484

--- Iteration 13 ---
U1 - Qu_upper = 0.342485, U2 - Qv_upper = 0.279169
eta = 0.8156, interval_left = 0.6099, interval_right = 1.0000
Q = 0.003320, term1 = 0.017117, term2 = 0.000200
🌟 New best Q found: 0.003320 at iter 13
best_Q = 0.0033201146870851517, final_Q = 0.003320

--- Iteration 14 ---
U1 - Qu_upper = 0.342694, U2 - Qv_upper = 0.279304
eta = 0.8248, interval_left = 0.6294, interval_right = 1.0000
Q = 0.003094, term1 = 0.016718, term2 = 0.000200
🌟 New best Q found: 0.003094 at iter 14
best_Q = 0.0030941327568143606, final_Q = 0.003094

--- Iteration 15 ---
U1 - Qu_upper = 0.342694, U2 - Qv_upper = 0.279304
eta = 0.8336, interval_left = 0.6479, interval_right = 1.0000
Q = 0.002949, term1 = 0.016718, term2 = 0.000200
🌟 New best Q found: 0.002949 at iter 15
best_Q = 0.0029494452755898237, final_Q = 0.002949

--- Iteration 16 ---
U1 - Qu_upper = 0.342694, U2 - Qv_upper = 0.279304
eta = 0.8419, interval_left = 0.6655, interval_right = 1.0000
Q = 0.002812, term1 = 0.016718, term2 = 0.000200
🌟 New best Q found: 0.002812 at iter 16
best_Q = 0.002811992075294256, final_Q = 0.002812

--- Iteration 17 ---
U1 - Qu_upper = 0.342694, U2 - Qv_upper = 0.279304
eta = 0.8498, interval_left = 0.6822, interval_right = 1.0000
Q = 0.002681, term1 = 0.016718, term2 = 0.000200
🌟 New best Q found: 0.002681 at iter 17
best_Q = 0.0026814118027687073, final_Q = 0.002681

--- Iteration 18 ---
U1 - Qu_upper = 0.342694, U2 - Qv_upper = 0.279304
eta = 0.8573, interval_left = 0.6981, interval_right = 1.0000
Q = 0.002557, term1 = 0.016718, term2 = 0.000200
🌟 New best Q found: 0.002557 at iter 18
best_Q = 0.002557360101491213, final_Q = 0.002557

--- Iteration 19 ---
U1 - Qu_upper = 0.342694, U2 - Qv_upper = 0.279304
eta = 0.8644, interval_left = 0.7132, interval_right = 1.0000
Q = 0.002440, term1 = 0.016718, term2 = 0.000200
🌟 New best Q found: 0.002440 at iter 19
best_Q = 0.002439511474221945, final_Q = 0.002440

--- Iteration 20 ---
U1 - Qu_upper = 0.337730, U2 - Qv_upper = 0.279154
eta = 0.8702, interval_left = 0.7276, interval_right = 1.0000
Q = 0.002290, term1 = 0.016298, term2 = 0.000201
🌟 New best Q found: 0.002290 at iter 20
best_Q = 0.002289731753990054, final_Q = 0.002290

--- Iteration 21 ---
U1 - Qu_upper = 0.337730, U2 - Qv_upper = 0.279154
eta = 0.8767, interval_left = 0.7412, interval_right = 1.0000
Q = 0.002185, term1 = 0.016298, term2 = 0.000201
🌟 New best Q found: 0.002185 at iter 21
best_Q = 0.002185280667617917, final_Q = 0.002185

--- Iteration 22 ---
U1 - Qu_upper = 0.337730, U2 - Qv_upper = 0.279154
eta = 0.8829, interval_left = 0.7541, interval_right = 1.0000
Q = 0.002086, term1 = 0.016298, term2 = 0.000201
🌟 New best Q found: 0.002086 at iter 22
best_Q = 0.0020860517397522926, final_Q = 0.002086

--- Iteration 23 ---
U1 - Qu_upper = 0.339221, U2 - Qv_upper = 0.279158
eta = 0.8890, interval_left = 0.7664, interval_right = 1.0000
Q = 0.001969, term1 = 0.016134, term2 = 0.000201
🌟 New best Q found: 0.001969 at iter 23
best_Q = 0.0019691791385412216, final_Q = 0.001969

--- Iteration 24 ---
U1 - Qu_upper = 0.339221, U2 - Qv_upper = 0.279158
eta = 0.8945, interval_left = 0.7781, interval_right = 1.0000
Q = 0.001881, term1 = 0.016134, term2 = 0.000201
🌟 New best Q found: 0.001881 at iter 24
best_Q = 0.0018807480810210109, final_Q = 0.001881

--- Iteration 25 ---
U1 - Qu_upper = 0.343503, U2 - Qv_upper = 0.279145
eta = 0.9005, interval_left = 0.7892, interval_right = 1.0000
Q = 0.001739, term1 = 0.015661, term2 = 0.000201
🌟 New best Q found: 0.001739 at iter 25
best_Q = 0.001738986000418663, final_Q = 0.001739

--- Iteration 26 ---
U1 - Qu_upper = 0.343503, U2 - Qv_upper = 0.279145
eta = 0.9055, interval_left = 0.7997, interval_right = 1.0000
Q = 0.001662, term1 = 0.015661, term2 = 0.000201
🌟 New best Q found: 0.001662 at iter 26
best_Q = 0.0016620815731585026, final_Q = 0.001662

--- Iteration 27 ---
U1 - Qu_upper = 0.343503, U2 - Qv_upper = 0.279145
eta = 0.9102, interval_left = 0.8097, interval_right = 1.0000
Q = 0.001589, term1 = 0.015661, term2 = 0.000201
🌟 New best Q found: 0.001589 at iter 27
best_Q = 0.0015890223439782858, final_Q = 0.001589

--- Iteration 28 ---
U1 - Qu_upper = 0.336915, U2 - Qv_upper = 0.291129
eta = 0.9118, interval_left = 0.8193, interval_right = 1.0000
Q = 0.001547, term1 = 0.016977, term2 = 0.000054
🌟 New best Q found: 0.001547 at iter 28
best_Q = 0.0015468087512999773, final_Q = 0.001547

--- Iteration 29 ---
U1 - Qu_upper = 0.336915, U2 - Qv_upper = 0.291129
eta = 0.9162, interval_left = 0.8283, interval_right = 1.0000
Q = 0.001472, term1 = 0.016977, term2 = 0.000054
🌟 New best Q found: 0.001472 at iter 29
best_Q = 0.0014721822226420045, final_Q = 0.001472

--- Iteration 30 ---
U1 - Qu_upper = 0.336915, U2 - Qv_upper = 0.291129
eta = 0.9204, interval_left = 0.8369, interval_right = 1.0000
Q = 0.001401, term1 = 0.016977, term2 = 0.000054
🌟 New best Q found: 0.001401 at iter 30
best_Q = 0.001401286805048585, final_Q = 0.001401

--- Iteration 31 ---
U1 - Qu_upper = 0.349359, U2 - Qv_upper = 0.294299
eta = 0.9254, interval_left = 0.8450, interval_right = 1.0000
Q = 0.001154, term1 = 0.015066, term2 = 0.000033
🌟 New best Q found: 0.001154 at iter 31
best_Q = 0.0011539873667061329, final_Q = 0.001154

--- Iteration 32 ---
U1 - Qu_upper = 0.349359, U2 - Qv_upper = 0.294299
eta = 0.9291, interval_left = 0.8528, interval_right = 1.0000
Q = 0.001098, term1 = 0.015066, term2 = 0.000033
🌟 New best Q found: 0.001098 at iter 32
best_Q = 0.0010979253565892577, final_Q = 0.001098

--- Iteration 33 ---
U1 - Qu_upper = 0.349359, U2 - Qv_upper = 0.294299
eta = 0.9327, interval_left = 0.8601, interval_right = 1.0000
Q = 0.001045, term1 = 0.015066, term2 = 0.000033
🌟 New best Q found: 0.001045 at iter 33
best_Q = 0.0010446666274219751, final_Q = 0.001045

--- Iteration 34 ---
U1 - Qu_upper = 0.349359, U2 - Qv_upper = 0.294299
eta = 0.9361, interval_left = 0.8671, interval_right = 1.0000
Q = 0.000994, term1 = 0.015066, term2 = 0.000033
🌟 New best Q found: 0.000994 at iter 34
best_Q = 0.00099407066591084, final_Q = 0.000994

--- Iteration 35 ---
U1 - Qu_upper = 0.349359, U2 - Qv_upper = 0.294299
eta = 0.9392, interval_left = 0.8738, interval_right = 1.0000
Q = 0.000946, term1 = 0.015066, term2 = 0.000033
🌟 New best Q found: 0.000946 at iter 35
best_Q = 0.000946004583965987, final_Q = 0.000946

--- Iteration 36 ---
U1 - Qu_upper = 0.354769, U2 - Qv_upper = 0.294362
eta = 0.9428, interval_left = 0.8801, interval_right = 1.0000
Q = 0.000869, term1 = 0.014645, term2 = 0.000032
🌟 New best Q found: 0.000869 at iter 36
best_Q = 0.0008687945082783699, final_Q = 0.000869

--- Iteration 37 ---
U1 - Qu_upper = 0.354769, U2 - Qv_upper = 0.294362
eta = 0.9456, interval_left = 0.8861, interval_right = 1.0000
Q = 0.000827, term1 = 0.014645, term2 = 0.000032
🌟 New best Q found: 0.000827 at iter 37
best_Q = 0.0008269741083495319, final_Q = 0.000827

--- Iteration 38 ---
U1 - Qu_upper = 0.354769, U2 - Qv_upper = 0.294362
eta = 0.9483, interval_left = 0.8918, interval_right = 1.0000
Q = 0.000787, term1 = 0.014645, term2 = 0.000032
🌟 New best Q found: 0.000787 at iter 38
best_Q = 0.0007872448186390102, final_Q = 0.000787

--- Iteration 39 ---
U1 - Qu_upper = 0.354769, U2 - Qv_upper = 0.294362
eta = 0.9509, interval_left = 0.8972, interval_right = 1.0000
Q = 0.000750, term1 = 0.014645, term2 = 0.000032
🌟 New best Q found: 0.000750 at iter 39
best_Q = 0.0007495019235648215, final_Q = 0.000750

--- Iteration 40 ---
U1 - Qu_upper = 0.354769, U2 - Qv_upper = 0.294362
eta = 0.9534, interval_left = 0.9023, interval_right = 1.0000
Q = 0.000714, term1 = 0.014645, term2 = 0.000032
🌟 New best Q found: 0.000714 at iter 40
best_Q = 0.0007136461790651083, final_Q = 0.000714

--- Iteration 41 ---
U1 - Qu_upper = 0.354769, U2 - Qv_upper = 0.294362
eta = 0.9557, interval_left = 0.9072, interval_right = 1.0000
Q = 0.000680, term1 = 0.014645, term2 = 0.000032
🌟 New best Q found: 0.000680 at iter 41
best_Q = 0.000679583172313869, final_Q = 0.000680

--- Iteration 42 ---
U1 - Qu_upper = 0.354769, U2 - Qv_upper = 0.294362
eta = 0.9579, interval_left = 0.9119, interval_right = 1.0000
Q = 0.000647, term1 = 0.014645, term2 = 0.000032
🌟 New best Q found: 0.000647 at iter 42
best_Q = 0.0006472234381362796, final_Q = 0.000647

--- Iteration 43 ---
U1 - Qu_upper = 0.354769, U2 - Qv_upper = 0.294362
eta = 0.9600, interval_left = 0.9163, interval_right = 1.0000
Q = 0.000616, term1 = 0.014645, term2 = 0.000032
🌟 New best Q found: 0.000616 at iter 43
best_Q = 0.00061648158589378, final_Q = 0.000616

--- Iteration 44 ---
U1 - Qu_upper = 0.354769, U2 - Qv_upper = 0.294362
eta = 0.9620, interval_left = 0.9204, interval_right = 1.0000
Q = 0.000587, term1 = 0.014645, term2 = 0.000032
🌟 New best Q found: 0.000587 at iter 44
best_Q = 0.0005872768815606833, final_Q = 0.000587

--- Iteration 45 ---
U1 - Qu_upper = 0.354769, U2 - Qv_upper = 0.294362
eta = 0.9639, interval_left = 0.9244, interval_right = 1.0000
Q = 0.000560, term1 = 0.014645, term2 = 0.000032
🌟 New best Q found: 0.000560 at iter 45
best_Q = 0.0005595324328169227, final_Q = 0.000560

--- Iteration 46 ---
U1 - Qu_upper = 0.354769, U2 - Qv_upper = 0.294362
eta = 0.9657, interval_left = 0.9282, interval_right = 1.0000
Q = 0.000533, term1 = 0.014645, term2 = 0.000032
🌟 New best Q found: 0.000533 at iter 46
best_Q = 0.0005331751308403909, final_Q = 0.000533

--- Iteration 47 ---
U1 - Qu_upper = 0.354769, U2 - Qv_upper = 0.294362
eta = 0.9674, interval_left = 0.9318, interval_right = 1.0000
Q = 0.000508, term1 = 0.014645, term2 = 0.000032
🌟 New best Q found: 0.000508 at iter 47
best_Q = 0.0005081357667222619, final_Q = 0.000508

--- Iteration 48 ---
U1 - Qu_upper = 0.354769, U2 - Qv_upper = 0.294362
eta = 0.9691, interval_left = 0.9352, interval_right = 1.0000
Q = 0.000484, term1 = 0.014645, term2 = 0.000032
🌟 New best Q found: 0.000484 at iter 48
best_Q = 0.00048434833297505975, final_Q = 0.000484

--- Iteration 49 ---
U1 - Qu_upper = 0.354769, U2 - Qv_upper = 0.294362
eta = 0.9706, interval_left = 0.9384, interval_right = 1.0000
Q = 0.000462, term1 = 0.014645, term2 = 0.000032
🌟 New best Q found: 0.000462 at iter 49
best_Q = 0.00046175025636330247, final_Q = 0.000462

--- Iteration 50 ---
U1 - Qu_upper = 0.354769, U2 - Qv_upper = 0.294362
eta = 0.9721, interval_left = 0.9415, interval_right = 1.0000
Q = 0.000440, term1 = 0.014645, term2 = 0.000032
🌟 New best Q found: 0.000440 at iter 50
best_Q = 0.0004402821068651974, final_Q = 0.000440

--- Iteration 51 ---
U1 - Qu_upper = 0.354769, U2 - Qv_upper = 0.294362
eta = 0.9735, interval_left = 0.9444, interval_right = 1.0000
Q = 0.000420, term1 = 0.014645, term2 = 0.000032
🌟 New best Q found: 0.000420 at iter 51
best_Q = 0.0004198873648419976, final_Q = 0.000420

--- Iteration 52 ---
U1 - Qu_upper = 0.354769, U2 - Qv_upper = 0.294362
eta = 0.9748, interval_left = 0.9472, interval_right = 1.0000
Q = 0.000401, term1 = 0.014645, term2 = 0.000032
🌟 New best Q found: 0.000401 at iter 52
best_Q = 0.00040051236283034086, final_Q = 0.000401

--- Iteration 53 ---
U1 - Qu_upper = 0.354769, U2 - Qv_upper = 0.294362
eta = 0.9761, interval_left = 0.9499, interval_right = 1.0000
Q = 0.000382, term1 = 0.014645, term2 = 0.000032
🌟 New best Q found: 0.000382 at iter 53
best_Q = 0.0003821060818154365, final_Q = 0.000382

--- Iteration 54 ---
U1 - Qu_upper = 0.354769, U2 - Qv_upper = 0.294362
eta = 0.9773, interval_left = 0.9524, interval_right = 1.0000
Q = 0.000365, term1 = 0.014645, term2 = 0.000032
🌟 New best Q found: 0.000365 at iter 54
best_Q = 0.00036462018033489585, final_Q = 0.000365

--- Iteration 55 ---
U1 - Qu_upper = 0.354769, U2 - Qv_upper = 0.294362
eta = 0.9784, interval_left = 0.9548, interval_right = 1.0000
Q = 0.000348, term1 = 0.014645, term2 = 0.000032
🌟 New best Q found: 0.000348 at iter 55
best_Q = 0.00034800852881744504, final_Q = 0.000348

--- Iteration 56 ---
U1 - Qu_upper = 0.354769, U2 - Qv_upper = 0.294362
eta = 0.9795, interval_left = 0.9570, interval_right = 1.0000
Q = 0.000332, term1 = 0.014645, term2 = 0.000032
🌟 New best Q found: 0.000332 at iter 56
best_Q = 0.00033222747151739895, final_Q = 0.000332

--- Iteration 57 ---
U1 - Qu_upper = 0.354769, U2 - Qv_upper = 0.294362
eta = 0.9805, interval_left = 0.9592, interval_right = 1.0000
Q = 0.000317, term1 = 0.014645, term2 = 0.000032
🌟 New best Q found: 0.000317 at iter 57
best_Q = 0.0003172354190610349, final_Q = 0.000317

--- Iteration 58 ---
U1 - Qu_upper = 0.354769, U2 - Qv_upper = 0.294362
eta = 0.9815, interval_left = 0.9612, interval_right = 1.0000
Q = 0.000303, term1 = 0.014645, term2 = 0.000032
🌟 New best Q found: 0.000303 at iter 58
best_Q = 0.00030299302306957543, final_Q = 0.000303

--- Iteration 59 ---
U1 - Qu_upper = 0.354769, U2 - Qv_upper = 0.294362
eta = 0.9824, interval_left = 0.9631, interval_right = 1.0000
Q = 0.000289, term1 = 0.014645, term2 = 0.000032
🌟 New best Q found: 0.000289 at iter 59
best_Q = 0.0002894627396017313, final_Q = 0.000289

--- Iteration 60 ---
U1 - Qu_upper = 0.354769, U2 - Qv_upper = 0.294362
eta = 0.9833, interval_left = 0.9650, interval_right = 1.0000
Q = 0.000277, term1 = 0.014645, term2 = 0.000032
🌟 New best Q found: 0.000277 at iter 60
best_Q = 0.0002766089455690235, final_Q = 0.000277

--- Iteration 61 ---
U1 - Qu_upper = 0.354769, U2 - Qv_upper = 0.294362
eta = 0.9841, interval_left = 0.9667, interval_right = 1.0000
Q = 0.000264, term1 = 0.014645, term2 = 0.000032
🌟 New best Q found: 0.000264 at iter 61
best_Q = 0.0002643978805281222, final_Q = 0.000264

--- Iteration 62 ---
U1 - Qu_upper = 0.354769, U2 - Qv_upper = 0.294362
eta = 0.9849, interval_left = 0.9684, interval_right = 1.0000
Q = 0.000253, term1 = 0.014645, term2 = 0.000032
🌟 New best Q found: 0.000253 at iter 62
best_Q = 0.0002527973265387118, final_Q = 0.000253

--- Iteration 63 ---
U1 - Qu_upper = 0.354769, U2 - Qv_upper = 0.294362
eta = 0.9857, interval_left = 0.9700, interval_right = 1.0000
Q = 0.000242, term1 = 0.014645, term2 = 0.000032
🌟 New best Q found: 0.000242 at iter 63
best_Q = 0.00024177682644221932, final_Q = 0.000242

--- Iteration 64 ---
U1 - Qu_upper = 0.354769, U2 - Qv_upper = 0.294362
eta = 0.9864, interval_left = 0.9715, interval_right = 1.0000
Q = 0.000231, term1 = 0.014645, term2 = 0.000032
🌟 New best Q found: 0.000231 at iter 64
best_Q = 0.0002313073491677642, final_Q = 0.000231

--- Iteration 65 ---
U1 - Qu_upper = 0.354769, U2 - Qv_upper = 0.294362
eta = 0.9871, interval_left = 0.9729, interval_right = 1.0000
Q = 0.000221, term1 = 0.014645, term2 = 0.000032
🌟 New best Q found: 0.000221 at iter 65
best_Q = 0.00022136133338790387, final_Q = 0.000221

--- Iteration 66 ---
U1 - Qu_upper = 0.354769, U2 - Qv_upper = 0.294362
eta = 0.9877, interval_left = 0.9743, interval_right = 1.0000
Q = 0.000212, term1 = 0.014645, term2 = 0.000032
🌟 New best Q found: 0.000212 at iter 66
best_Q = 0.00021191264386288822, final_Q = 0.000212

--- Iteration 67 ---
U1 - Qu_upper = 0.354769, U2 - Qv_upper = 0.294362
eta = 0.9883, interval_left = 0.9755, interval_right = 1.0000
Q = 0.000203, term1 = 0.014645, term2 = 0.000032
🌟 New best Q found: 0.000203 at iter 67
best_Q = 0.00020293635316193104, final_Q = 0.000203

--- Iteration 68 ---
U1 - Qu_upper = 0.354769, U2 - Qv_upper = 0.294362
eta = 0.9889, interval_left = 0.9768, interval_right = 1.0000
Q = 0.000194, term1 = 0.014645, term2 = 0.000032
🌟 New best Q found: 0.000194 at iter 68
best_Q = 0.0001944089017342776, final_Q = 0.000194

--- Iteration 69 ---
U1 - Qu_upper = 0.354769, U2 - Qv_upper = 0.294362
eta = 0.9895, interval_left = 0.9779, interval_right = 1.0000
Q = 0.000186, term1 = 0.014645, term2 = 0.000032
🌟 New best Q found: 0.000186 at iter 69
best_Q = 0.0001863078068709001, final_Q = 0.000186

--- Iteration 70 ---
U1 - Qu_upper = 0.354769, U2 - Qv_upper = 0.294362
eta = 0.9900, interval_left = 0.9790, interval_right = 1.0000
Q = 0.000179, term1 = 0.014645, term2 = 0.000032
🌟 New best Q found: 0.000179 at iter 70
best_Q = 0.0001786117791198194, final_Q = 0.000179

--- Iteration 71 ---
U1 - Qu_upper = 0.354769, U2 - Qv_upper = 0.294362
eta = 0.9905, interval_left = 0.9801, interval_right = 1.0000
Q = 0.000171, term1 = 0.014645, term2 = 0.000032
🌟 New best Q found: 0.000171 at iter 71
best_Q = 0.00017130054766312242, final_Q = 0.000171

--- Iteration 72 ---
U1 - Qu_upper = 0.354769, U2 - Qv_upper = 0.294362
eta = 0.9910, interval_left = 0.9811, interval_right = 1.0000
Q = 0.000164, term1 = 0.014645, term2 = 0.000032
🌟 New best Q found: 0.000164 at iter 72
best_Q = 0.00016435488942079246, final_Q = 0.000164

--- Iteration 73 ---
U1 - Qu_upper = 0.354769, U2 - Qv_upper = 0.294362
eta = 0.9914, interval_left = 0.9820, interval_right = 1.0000
Q = 0.000158, term1 = 0.014645, term2 = 0.000032
🌟 New best Q found: 0.000158 at iter 73
best_Q = 0.00015775651263538748, final_Q = 0.000158

--- Iteration 74 ---
U1 - Qu_upper = 0.354769, U2 - Qv_upper = 0.294362
eta = 0.9918, interval_left = 0.9829, interval_right = 1.0000
Q = 0.000151, term1 = 0.014645, term2 = 0.000032
🌟 New best Q found: 0.000151 at iter 74
best_Q = 0.0001514880423201248, final_Q = 0.000151

--- Iteration 75 ---
U1 - Qu_upper = 0.354769, U2 - Qv_upper = 0.294362
eta = 0.9923, interval_left = 0.9838, interval_right = 1.0000
Q = 0.000146, term1 = 0.014645, term2 = 0.000032
🌟 New best Q found: 0.000146 at iter 75
best_Q = 0.0001455329911550507, final_Q = 0.000146

--- Iteration 76 ---
U1 - Qu_upper = 0.354769, U2 - Qv_upper = 0.294362
eta = 0.9926, interval_left = 0.9846, interval_right = 1.0000
Q = 0.000140, term1 = 0.014645, term2 = 0.000032
🌟 New best Q found: 0.000140 at iter 76
best_Q = 0.00013987570127937943, final_Q = 0.000140

--- Iteration 77 ---
U1 - Qu_upper = 0.354769, U2 - Qv_upper = 0.294362
eta = 0.9930, interval_left = 0.9854, interval_right = 1.0000
Q = 0.000135, term1 = 0.014645, term2 = 0.000032
🌟 New best Q found: 0.000135 at iter 77
best_Q = 0.00013450128608383238, final_Q = 0.000135

--- Iteration 78 ---
U1 - Qu_upper = 0.354769, U2 - Qv_upper = 0.294362
eta = 0.9934, interval_left = 0.9861, interval_right = 1.0000
Q = 0.000129, term1 = 0.014645, term2 = 0.000032
🌟 New best Q found: 0.000129 at iter 78
best_Q = 0.00012939557200297713, final_Q = 0.000129

--- Iteration 79 ---
U1 - Qu_upper = 0.354769, U2 - Qv_upper = 0.294362
eta = 0.9937, interval_left = 0.9868, interval_right = 1.0000
Q = 0.000125, term1 = 0.014645, term2 = 0.000032
🌟 New best Q found: 0.000125 at iter 79
best_Q = 0.00012454515672288835, final_Q = 0.000125

--- Iteration 80 ---
U1 - Qu_upper = 0.354769, U2 - Qv_upper = 0.294362
eta = 0.9940, interval_left = 0.9874, interval_right = 1.0000
Q = 0.000120, term1 = 0.014645, term2 = 0.000032
🌟 New best Q found: 0.000120 at iter 80
best_Q = 0.00011993726366199553, final_Q = 0.000120

--- Iteration 81 ---
U1 - Qu_upper = 0.354769, U2 - Qv_upper = 0.294362
eta = 0.9943, interval_left = 0.9881, interval_right = 1.0000
Q = 0.000116, term1 = 0.014645, term2 = 0.000032
🌟 New best Q found: 0.000116 at iter 81
best_Q = 0.00011555975652299821, final_Q = 0.000116

--- Iteration 82 ---
U1 - Qu_upper = 0.354769, U2 - Qv_upper = 0.294362
eta = 0.9946, interval_left = 0.9887, interval_right = 1.0000
Q = 0.000111, term1 = 0.014645, term2 = 0.000032
🌟 New best Q found: 0.000111 at iter 82
best_Q = 0.00011140113929286599, final_Q = 0.000111

--- Iteration 83 ---
U1 - Qu_upper = 0.354769, U2 - Qv_upper = 0.294362
eta = 0.9949, interval_left = 0.9892, interval_right = 1.0000
Q = 0.000107, term1 = 0.014645, term2 = 0.000032
🌟 New best Q found: 0.000107 at iter 83
best_Q = 0.00010745043982751667, final_Q = 0.000107

--- Iteration 84 ---
U1 - Qu_upper = 0.354769, U2 - Qv_upper = 0.294362
eta = 0.9951, interval_left = 0.9898, interval_right = 1.0000
Q = 0.000104, term1 = 0.014645, term2 = 0.000032
🌟 New best Q found: 0.000104 at iter 84
best_Q = 0.00010369726805947721, final_Q = 0.000104

--- Iteration 85 ---
U1 - Qu_upper = 0.352263, U2 - Qv_upper = 0.295184
eta = 0.9953, interval_left = 0.9903, interval_right = 1.0000
Q = 0.000098, term1 = 0.015616, term2 = 0.000025
🌟 New best Q found: 0.000098 at iter 85
best_Q = 9.774287173058838e-05, final_Q = 0.000098

--- Iteration 86 ---
U1 - Qu_upper = 0.345254, U2 - Qv_upper = 0.297396
eta = 0.9955, interval_left = 0.9908, interval_right = 1.0000
Q = 0.000093, term1 = 0.016682, term2 = 0.000018
🌟 New best Q found: 0.000093 at iter 86
best_Q = 9.337263327324763e-05, final_Q = 0.000093

--- Iteration 87 ---
U1 - Qu_upper = 0.346486, U2 - Qv_upper = 0.300000
eta = 0.9957, interval_left = 0.9912, interval_right = 1.0000
Q = 0.000085, term1 = 0.016579, term2 = 0.000014
🌟 New best Q found: 0.000085 at iter 87
best_Q = 8.506329322699457e-05, final_Q = 0.000085

--- Iteration 88 ---
U1 - Qu_upper = 0.346486, U2 - Qv_upper = 0.300000
eta = 0.9959, interval_left = 0.9917, interval_right = 1.0000
Q = 0.000082, term1 = 0.016579, term2 = 0.000014
🌟 New best Q found: 0.000082 at iter 88
best_Q = 8.151701331371441e-05, final_Q = 0.000082

--- Iteration 89 ---
U1 - Qu_upper = 0.346486, U2 - Qv_upper = 0.300000
eta = 0.9961, interval_left = 0.9921, interval_right = 1.0000
Q = 0.000078, term1 = 0.016579, term2 = 0.000014
🌟 New best Q found: 0.000078 at iter 89
best_Q = 7.814804121153429e-05, final_Q = 0.000078

--- Iteration 90 ---
U1 - Qu_upper = 0.346486, U2 - Qv_upper = 0.300000
eta = 0.9963, interval_left = 0.9925, interval_right = 1.0000
Q = 0.000075, term1 = 0.016579, term2 = 0.000014
🌟 New best Q found: 0.000075 at iter 90
best_Q = 7.494752935599536e-05, final_Q = 0.000075

--- Iteration 91 ---
U1 - Qu_upper = 0.346486, U2 - Qv_upper = 0.300000
eta = 0.9965, interval_left = 0.9929, interval_right = 1.0000
Q = 0.000072, term1 = 0.016579, term2 = 0.000014
🌟 New best Q found: 0.000072 at iter 91
best_Q = 7.190703763626516e-05, final_Q = 0.000072

--- Iteration 92 ---
U1 - Qu_upper = 0.353701, U2 - Qv_upper = 0.300000
eta = 0.9967, interval_left = 0.9932, interval_right = 1.0000
Q = 0.000063, term1 = 0.015568, term2 = 0.000012
🌟 New best Q found: 0.000063 at iter 92
best_Q = 6.294056947808713e-05, final_Q = 0.000063

--- Iteration 93 ---
U1 - Qu_upper = 0.353701, U2 - Qv_upper = 0.300000
eta = 0.9969, interval_left = 0.9936, interval_right = 1.0000
Q = 0.000060, term1 = 0.015568, term2 = 0.000012
🌟 New best Q found: 0.000060 at iter 93
best_Q = 6.039211802999489e-05, final_Q = 0.000060

--- Iteration 94 ---
U1 - Qu_upper = 0.353701, U2 - Qv_upper = 0.300000
eta = 0.9970, interval_left = 0.9939, interval_right = 1.0000
Q = 0.000058, term1 = 0.015568, term2 = 0.000012
🌟 New best Q found: 0.000058 at iter 94
best_Q = 5.797108678962104e-05, final_Q = 0.000058

--- Iteration 95 ---
U1 - Qu_upper = 0.354885, U2 - Qv_upper = 0.300000
eta = 0.9972, interval_left = 0.9942, interval_right = 1.0000
Q = 0.000055, term1 = 0.015400, term2 = 0.000012
🌟 New best Q found: 0.000055 at iter 95
best_Q = 5.50818040210288e-05, final_Q = 0.000055

--- Iteration 96 ---
U1 - Qu_upper = 0.354885, U2 - Qv_upper = 0.300000
eta = 0.9973, interval_left = 0.9945, interval_right = 1.0000
Q = 0.000053, term1 = 0.015400, term2 = 0.000012
🌟 New best Q found: 0.000053 at iter 96
best_Q = 5.2924333431292325e-05, final_Q = 0.000053

--- Iteration 97 ---
U1 - Qu_upper = 0.354885, U2 - Qv_upper = 0.300000
eta = 0.9975, interval_left = 0.9948, interval_right = 1.0000
Q = 0.000051, term1 = 0.015400, term2 = 0.000012
🌟 New best Q found: 0.000051 at iter 97
best_Q = 5.0874732551164925e-05, final_Q = 0.000051

--- Iteration 98 ---
U1 - Qu_upper = 0.354885, U2 - Qv_upper = 0.300000
eta = 0.9976, interval_left = 0.9950, interval_right = 1.0000
Q = 0.000049, term1 = 0.015400, term2 = 0.000012
🌟 New best Q found: 0.000049 at iter 98
best_Q = 4.89276135340333e-05, final_Q = 0.000049

--- Iteration 99 ---
U1 - Qu_upper = 0.354885, U2 - Qv_upper = 0.300000
eta = 0.9977, interval_left = 0.9953, interval_right = 1.0000
Q = 0.000047, term1 = 0.015400, term2 = 0.000012
🌟 New best Q found: 0.000047 at iter 99
best_Q = 4.707785410573706e-05, final_Q = 0.000047
Optimization End
📁 Visualization directory ensured: /work3/s232263/DCE_Results/german_credit/MLP/DCE_u1=0.5,u2=0.3,l=0.2,r=1.0,mi=100,tk=1,nt=10/cone_all_DifferentialEvolution_F=0.5,CR=0.9,cs=1.2,ct=0.1,temp=2.0/seed_123_20250805_040936/visualizations
Model saved to: /work3/s232263/DCE_Results/german_credit/MLP/DCE_u1=0.5,u2=0.3,l=0.2,r=1.0,mi=100,tk=1,nt=10/cone_all_DifferentialEvolution_F=0.5,CR=0.9,cs=1.2,ct=0.1,temp=2.0/seed_123_20250805_040936/model.pkl
Best results saved to: /work3/s232263/DCE_Results/german_credit/MLP/DCE_u1=0.5,u2=0.3,l=0.2,r=1.0,mi=100,tk=1,nt=10/cone_all_DifferentialEvolution_F=0.5,CR=0.9,cs=1.2,ct=0.1,temp=2.0/seed_123_20250805_040936
Final results saved to: /work3/s232263/DCE_Results/german_credit/MLP/DCE_u1=0.5,u2=0.3,l=0.2,r=1.0,mi=100,tk=1,nt=10/cone_all_DifferentialEvolution_F=0.5,CR=0.9,cs=1.2,ct=0.1,temp=2.0/seed_123_20250805_040936
Optimization log saved to: /work3/s232263/DCE_Results/german_credit/MLP/DCE_u1=0.5,u2=0.3,l=0.2,r=1.0,mi=100,tk=1,nt=10/cone_all_DifferentialEvolution_F=0.5,CR=0.9,cs=1.2,ct=0.1,temp=2.0/seed_123_20250805_040936
All results successfully saved to: /work3/s232263/DCE_Results/german_credit/MLP/DCE_u1=0.5,u2=0.3,l=0.2,r=1.0,mi=100,tk=1,nt=10/cone_all_DifferentialEvolution_F=0.5,CR=0.9,cs=1.2,ct=0.1,temp=2.0/seed_123_20250805_040936
Visualizations will be saved to: /work3/s232263/DCE_Results/german_credit/MLP/DCE_u1=0.5,u2=0.3,l=0.2,r=1.0,mi=100,tk=1,nt=10/cone_all_DifferentialEvolution_F=0.5,CR=0.9,cs=1.2,ct=0.1,temp=2.0/seed_123_20250805_040936/visualizations
✅ DCE explanation completed!
🎯 Best Q: 0.000047
📊 Final Q: 0.000047
🎉 Found feasible solution: True
💾 Results saved to: /work3/s232263/DCE_Results/german_credit/MLP/DCE_u1=0.5,u2=0.3,l=0.2,r=1.0,mi=100,tk=1,nt=10/cone_all_DifferentialEvolution_F=0.5,CR=0.9,cs=1.2,ct=0.1,temp=2.0/seed_123_20250805_040936
📊 Calculating metrics...
✅ Data processed for metrics calculation
   Coverage Rate: 0.880
   MMD: 0.011
   OT Distance: 0.0603
   Percentile Differences:
     0-15%: 65.179%
     15-30%: 40.149%
     30-70%: 605.122%
     70-85%: 68.140%
     85-100%: 19.787%
   AReS Cost: 8.941
💾 Metrics saved to: /work3/s232263/DCE_Results/german_credit/MLP/DCE_u1=0.5,u2=0.3,l=0.2,r=1.0,mi=100,tk=1,nt=10/cone_all_DifferentialEvolution_F=0.5,CR=0.9,cs=1.2,ct=0.1,temp=2.0/seed_123_20250805_040936/metrics_summary.json

================================================================================
📈 EXPERIMENT SUMMARY
================================================================================
🎯 Experiment: comprehensive_strategy_comparison
📊 Dataset: german_credit, Model: MLP
🎲 Seed: 123

🎯 MONTE_CARLO (mc_demo):
   Best Q: 0.000080
   Final Q: 0.000080
   Feasible: True
   Core Metrics:
     Coverage Rate: 0.880
     MMD: 0.030
     OT Distance: 0.088
     AReS Cost: 11.075

🎯 GENETIC (ga_demo):
   Best Q: 0.000048
   Final Q: 0.000048
   Feasible: True
   Core Metrics:
     Coverage Rate: 0.880
     MMD: 0.023
     OT Distance: 0.041
     AReS Cost: 10.214

🎯 SIMULATED_ANNEALING (sa_demo):
   Best Q: 0.004988
   Final Q: 0.014399
   Feasible: True
   Core Metrics:
     Coverage Rate: 0.880
     MMD: 0.006
     OT Distance: 0.028
     AReS Cost: 6.083

🎯 BAYESIAN (bo_demo):
   Best Q: 0.004765
   Final Q: 0.022439
   Feasible: True
   Core Metrics:
     Coverage Rate: 0.880
     MMD: 0.017
     OT Distance: 0.081
     AReS Cost: 6.870

🎯 DIFFERENTIAL_EVOLUTION (de_demo):
   Best Q: 0.000047
   Final Q: 0.000047
   Feasible: True
   Core Metrics:
     Coverage Rate: 0.880
     MMD: 0.011
     OT Distance: 0.060
     AReS Cost: 8.941

✅ All experiments completed!
✅ Seed 123 completed successfully!

================================================================================
🎲 SEED 3/5: 456
================================================================================

🎲 Running experiment with seed: 456
📊 Loading dataset: german_credit
✅ Training data: 800 samples
✅ Test data: 200 samples
📊 Generating explain data using method: standard
   Standard sampling: 50 samples
✅ Explanation data: 50 samples
🤖 Creating model: MLP

============================================================
🎲 Running experiment: monte_carlo (alias: mc_demo)
============================================================
🎯 Creating strategy: monte_carlo (alias: mc_demo)
🧭 Full cone sampling mode (both categorical and continuous)
📐 Cone angle: 45.0° (0.785 rad)
🚀 Starting DCE explanation...
📍 Using original factual data as starting point (X_init=False)
Results will be saved to: /work3/s232263/DCE_Results/german_credit/MLP/DCE_u1=0.5,u2=0.3,l=0.2,r=1.0,mi=100,tk=1,nt=10/cone_all_MonteCarlo_cs=1.2,ct=0.1,temp=2.0/seed_456_20250805_043706
📁 Initial data saved:
   - x_true.csv: (50, 9)
   - y_true.csv: (50, 1)
   - y_target.csv: (50,)
Training Start
Optimization Start

--- Iteration 0 ---
U1 - Qu_upper = 0.500000, U2 - Qv_upper = -0.206617
eta = 1.0000, interval_left = 0.2400, interval_right = 1.0000
Q = 0.115700, term1 = 0.000000, term2 = 0.115700
best_Q = inf, final_Q = 0.115700

--- Iteration 1 ---
U1 - Qu_upper = 0.464730, U2 - Qv_upper = -0.175471
eta = 1.0000, interval_left = 0.2780, interval_right = 1.0000
Q = 0.097165, term1 = 0.004105, term2 = 0.097165
best_Q = inf, final_Q = 0.097165

--- Iteration 2 ---
U1 - Qu_upper = 0.390335, U2 - Qv_upper = -0.136204
eta = 1.0000, interval_left = 0.3141, interval_right = 1.0000
Q = 0.079940, term1 = 0.010057, term2 = 0.079940
best_Q = inf, final_Q = 0.079940

--- Iteration 3 ---
U1 - Qu_upper = 0.348497, U2 - Qv_upper = -0.088655
eta = 1.0000, interval_left = 0.3484, interval_right = 1.0000
Q = 0.062969, term1 = 0.014181, term2 = 0.062969
best_Q = inf, final_Q = 0.062969

--- Iteration 4 ---
U1 - Qu_upper = 0.342100, U2 - Qv_upper = -0.029328
eta = 1.0000, interval_left = 0.3810, interval_right = 1.0000
Q = 0.045772, term1 = 0.015217, term2 = 0.045772
best_Q = inf, final_Q = 0.045772

--- Iteration 5 ---
U1 - Qu_upper = 0.340699, U2 - Qv_upper = 0.009150
eta = 0.9838, interval_left = 0.4119, interval_right = 1.0000
Q = 0.034881, term1 = 0.016388, term2 = 0.035186
🌟 New best Q found: 0.034881 at iter 5
best_Q = 0.03488131985068321, final_Q = 0.034881

--- Iteration 6 ---
U1 - Qu_upper = 0.328789, U2 - Qv_upper = 0.056092
eta = 0.9143, interval_left = 0.4413, interval_right = 1.0000
Q = 0.024182, term1 = 0.017929, term2 = 0.024768
🌟 New best Q found: 0.024182 at iter 6
best_Q = 0.024182289838790894, final_Q = 0.024182

--- Iteration 7 ---
U1 - Qu_upper = 0.339958, U2 - Qv_upper = 0.115593
eta = 0.8582, interval_left = 0.4693, interval_right = 1.0000
Q = 0.014828, term1 = 0.016657, term2 = 0.014526
🌟 New best Q found: 0.014828 at iter 7
best_Q = 0.014828432351350784, final_Q = 0.014828

--- Iteration 8 ---
U1 - Qu_upper = 0.351796, U2 - Qv_upper = 0.160542
eta = 0.8337, interval_left = 0.4958, interval_right = 1.0000
Q = 0.009487, term1 = 0.015243, term2 = 0.008339
🌟 New best Q found: 0.009487 at iter 8
best_Q = 0.00948726013302803, final_Q = 0.009487

--- Iteration 9 ---
U1 - Qu_upper = 0.350206, U2 - Qv_upper = 0.201397
eta = 0.8159, interval_left = 0.5210, interval_right = 1.0000
Q = 0.006329, term1 = 0.015478, term2 = 0.004265
🌟 New best Q found: 0.006329 at iter 9
best_Q = 0.006329244002699852, final_Q = 0.006329

--- Iteration 10 ---
U1 - Qu_upper = 0.341490, U2 - Qv_upper = 0.225048
eta = 0.8097, interval_left = 0.5450, interval_right = 1.0000
Q = 0.005143, term1 = 0.016393, term2 = 0.002499
🌟 New best Q found: 0.005143 at iter 10
best_Q = 0.005142827983945608, final_Q = 0.005143

--- Iteration 11 ---
U1 - Qu_upper = 0.331442, U2 - Qv_upper = 0.262874
eta = 0.7987, interval_left = 0.5677, interval_right = 1.0000
Q = 0.004247, term1 = 0.018251, term2 = 0.000718
🌟 New best Q found: 0.004247 at iter 11
best_Q = 0.004247107543051243, final_Q = 0.004247

--- Iteration 12 ---
U1 - Qu_upper = 0.326652, U2 - Qv_upper = 0.266718
eta = 0.8057, interval_left = 0.5893, interval_right = 1.0000
Q = 0.004101, term1 = 0.018512, term2 = 0.000625
🌟 New best Q found: 0.004101 at iter 12
best_Q = 0.004100694786757231, final_Q = 0.004101

--- Iteration 13 ---
U1 - Qu_upper = 0.352406, U2 - Qv_upper = 0.274876
eta = 0.8200, interval_left = 0.6099, interval_right = 1.0000
Q = 0.003024, term1 = 0.014794, term2 = 0.000441
🌟 New best Q found: 0.003024 at iter 13
best_Q = 0.003023697528988123, final_Q = 0.003024

--- Iteration 14 ---
U1 - Qu_upper = 0.356028, U2 - Qv_upper = 0.277767
eta = 0.8290, interval_left = 0.6294, interval_right = 1.0000
Q = 0.002778, term1 = 0.014376, term2 = 0.000386
🌟 New best Q found: 0.002778 at iter 14
best_Q = 0.002777951303869486, final_Q = 0.002778

--- Iteration 15 ---
U1 - Qu_upper = 0.357667, U2 - Qv_upper = 0.269815
eta = 0.8406, interval_left = 0.6479, interval_right = 1.0000
Q = 0.002719, term1 = 0.014149, term2 = 0.000553
🌟 New best Q found: 0.002719 at iter 15
best_Q = 0.0027194598224014044, final_Q = 0.002719

--- Iteration 16 ---
U1 - Qu_upper = 0.341651, U2 - Qv_upper = 0.279187
eta = 0.8417, interval_left = 0.6655, interval_right = 1.0000
Q = 0.002970, term1 = 0.016837, term2 = 0.000361
best_Q = 0.0027194598224014044, final_Q = 0.002970

--- Iteration 17 ---
U1 - Qu_upper = 0.345643, U2 - Qv_upper = 0.266367
eta = 0.8544, interval_left = 0.6822, interval_right = 1.0000
Q = 0.002879, term1 = 0.015928, term2 = 0.000656
best_Q = 0.0027194598224014044, final_Q = 0.002879

--- Iteration 18 ---
U1 - Qu_upper = 0.320795, U2 - Qv_upper = 0.268282
eta = 0.8553, interval_left = 0.6981, interval_right = 1.0000
Q = 0.003357, term1 = 0.019580, term2 = 0.000612
best_Q = 0.0027194598224014044, final_Q = 0.003357

--- Iteration 19 ---
U1 - Qu_upper = 0.335336, U2 - Qv_upper = 0.266608
eta = 0.8663, interval_left = 0.7132, interval_right = 1.0000
Q = 0.002943, term1 = 0.017561, term2 = 0.000686
best_Q = 0.0027194598224014044, final_Q = 0.002943

--- Iteration 20 ---
U1 - Qu_upper = 0.333413, U2 - Qv_upper = 0.257410
eta = 0.8751, interval_left = 0.7276, interval_right = 1.0000
Q = 0.002986, term1 = 0.017551, term2 = 0.000907
best_Q = 0.0027194598224014044, final_Q = 0.002986

--- Iteration 21 ---
U1 - Qu_upper = 0.328717, U2 - Qv_upper = 0.255583
eta = 0.8808, interval_left = 0.7412, interval_right = 1.0000
Q = 0.003081, term1 = 0.018238, term2 = 0.001030
best_Q = 0.0027194598224014044, final_Q = 0.003081

--- Iteration 22 ---
U1 - Qu_upper = 0.315064, U2 - Qv_upper = 0.245506
eta = 0.8866, interval_left = 0.7541, interval_right = 1.0000
Q = 0.003573, term1 = 0.020350, term2 = 0.001428
best_Q = 0.0027194598224014044, final_Q = 0.003573

--- Iteration 23 ---
U1 - Qu_upper = 0.343370, U2 - Qv_upper = 0.251448
eta = 0.8961, interval_left = 0.7664, interval_right = 1.0000
Q = 0.002791, term1 = 0.016913, term2 = 0.001153
best_Q = 0.0027194598224014044, final_Q = 0.002791

--- Iteration 24 ---
U1 - Qu_upper = 0.344573, U2 - Qv_upper = 0.244684
eta = 0.9030, interval_left = 0.7781, interval_right = 1.0000
Q = 0.002936, term1 = 0.016786, term2 = 0.001448
best_Q = 0.0027194598224014044, final_Q = 0.002936

--- Iteration 25 ---
U1 - Qu_upper = 0.325309, U2 - Qv_upper = 0.256548
eta = 0.9022, interval_left = 0.7892, interval_right = 1.0000
Q = 0.002793, term1 = 0.019150, term2 = 0.001019
best_Q = 0.0027194598224014044, final_Q = 0.002793

--- Iteration 26 ---
U1 - Qu_upper = 0.328011, U2 - Qv_upper = 0.252306
eta = 0.9083, interval_left = 0.7997, interval_right = 1.0000
Q = 0.002793, term1 = 0.018836, term2 = 0.001174
best_Q = 0.0027194598224014044, final_Q = 0.002793

--- Iteration 27 ---
U1 - Qu_upper = 0.328867, U2 - Qv_upper = 0.246149
eta = 0.9143, interval_left = 0.8097, interval_right = 1.0000
Q = 0.002841, term1 = 0.018798, term2 = 0.001345
best_Q = 0.0027194598224014044, final_Q = 0.002841

--- Iteration 28 ---
U1 - Qu_upper = 0.331771, U2 - Qv_upper = 0.236465
eta = 0.9208, interval_left = 0.8193, interval_right = 1.0000
Q = 0.003146, term1 = 0.018341, term2 = 0.001839
best_Q = 0.0027194598224014044, final_Q = 0.003146

--- Iteration 29 ---
U1 - Qu_upper = 0.334940, U2 - Qv_upper = 0.246877
eta = 0.9233, interval_left = 0.8283, interval_right = 1.0000
Q = 0.002604, term1 = 0.017861, term2 = 0.001336
🌟 New best Q found: 0.002604 at iter 29
best_Q = 0.0026036116760224104, final_Q = 0.002604

--- Iteration 30 ---
U1 - Qu_upper = 0.333747, U2 - Qv_upper = 0.251562
eta = 0.9262, interval_left = 0.8369, interval_right = 1.0000
Q = 0.002422, term1 = 0.018188, term2 = 0.001166
🌟 New best Q found: 0.002422 at iter 30
best_Q = 0.002421762328594923, final_Q = 0.002422

--- Iteration 31 ---
U1 - Qu_upper = 0.298411, U2 - Qv_upper = 0.265983
eta = 0.9231, interval_left = 0.8450, interval_right = 1.0000
Q = 0.002545, term1 = 0.023920, term2 = 0.000765
best_Q = 0.002421762328594923, final_Q = 0.002545

--- Iteration 32 ---
U1 - Qu_upper = 0.288837, U2 - Qv_upper = 0.259285
eta = 0.9267, interval_left = 0.8528, interval_right = 1.0000
Q = 0.002749, term1 = 0.025524, term2 = 0.000947
best_Q = 0.002421762328594923, final_Q = 0.002749

--- Iteration 33 ---
U1 - Qu_upper = 0.290615, U2 - Qv_upper = 0.271425
eta = 0.9289, interval_left = 0.8601, interval_right = 1.0000
Q = 0.002305, term1 = 0.025051, term2 = 0.000564
🌟 New best Q found: 0.002305 at iter 33
best_Q = 0.0023049451410770416, final_Q = 0.002305

--- Iteration 34 ---
U1 - Qu_upper = 0.288098, U2 - Qv_upper = 0.267271
eta = 0.9327, interval_left = 0.8671, interval_right = 1.0000
Q = 0.002314, term1 = 0.025006, term2 = 0.000676
best_Q = 0.0023049451410770416, final_Q = 0.002314

--- Iteration 35 ---
U1 - Qu_upper = 0.281212, U2 - Qv_upper = 0.274116
eta = 0.9344, interval_left = 0.8738, interval_right = 1.0000
Q = 0.002207, term1 = 0.026387, term2 = 0.000509
🌟 New best Q found: 0.002207 at iter 35
best_Q = 0.002206614473834634, final_Q = 0.002207

--- Iteration 36 ---
U1 - Qu_upper = 0.303097, U2 - Qv_upper = 0.280990
eta = 0.9393, interval_left = 0.8801, interval_right = 1.0000
Q = 0.001721, term1 = 0.022595, term2 = 0.000372
🌟 New best Q found: 0.001721 at iter 36
best_Q = 0.0017211007652804255, final_Q = 0.001721

--- Iteration 37 ---
U1 - Qu_upper = 0.308361, U2 - Qv_upper = 0.287730
eta = 0.9421, interval_left = 0.8861, interval_right = 1.0000
Q = 0.001554, term1 = 0.022169, term2 = 0.000287
🌟 New best Q found: 0.001554 at iter 37
best_Q = 0.001553828944452107, final_Q = 0.001554

--- Iteration 38 ---
U1 - Qu_upper = 0.313160, U2 - Qv_upper = 0.289529
eta = 0.9453, interval_left = 0.8918, interval_right = 1.0000
Q = 0.001427, term1 = 0.021428, term2 = 0.000269
🌟 New best Q found: 0.001427 at iter 38
best_Q = 0.001426702830940485, final_Q = 0.001427

--- Iteration 39 ---
U1 - Qu_upper = 0.305064, U2 - Qv_upper = 0.300000
eta = 0.9463, interval_left = 0.8972, interval_right = 1.0000
Q = 0.001422, term1 = 0.022635, term2 = 0.000219
🌟 New best Q found: 0.001422 at iter 39
best_Q = 0.001421966589987278, final_Q = 0.001422

--- Iteration 40 ---
U1 - Qu_upper = 0.303567, U2 - Qv_upper = 0.300000
eta = 0.9489, interval_left = 0.9023, interval_right = 1.0000
Q = 0.001393, term1 = 0.023182, term2 = 0.000219
🌟 New best Q found: 0.001393 at iter 40
best_Q = 0.0013926832471042871, final_Q = 0.001393

--- Iteration 41 ---
U1 - Qu_upper = 0.314670, U2 - Qv_upper = 0.300000
eta = 0.9523, interval_left = 0.9072, interval_right = 1.0000
Q = 0.001218, term1 = 0.021175, term2 = 0.000219
🌟 New best Q found: 0.001218 at iter 41
best_Q = 0.001218212186358869, final_Q = 0.001218

--- Iteration 42 ---
U1 - Qu_upper = 0.316985, U2 - Qv_upper = 0.300000
eta = 0.9549, interval_left = 0.9119, interval_right = 1.0000
Q = 0.001051, term1 = 0.020531, term2 = 0.000131
🌟 New best Q found: 0.001051 at iter 42
best_Q = 0.0010514945024624467, final_Q = 0.001051

--- Iteration 43 ---
U1 - Qu_upper = 0.318556, U2 - Qv_upper = 0.294241
eta = 0.9577, interval_left = 0.9163, interval_right = 1.0000
Q = 0.001106, term1 = 0.020746, term2 = 0.000238
best_Q = 0.0010514945024624467, final_Q = 0.001106

--- Iteration 44 ---
U1 - Qu_upper = 0.321655, U2 - Qv_upper = 0.289152
eta = 0.9604, interval_left = 0.9204, interval_right = 1.0000
Q = 0.001079, term1 = 0.020594, term2 = 0.000274
best_Q = 0.0010514945024624467, final_Q = 0.001079

--- Iteration 45 ---
U1 - Qu_upper = 0.321657, U2 - Qv_upper = 0.297839
eta = 0.9618, interval_left = 0.9244, interval_right = 1.0000
Q = 0.000987, term1 = 0.020254, term2 = 0.000221
🌟 New best Q found: 0.000987 at iter 45
best_Q = 0.0009870755020529032, final_Q = 0.000987

--- Iteration 46 ---
U1 - Qu_upper = 0.321807, U2 - Qv_upper = 0.290921
eta = 0.9641, interval_left = 0.9282, interval_right = 1.0000
Q = 0.000979, term1 = 0.020322, term2 = 0.000260
🌟 New best Q found: 0.000979 at iter 46
best_Q = 0.0009794344659894705, final_Q = 0.000979

--- Iteration 47 ---
U1 - Qu_upper = 0.315739, U2 - Qv_upper = 0.270661
eta = 0.9669, interval_left = 0.9318, interval_right = 1.0000
Q = 0.001230, term1 = 0.021188, term2 = 0.000546
best_Q = 0.0009794344659894705, final_Q = 0.001230

--- Iteration 48 ---
U1 - Qu_upper = 0.313874, U2 - Qv_upper = 0.281685
eta = 0.9677, interval_left = 0.9352, interval_right = 1.0000
Q = 0.001071, term1 = 0.021553, term2 = 0.000388
best_Q = 0.0009794344659894705, final_Q = 0.001071

--- Iteration 49 ---
U1 - Qu_upper = 0.268496, U2 - Qv_upper = 0.279473
eta = 0.9670, interval_left = 0.9352, interval_right = 0.9968
Q = 0.001381, term1 = 0.029535, term2 = 0.000419
best_Q = 0.0009794344659894705, final_Q = 0.001381

--- Iteration 50 ---
U1 - Qu_upper = 0.282772, U2 - Qv_upper = 0.265205
eta = 0.9670, interval_left = 0.9383, interval_right = 0.9968
Q = 0.001528, term1 = 0.026683, term2 = 0.000669
best_Q = 0.0009794344659894705, final_Q = 0.001528

--- Iteration 51 ---
U1 - Qu_upper = 0.275497, U2 - Qv_upper = 0.264452
eta = 0.9681, interval_left = 0.9412, interval_right = 0.9968
Q = 0.001740, term1 = 0.028245, term2 = 0.000868
best_Q = 0.0009794344659894705, final_Q = 0.001740

--- Iteration 52 ---
U1 - Qu_upper = 0.259777, U2 - Qv_upper = 0.269201
eta = 0.9685, interval_left = 0.9412, interval_right = 0.9940
Q = 0.001532, term1 = 0.030772, term2 = 0.000581
best_Q = 0.0009794344659894705, final_Q = 0.001532

--- Iteration 53 ---
U1 - Qu_upper = 0.263247, U2 - Qv_upper = 0.285701
eta = 0.9665, interval_left = 0.9412, interval_right = 0.9913
Q = 0.001313, term1 = 0.030182, term2 = 0.000313
best_Q = 0.0009794344659894705, final_Q = 0.001313

--- Iteration 54 ---
U1 - Qu_upper = 0.271396, U2 - Qv_upper = 0.286630
eta = 0.9656, interval_left = 0.9412, interval_right = 0.9888
Q = 0.001287, term1 = 0.028875, term2 = 0.000304
best_Q = 0.0009794344659894705, final_Q = 0.001287

--- Iteration 55 ---
U1 - Qu_upper = 0.254685, U2 - Qv_upper = 0.285144
eta = 0.9637, interval_left = 0.9412, interval_right = 0.9865
Q = 0.001467, term1 = 0.031882, term2 = 0.000320
best_Q = 0.0009794344659894705, final_Q = 0.001467

--- Iteration 56 ---
U1 - Qu_upper = 0.266011, U2 - Qv_upper = 0.284226
eta = 0.9631, interval_left = 0.9412, interval_right = 0.9842
Q = 0.001410, term1 = 0.029539, term2 = 0.000332
best_Q = 0.0009794344659894705, final_Q = 0.001410

--- Iteration 57 ---
U1 - Qu_upper = 0.270617, U2 - Qv_upper = 0.300000
eta = 0.9616, interval_left = 0.9412, interval_right = 0.9820
Q = 0.001359, term1 = 0.028720, term2 = 0.000266
best_Q = 0.0009794344659894705, final_Q = 0.001359

--- Iteration 58 ---
U1 - Qu_upper = 0.267761, U2 - Qv_upper = 0.279291
eta = 0.9612, interval_left = 0.9412, interval_right = 0.9800
Q = 0.001509, term1 = 0.029507, term2 = 0.000379
best_Q = 0.0009794344659894705, final_Q = 0.001509

--- Iteration 59 ---
U1 - Qu_upper = 0.288540, U2 - Qv_upper = 0.279501
eta = 0.9609, interval_left = 0.9431, interval_right = 0.9800
Q = 0.001402, term1 = 0.026257, term2 = 0.000390
best_Q = 0.0009794344659894705, final_Q = 0.001402

--- Iteration 60 ---
U1 - Qu_upper = 0.297717, U2 - Qv_upper = 0.278270
eta = 0.9622, interval_left = 0.9450, interval_right = 0.9800
Q = 0.001314, term1 = 0.024610, term2 = 0.000399
best_Q = 0.0009794344659894705, final_Q = 0.001314

--- Iteration 61 ---
U1 - Qu_upper = 0.291235, U2 - Qv_upper = 0.277588
eta = 0.9629, interval_left = 0.9467, interval_right = 0.9800
Q = 0.001358, term1 = 0.025667, term2 = 0.000422
best_Q = 0.0009794344659894705, final_Q = 0.001358

--- Iteration 62 ---
U1 - Qu_upper = 0.292387, U2 - Qv_upper = 0.277307
eta = 0.9638, interval_left = 0.9484, interval_right = 0.9800
Q = 0.001330, term1 = 0.025363, term2 = 0.000427
best_Q = 0.0009794344659894705, final_Q = 0.001330

--- Iteration 63 ---
U1 - Qu_upper = 0.274969, U2 - Qv_upper = 0.284065
eta = 0.9639, interval_left = 0.9484, interval_right = 0.9784
Q = 0.001343, term1 = 0.028615, term2 = 0.000323
best_Q = 0.0009794344659894705, final_Q = 0.001343

--- Iteration 64 ---
U1 - Qu_upper = 0.286382, U2 - Qv_upper = 0.284065
eta = 0.9635, interval_left = 0.9499, interval_right = 0.9784
Q = 0.001273, term1 = 0.026333, term2 = 0.000323
best_Q = 0.0009794344659894705, final_Q = 0.001273

--- Iteration 65 ---
U1 - Qu_upper = 0.283447, U2 - Qv_upper = 0.289946
eta = 0.9640, interval_left = 0.9499, interval_right = 0.9770
Q = 0.001215, term1 = 0.027187, term2 = 0.000245
best_Q = 0.0009794344659894705, final_Q = 0.001215

--- Iteration 66 ---
U1 - Qu_upper = 0.262795, U2 - Qv_upper = 0.277148
eta = 0.9631, interval_left = 0.9499, interval_right = 0.9756
Q = 0.001492, term1 = 0.030442, term2 = 0.000383
best_Q = 0.0009794344659894705, final_Q = 0.001492

--- Iteration 67 ---
U1 - Qu_upper = 0.280170, U2 - Qv_upper = 0.267017
eta = 0.9631, interval_left = 0.9512, interval_right = 0.9756
Q = 0.001572, term1 = 0.026967, term2 = 0.000598
best_Q = 0.0009794344659894705, final_Q = 0.001572

--- Iteration 68 ---
U1 - Qu_upper = 0.293794, U2 - Qv_upper = 0.260822
eta = 0.9641, interval_left = 0.9524, interval_right = 0.9756
Q = 0.001681, term1 = 0.024766, term2 = 0.000822
best_Q = 0.0009794344659894705, final_Q = 0.001681

--- Iteration 69 ---
U1 - Qu_upper = 0.293255, U2 - Qv_upper = 0.257424
eta = 0.9648, interval_left = 0.9536, interval_right = 0.9756
Q = 0.001790, term1 = 0.024633, term2 = 0.000956
best_Q = 0.0009794344659894705, final_Q = 0.001790

--- Iteration 70 ---
U1 - Qu_upper = 0.295991, U2 - Qv_upper = 0.274178
eta = 0.9650, interval_left = 0.9547, interval_right = 0.9756
Q = 0.001349, term1 = 0.023880, term2 = 0.000533
best_Q = 0.0009794344659894705, final_Q = 0.001349

--- Iteration 71 ---
U1 - Qu_upper = 0.306508, U2 - Qv_upper = 0.287833
eta = 0.9655, interval_left = 0.9557, interval_right = 0.9756
Q = 0.001078, term1 = 0.021955, term2 = 0.000332
best_Q = 0.0009794344659894705, final_Q = 0.001078

--- Iteration 72 ---
U1 - Qu_upper = 0.308596, U2 - Qv_upper = 0.289181
eta = 0.9660, interval_left = 0.9567, interval_right = 0.9756
Q = 0.001039, term1 = 0.021581, term2 = 0.000317
best_Q = 0.0009794344659894705, final_Q = 0.001039

--- Iteration 73 ---
U1 - Qu_upper = 0.315936, U2 - Qv_upper = 0.284441
eta = 0.9667, interval_left = 0.9577, interval_right = 0.9756
Q = 0.001057, term1 = 0.020540, term2 = 0.000385
best_Q = 0.0009794344659894705, final_Q = 0.001057

--- Iteration 74 ---
U1 - Qu_upper = 0.307420, U2 - Qv_upper = 0.291238
eta = 0.9669, interval_left = 0.9586, interval_right = 0.9756
Q = 0.000953, term1 = 0.021850, term2 = 0.000238
🌟 New best Q found: 0.000953 at iter 74
best_Q = 0.0009530035895295441, final_Q = 0.000953

--- Iteration 75 ---
U1 - Qu_upper = 0.303485, U2 - Qv_upper = 0.300000
eta = 0.9672, interval_left = 0.9594, interval_right = 0.9756
Q = 0.000925, term1 = 0.022547, term2 = 0.000191
🌟 New best Q found: 0.000925 at iter 75
best_Q = 0.0009254356846213341, final_Q = 0.000925

--- Iteration 76 ---
U1 - Qu_upper = 0.312035, U2 - Qv_upper = 0.288985
eta = 0.9678, interval_left = 0.9602, interval_right = 0.9756
Q = 0.000988, term1 = 0.021560, term2 = 0.000305
best_Q = 0.0009254356846213341, final_Q = 0.000988

--- Iteration 77 ---
U1 - Qu_upper = 0.311599, U2 - Qv_upper = 0.284593
eta = 0.9683, interval_left = 0.9610, interval_right = 0.9756
Q = 0.001061, term1 = 0.021808, term2 = 0.000381
best_Q = 0.0009254356846213341, final_Q = 0.001061

--- Iteration 78 ---
U1 - Qu_upper = 0.313981, U2 - Qv_upper = 0.285096
eta = 0.9687, interval_left = 0.9617, interval_right = 0.9756
Q = 0.001003, term1 = 0.021569, term2 = 0.000337
best_Q = 0.0009254356846213341, final_Q = 0.001003

--- Iteration 79 ---
U1 - Qu_upper = 0.306327, U2 - Qv_upper = 0.286299
eta = 0.9689, interval_left = 0.9624, interval_right = 0.9756
Q = 0.001003, term1 = 0.022325, term2 = 0.000319
best_Q = 0.0009254356846213341, final_Q = 0.001003

--- Iteration 80 ---
U1 - Qu_upper = 0.292404, U2 - Qv_upper = 0.283555
eta = 0.9691, interval_left = 0.9631, interval_right = 0.9756
Q = 0.001070, term1 = 0.024718, term2 = 0.000317
best_Q = 0.0009254356846213341, final_Q = 0.001070

--- Iteration 81 ---
U1 - Qu_upper = 0.297892, U2 - Qv_upper = 0.285661
eta = 0.9695, interval_left = 0.9637, interval_right = 0.9756
Q = 0.000976, term1 = 0.024208, term2 = 0.000245
best_Q = 0.0009254356846213341, final_Q = 0.000976

--- Iteration 82 ---
U1 - Qu_upper = 0.298001, U2 - Qv_upper = 0.287419
eta = 0.9698, interval_left = 0.9643, interval_right = 0.9756
Q = 0.000956, term1 = 0.024390, term2 = 0.000226
best_Q = 0.0009254356846213341, final_Q = 0.000956

--- Iteration 83 ---
U1 - Qu_upper = 0.307835, U2 - Qv_upper = 0.281765
eta = 0.9702, interval_left = 0.9649, interval_right = 0.9756
Q = 0.000967, term1 = 0.022835, term2 = 0.000296
best_Q = 0.0009254356846213341, final_Q = 0.000967

--- Iteration 84 ---
U1 - Qu_upper = 0.314745, U2 - Qv_upper = 0.288486
eta = 0.9705, interval_left = 0.9654, interval_right = 0.9756
Q = 0.000921, term1 = 0.021642, term2 = 0.000291
🌟 New best Q found: 0.000921 at iter 84
best_Q = 0.0009214173187501729, final_Q = 0.000921

--- Iteration 85 ---
U1 - Qu_upper = 0.300795, U2 - Qv_upper = 0.281387
eta = 0.9707, interval_left = 0.9659, interval_right = 0.9756
Q = 0.001059, term1 = 0.023703, term2 = 0.000376
best_Q = 0.0009214173187501729, final_Q = 0.001059

--- Iteration 86 ---
U1 - Qu_upper = 0.289162, U2 - Qv_upper = 0.274406
eta = 0.9709, interval_left = 0.9664, interval_right = 0.9756
Q = 0.001242, term1 = 0.025617, term2 = 0.000512
best_Q = 0.0009214173187501729, final_Q = 0.001242

--- Iteration 87 ---
U1 - Qu_upper = 0.290832, U2 - Qv_upper = 0.284697
eta = 0.9711, interval_left = 0.9669, interval_right = 0.9756
Q = 0.001088, term1 = 0.025545, term2 = 0.000359
best_Q = 0.0009214173187501729, final_Q = 0.001088

--- Iteration 88 ---
U1 - Qu_upper = 0.293807, U2 - Qv_upper = 0.284860
eta = 0.9713, interval_left = 0.9673, interval_right = 0.9756
Q = 0.001023, term1 = 0.024515, term2 = 0.000329
best_Q = 0.0009214173187501729, final_Q = 0.001023

--- Iteration 89 ---
U1 - Qu_upper = 0.290315, U2 - Qv_upper = 0.284710
eta = 0.9715, interval_left = 0.9677, interval_right = 0.9756
Q = 0.001074, term1 = 0.025504, term2 = 0.000358
best_Q = 0.0009214173187501729, final_Q = 0.001074

--- Iteration 90 ---
U1 - Qu_upper = 0.287143, U2 - Qv_upper = 0.280266
eta = 0.9717, interval_left = 0.9681, interval_right = 0.9756
Q = 0.001151, term1 = 0.025513, term2 = 0.000442
best_Q = 0.0009214173187501729, final_Q = 0.001151

--- Iteration 91 ---
U1 - Qu_upper = 0.286771, U2 - Qv_upper = 0.280018
eta = 0.9719, interval_left = 0.9685, interval_right = 0.9756
Q = 0.001118, term1 = 0.026048, term2 = 0.000398
best_Q = 0.0009214173187501729, final_Q = 0.001118

--- Iteration 92 ---
U1 - Qu_upper = 0.285863, U2 - Qv_upper = 0.280244
eta = 0.9721, interval_left = 0.9689, interval_right = 0.9756
Q = 0.001141, term1 = 0.025593, term2 = 0.000439
best_Q = 0.0009214173187501729, final_Q = 0.001141

--- Iteration 93 ---
U1 - Qu_upper = 0.283615, U2 - Qv_upper = 0.284283
eta = 0.9722, interval_left = 0.9689, interval_right = 0.9753
Q = 0.001024, term1 = 0.026667, term2 = 0.000292
best_Q = 0.0009214173187501729, final_Q = 0.001024

--- Iteration 94 ---
U1 - Qu_upper = 0.289981, U2 - Qv_upper = 0.290385
eta = 0.9721, interval_left = 0.9689, interval_right = 0.9750
Q = 0.000908, term1 = 0.025497, term2 = 0.000201
🌟 New best Q found: 0.000908 at iter 94
best_Q = 0.0009076314745470881, final_Q = 0.000908

--- Iteration 95 ---
U1 - Qu_upper = 0.299894, U2 - Qv_upper = 0.300000
eta = 0.9719, interval_left = 0.9689, interval_right = 0.9747
Q = 0.000835, term1 = 0.024112, term2 = 0.000163
🌟 New best Q found: 0.000835 at iter 95
best_Q = 0.0008352270815521479, final_Q = 0.000835

--- Iteration 96 ---
U1 - Qu_upper = 0.310853, U2 - Qv_upper = 0.286161
eta = 0.9719, interval_left = 0.9691, interval_right = 0.9747
Q = 0.000970, term1 = 0.022234, term2 = 0.000355
best_Q = 0.0008352270815521479, final_Q = 0.000970

--- Iteration 97 ---
U1 - Qu_upper = 0.299370, U2 - Qv_upper = 0.294285
eta = 0.9719, interval_left = 0.9694, interval_right = 0.9747
Q = 0.000854, term1 = 0.023515, term2 = 0.000200
best_Q = 0.0008352270815521479, final_Q = 0.000854

--- Iteration 98 ---
U1 - Qu_upper = 0.294568, U2 - Qv_upper = 0.293584
eta = 0.9721, interval_left = 0.9697, interval_right = 0.9747
Q = 0.000882, term1 = 0.024431, term2 = 0.000205
best_Q = 0.0008352270815521479, final_Q = 0.000882

--- Iteration 99 ---
U1 - Qu_upper = 0.295796, U2 - Qv_upper = 0.300000
eta = 0.9722, interval_left = 0.9697, interval_right = 0.9744
Q = 0.000821, term1 = 0.024569, term2 = 0.000141
🌟 New best Q found: 0.000821 at iter 99
best_Q = 0.000821403693407774, final_Q = 0.000821
Optimization End
📁 Visualization directory ensured: /work3/s232263/DCE_Results/german_credit/MLP/DCE_u1=0.5,u2=0.3,l=0.2,r=1.0,mi=100,tk=1,nt=10/cone_all_MonteCarlo_cs=1.2,ct=0.1,temp=2.0/seed_456_20250805_043706/visualizations
Model saved to: /work3/s232263/DCE_Results/german_credit/MLP/DCE_u1=0.5,u2=0.3,l=0.2,r=1.0,mi=100,tk=1,nt=10/cone_all_MonteCarlo_cs=1.2,ct=0.1,temp=2.0/seed_456_20250805_043706/model.pkl
Best results saved to: /work3/s232263/DCE_Results/german_credit/MLP/DCE_u1=0.5,u2=0.3,l=0.2,r=1.0,mi=100,tk=1,nt=10/cone_all_MonteCarlo_cs=1.2,ct=0.1,temp=2.0/seed_456_20250805_043706
Final results saved to: /work3/s232263/DCE_Results/german_credit/MLP/DCE_u1=0.5,u2=0.3,l=0.2,r=1.0,mi=100,tk=1,nt=10/cone_all_MonteCarlo_cs=1.2,ct=0.1,temp=2.0/seed_456_20250805_043706
Optimization log saved to: /work3/s232263/DCE_Results/german_credit/MLP/DCE_u1=0.5,u2=0.3,l=0.2,r=1.0,mi=100,tk=1,nt=10/cone_all_MonteCarlo_cs=1.2,ct=0.1,temp=2.0/seed_456_20250805_043706
All results successfully saved to: /work3/s232263/DCE_Results/german_credit/MLP/DCE_u1=0.5,u2=0.3,l=0.2,r=1.0,mi=100,tk=1,nt=10/cone_all_MonteCarlo_cs=1.2,ct=0.1,temp=2.0/seed_456_20250805_043706
Visualizations will be saved to: /work3/s232263/DCE_Results/german_credit/MLP/DCE_u1=0.5,u2=0.3,l=0.2,r=1.0,mi=100,tk=1,nt=10/cone_all_MonteCarlo_cs=1.2,ct=0.1,temp=2.0/seed_456_20250805_043706/visualizations
✅ DCE explanation completed!
🎯 Best Q: 0.000821
📊 Final Q: 0.000821
🎉 Found feasible solution: True
💾 Results saved to: /work3/s232263/DCE_Results/german_credit/MLP/DCE_u1=0.5,u2=0.3,l=0.2,r=1.0,mi=100,tk=1,nt=10/cone_all_MonteCarlo_cs=1.2,ct=0.1,temp=2.0/seed_456_20250805_043706
📊 Calculating metrics...
✅ Data processed for metrics calculation
   Coverage Rate: 0.820
   MMD: 0.025
   OT Distance: 0.0476
   Percentile Differences:
     0-15%: 40.919%
     15-30%: 79.322%
     30-70%: 605.640%
     70-85%: 131.392%
     85-100%: 19.148%
   AReS Cost: 8.477
💾 Metrics saved to: /work3/s232263/DCE_Results/german_credit/MLP/DCE_u1=0.5,u2=0.3,l=0.2,r=1.0,mi=100,tk=1,nt=10/cone_all_MonteCarlo_cs=1.2,ct=0.1,temp=2.0/seed_456_20250805_043706/metrics_summary.json

============================================================
🎲 Running experiment: genetic (alias: ga_demo)
============================================================
🎯 Creating strategy: genetic (alias: ga_demo)
🧭 Full cone sampling mode (both categorical and continuous)
📐 Cone angle: 45.0° (0.785 rad)
🚀 Starting DCE explanation...
📍 Using original factual data as starting point (X_init=False)
Results will be saved to: /work3/s232263/DCE_Results/german_credit/MLP/DCE_u1=0.5,u2=0.3,l=0.2,r=1.0,mi=100,tk=1,nt=10/cone_all_Genetic_cp=0.8,gsp=0.5,mpc=0.3,mpo=0.8,mns=0.1,cs=1.2,ct=0.1,temp=2.0/seed_456_20250805_050312
📁 Initial data saved:
   - x_true.csv: (50, 9)
   - y_true.csv: (50, 1)
   - y_target.csv: (50,)
Training Start
Optimization Start

--- Iteration 0 ---
U1 - Qu_upper = 0.500000, U2 - Qv_upper = -0.206617
eta = 1.0000, interval_left = 0.2400, interval_right = 1.0000
Q = 0.115700, term1 = 0.000000, term2 = 0.115700
best_Q = inf, final_Q = 0.115700

--- Iteration 1 ---
U1 - Qu_upper = 0.500000, U2 - Qv_upper = -0.175445
eta = 1.0000, interval_left = 0.2780, interval_right = 1.0000
Q = 0.097193, term1 = 0.002311, term2 = 0.097193
best_Q = inf, final_Q = 0.097193

--- Iteration 2 ---
U1 - Qu_upper = 0.433763, U2 - Qv_upper = -0.136180
eta = 1.0000, interval_left = 0.3141, interval_right = 1.0000
Q = 0.079968, term1 = 0.005482, term2 = 0.079968
best_Q = inf, final_Q = 0.079968

--- Iteration 3 ---
U1 - Qu_upper = 0.401304, U2 - Qv_upper = -0.088710
eta = 1.0000, interval_left = 0.3484, interval_right = 1.0000
Q = 0.062997, term1 = 0.008714, term2 = 0.062997
best_Q = inf, final_Q = 0.062997

--- Iteration 4 ---
U1 - Qu_upper = 0.399238, U2 - Qv_upper = -0.029336
eta = 1.0000, interval_left = 0.3810, interval_right = 1.0000
Q = 0.045800, term1 = 0.009464, term2 = 0.045800
best_Q = inf, final_Q = 0.045800

--- Iteration 5 ---
U1 - Qu_upper = 0.375336, U2 - Qv_upper = 0.009069
eta = 0.9854, interval_left = 0.4119, interval_right = 1.0000
Q = 0.034871, term1 = 0.011755, term2 = 0.035213
🌟 New best Q found: 0.034871 at iter 5
best_Q = 0.034870561212301254, final_Q = 0.034871

--- Iteration 6 ---
U1 - Qu_upper = 0.372380, U2 - Qv_upper = 0.056159
eta = 0.9229, interval_left = 0.4413, interval_right = 1.0000
Q = 0.023795, term1 = 0.011815, term2 = 0.024795
🌟 New best Q found: 0.023795 at iter 6
best_Q = 0.023794911801815033, final_Q = 0.023795

--- Iteration 7 ---
U1 - Qu_upper = 0.371923, U2 - Qv_upper = 0.115674
eta = 0.8675, interval_left = 0.4693, interval_right = 1.0000
Q = 0.014218, term1 = 0.012034, term2 = 0.014552
🌟 New best Q found: 0.014218 at iter 7
best_Q = 0.01421804167330265, final_Q = 0.014218

--- Iteration 8 ---
U1 - Qu_upper = 0.360827, U2 - Qv_upper = 0.160486
eta = 0.8366, interval_left = 0.4958, interval_right = 1.0000
Q = 0.009256, term1 = 0.013830, term2 = 0.008363
🌟 New best Q found: 0.009256 at iter 8
best_Q = 0.009256470948457718, final_Q = 0.009256

--- Iteration 9 ---
U1 - Qu_upper = 0.357035, U2 - Qv_upper = 0.201357
eta = 0.8182, interval_left = 0.5210, interval_right = 1.0000
Q = 0.006128, term1 = 0.014411, term2 = 0.004288
🌟 New best Q found: 0.006128 at iter 9
best_Q = 0.006128322333097458, final_Q = 0.006128

--- Iteration 10 ---
U1 - Qu_upper = 0.362704, U2 - Qv_upper = 0.220982
eta = 0.8187, interval_left = 0.5450, interval_right = 1.0000
Q = 0.004863, term1 = 0.014078, term2 = 0.002822
🌟 New best Q found: 0.004863 at iter 10
best_Q = 0.0048632025718688965, final_Q = 0.004863

--- Iteration 11 ---
U1 - Qu_upper = 0.351491, U2 - Qv_upper = 0.258391
eta = 0.8072, interval_left = 0.5677, interval_right = 1.0000
Q = 0.003611, term1 = 0.015083, term2 = 0.000871
🌟 New best Q found: 0.003611 at iter 11
best_Q = 0.003610636107623577, final_Q = 0.003611

--- Iteration 12 ---
U1 - Qu_upper = 0.351601, U2 - Qv_upper = 0.264685
eta = 0.8143, interval_left = 0.5893, interval_right = 1.0000
Q = 0.003347, term1 = 0.015057, term2 = 0.000677
🌟 New best Q found: 0.003347 at iter 12
best_Q = 0.0033467793837189674, final_Q = 0.003347

--- Iteration 13 ---
U1 - Qu_upper = 0.352463, U2 - Qv_upper = 0.265341
eta = 0.8236, interval_left = 0.6099, interval_right = 1.0000
Q = 0.003162, term1 = 0.014941, term2 = 0.000639
🌟 New best Q found: 0.003162 at iter 13
best_Q = 0.0031616275664418936, final_Q = 0.003162

--- Iteration 14 ---
U1 - Qu_upper = 0.355789, U2 - Qv_upper = 0.271018
eta = 0.8313, interval_left = 0.6294, interval_right = 1.0000
Q = 0.002919, term1 = 0.014719, term2 = 0.000525
🌟 New best Q found: 0.002919 at iter 14
best_Q = 0.0029193018563091755, final_Q = 0.002919

--- Iteration 15 ---
U1 - Qu_upper = 0.363597, U2 - Qv_upper = 0.271018
eta = 0.8417, interval_left = 0.6479, interval_right = 1.0000
Q = 0.002630, term1 = 0.013822, term2 = 0.000525
🌟 New best Q found: 0.002630 at iter 15
best_Q = 0.002629545982927084, final_Q = 0.002630

--- Iteration 16 ---
U1 - Qu_upper = 0.362231, U2 - Qv_upper = 0.272238
eta = 0.8489, interval_left = 0.6655, interval_right = 1.0000
Q = 0.002548, term1 = 0.014097, term2 = 0.000493
🌟 New best Q found: 0.002548 at iter 16
best_Q = 0.002548268996179104, final_Q = 0.002548

--- Iteration 17 ---
U1 - Qu_upper = 0.364107, U2 - Qv_upper = 0.274021
eta = 0.8564, interval_left = 0.6822, interval_right = 1.0000
Q = 0.002379, term1 = 0.013930, term2 = 0.000441
🌟 New best Q found: 0.002379 at iter 17
best_Q = 0.0023785110097378492, final_Q = 0.002379

--- Iteration 18 ---
U1 - Qu_upper = 0.356973, U2 - Qv_upper = 0.273402
eta = 0.8622, interval_left = 0.6981, interval_right = 1.0000
Q = 0.002423, term1 = 0.014654, term2 = 0.000467
best_Q = 0.0023785110097378492, final_Q = 0.002423

--- Iteration 19 ---
U1 - Qu_upper = 0.359564, U2 - Qv_upper = 0.273392
eta = 0.8696, interval_left = 0.7132, interval_right = 1.0000
Q = 0.002272, term1 = 0.014306, term2 = 0.000468
🌟 New best Q found: 0.002272 at iter 19
best_Q = 0.002272246405482292, final_Q = 0.002272

--- Iteration 20 ---
U1 - Qu_upper = 0.367962, U2 - Qv_upper = 0.273401
eta = 0.8777, interval_left = 0.7276, interval_right = 1.0000
Q = 0.002061, term1 = 0.013499, term2 = 0.000467
🌟 New best Q found: 0.002061 at iter 20
best_Q = 0.0020606901962310076, final_Q = 0.002061

--- Iteration 21 ---
U1 - Qu_upper = 0.371202, U2 - Qv_upper = 0.269341
eta = 0.8854, interval_left = 0.7412, interval_right = 1.0000
Q = 0.002022, term1 = 0.013313, term2 = 0.000561
🌟 New best Q found: 0.002022 at iter 21
best_Q = 0.0020215664990246296, final_Q = 0.002022

--- Iteration 22 ---
U1 - Qu_upper = 0.356292, U2 - Qv_upper = 0.270476
eta = 0.8883, interval_left = 0.7541, interval_right = 1.0000
Q = 0.002190, term1 = 0.015070, term2 = 0.000571
best_Q = 0.0020215664990246296, final_Q = 0.002190

--- Iteration 23 ---
U1 - Qu_upper = 0.363992, U2 - Qv_upper = 0.261102
eta = 0.8973, interval_left = 0.7664, interval_right = 1.0000
Q = 0.002148, term1 = 0.014176, term2 = 0.000771
best_Q = 0.0020215664990246296, final_Q = 0.002148

--- Iteration 24 ---
U1 - Qu_upper = 0.348456, U2 - Qv_upper = 0.274272
eta = 0.8971, interval_left = 0.7781, interval_right = 1.0000
Q = 0.002054, term1 = 0.015724, term2 = 0.000486
best_Q = 0.0020215664990246296, final_Q = 0.002054

--- Iteration 25 ---
U1 - Qu_upper = 0.351261, U2 - Qv_upper = 0.276393
eta = 0.9023, interval_left = 0.7892, interval_right = 1.0000
Q = 0.001982, term1 = 0.015314, term2 = 0.000539
🌟 New best Q found: 0.001982 at iter 25
best_Q = 0.001982382731512189, final_Q = 0.001982

--- Iteration 26 ---
U1 - Qu_upper = 0.343072, U2 - Qv_upper = 0.279848
eta = 0.9053, interval_left = 0.7997, interval_right = 1.0000
Q = 0.001946, term1 = 0.016337, term2 = 0.000440
🌟 New best Q found: 0.001946 at iter 26
best_Q = 0.0019457166781648993, final_Q = 0.001946

--- Iteration 27 ---
U1 - Qu_upper = 0.338055, U2 - Qv_upper = 0.262418
eta = 0.9125, interval_left = 0.8097, interval_right = 1.0000
Q = 0.002223, term1 = 0.016911, term2 = 0.000815
best_Q = 0.0019457166781648993, final_Q = 0.002223

--- Iteration 28 ---
U1 - Qu_upper = 0.320767, U2 - Qv_upper = 0.275316
eta = 0.9121, interval_left = 0.8193, interval_right = 1.0000
Q = 0.002096, term1 = 0.019175, term2 = 0.000450
best_Q = 0.0019457166781648993, final_Q = 0.002096

--- Iteration 29 ---
U1 - Qu_upper = 0.333498, U2 - Qv_upper = 0.264229
eta = 0.9201, interval_left = 0.8283, interval_right = 1.0000
Q = 0.002071, term1 = 0.017613, term2 = 0.000722
best_Q = 0.0019457166781648993, final_Q = 0.002071

--- Iteration 30 ---
U1 - Qu_upper = 0.359260, U2 - Qv_upper = 0.274739
eta = 0.9256, interval_left = 0.8369, interval_right = 1.0000
Q = 0.001562, term1 = 0.014744, term2 = 0.000502
🌟 New best Q found: 0.001562 at iter 30
best_Q = 0.00156206579413265, final_Q = 0.001562

--- Iteration 31 ---
U1 - Qu_upper = 0.354924, U2 - Qv_upper = 0.300000
eta = 0.9253, interval_left = 0.8450, interval_right = 1.0000
Q = 0.001374, term1 = 0.014996, term2 = 0.000274
🌟 New best Q found: 0.001374 at iter 31
best_Q = 0.0013737002154812217, final_Q = 0.001374

--- Iteration 32 ---
U1 - Qu_upper = 0.362672, U2 - Qv_upper = 0.300000
eta = 0.9298, interval_left = 0.8528, interval_right = 1.0000
Q = 0.001225, term1 = 0.013983, term2 = 0.000263
🌟 New best Q found: 0.001225 at iter 32
best_Q = 0.0012254787143319845, final_Q = 0.001225

--- Iteration 33 ---
U1 - Qu_upper = 0.350645, U2 - Qv_upper = 0.274321
eta = 0.9354, interval_left = 0.8601, interval_right = 1.0000
Q = 0.001484, term1 = 0.015327, term2 = 0.000527
best_Q = 0.0012254787143319845, final_Q = 0.001484

--- Iteration 34 ---
U1 - Qu_upper = 0.331842, U2 - Qv_upper = 0.286657
eta = 0.9352, interval_left = 0.8671, interval_right = 1.0000
Q = 0.001400, term1 = 0.017552, term2 = 0.000281
best_Q = 0.0012254787143319845, final_Q = 0.001400

--- Iteration 35 ---
U1 - Qu_upper = 0.346067, U2 - Qv_upper = 0.300000
eta = 0.9383, interval_left = 0.8738, interval_right = 1.0000
Q = 0.001181, term1 = 0.016482, term2 = 0.000175
🌟 New best Q found: 0.001181 at iter 35
best_Q = 0.0011809715069830418, final_Q = 0.001181

--- Iteration 36 ---
U1 - Qu_upper = 0.348360, U2 - Qv_upper = 0.300000
eta = 0.9416, interval_left = 0.8801, interval_right = 1.0000
Q = 0.001121, term1 = 0.016380, term2 = 0.000175
🌟 New best Q found: 0.001121 at iter 36
best_Q = 0.0011212974786758423, final_Q = 0.001121

--- Iteration 37 ---
U1 - Qu_upper = 0.347585, U2 - Qv_upper = 0.300000
eta = 0.9444, interval_left = 0.8861, interval_right = 1.0000
Q = 0.001046, term1 = 0.015849, term2 = 0.000175
🌟 New best Q found: 0.001046 at iter 37
best_Q = 0.0010455871233716607, final_Q = 0.001046

--- Iteration 38 ---
U1 - Qu_upper = 0.346610, U2 - Qv_upper = 0.300000
eta = 0.9471, interval_left = 0.8918, interval_right = 1.0000
Q = 0.001031, term1 = 0.015865, term2 = 0.000203
🌟 New best Q found: 0.001031 at iter 38
best_Q = 0.0010312350932508707, final_Q = 0.001031

--- Iteration 39 ---
U1 - Qu_upper = 0.335057, U2 - Qv_upper = 0.300000
eta = 0.9489, interval_left = 0.8972, interval_right = 1.0000
Q = 0.001044, term1 = 0.017691, term2 = 0.000147
best_Q = 0.0010312350932508707, final_Q = 0.001044

--- Iteration 40 ---
U1 - Qu_upper = 0.332255, U2 - Qv_upper = 0.300000
eta = 0.9512, interval_left = 0.9023, interval_right = 1.0000
Q = 0.000977, term1 = 0.017618, term2 = 0.000123
🌟 New best Q found: 0.000977 at iter 40
best_Q = 0.0009767854353412986, final_Q = 0.000977

--- Iteration 41 ---
U1 - Qu_upper = 0.322818, U2 - Qv_upper = 0.300000
eta = 0.9530, interval_left = 0.9072, interval_right = 1.0000
Q = 0.001015, term1 = 0.018884, term2 = 0.000133
best_Q = 0.0009767854353412986, final_Q = 0.001015

--- Iteration 42 ---
U1 - Qu_upper = 0.320442, U2 - Qv_upper = 0.293464
eta = 0.9556, interval_left = 0.9119, interval_right = 1.0000
Q = 0.001049, term1 = 0.019046, term2 = 0.000214
best_Q = 0.0009767854353412986, final_Q = 0.001049

--- Iteration 43 ---
U1 - Qu_upper = 0.309130, U2 - Qv_upper = 0.300000
eta = 0.9566, interval_left = 0.9163, interval_right = 1.0000
Q = 0.001040, term1 = 0.020729, term2 = 0.000146
best_Q = 0.0009767854353412986, final_Q = 0.001040

--- Iteration 44 ---
U1 - Qu_upper = 0.325632, U2 - Qv_upper = 0.300000
eta = 0.9598, interval_left = 0.9204, interval_right = 1.0000
Q = 0.000902, term1 = 0.018504, term2 = 0.000166
🌟 New best Q found: 0.000902 at iter 44
best_Q = 0.0009020941215567291, final_Q = 0.000902

--- Iteration 45 ---
U1 - Qu_upper = 0.316761, U2 - Qv_upper = 0.287253
eta = 0.9622, interval_left = 0.9244, interval_right = 1.0000
Q = 0.001097, term1 = 0.019996, term2 = 0.000354
best_Q = 0.0009020941215567291, final_Q = 0.001097

--- Iteration 46 ---
U1 - Qu_upper = 0.324375, U2 - Qv_upper = 0.300000
eta = 0.9637, interval_left = 0.9282, interval_right = 1.0000
Q = 0.000824, term1 = 0.018685, term2 = 0.000151
🌟 New best Q found: 0.000824 at iter 46
best_Q = 0.0008240879978984594, final_Q = 0.000824

--- Iteration 47 ---
U1 - Qu_upper = 0.307633, U2 - Qv_upper = 0.300000
eta = 0.9646, interval_left = 0.9318, interval_right = 1.0000
Q = 0.000919, term1 = 0.021162, term2 = 0.000175
best_Q = 0.0008240879978984594, final_Q = 0.000919

--- Iteration 48 ---
U1 - Qu_upper = 0.305641, U2 - Qv_upper = 0.300000
eta = 0.9662, interval_left = 0.9352, interval_right = 1.0000
Q = 0.000878, term1 = 0.021447, term2 = 0.000159
best_Q = 0.0008240879978984594, final_Q = 0.000878

--- Iteration 49 ---
U1 - Qu_upper = 0.311773, U2 - Qv_upper = 0.300000
eta = 0.9682, interval_left = 0.9384, interval_right = 1.0000
Q = 0.000764, term1 = 0.020478, term2 = 0.000117
🌟 New best Q found: 0.000764 at iter 49
best_Q = 0.0007643284043297172, final_Q = 0.000764

--- Iteration 50 ---
U1 - Qu_upper = 0.304116, U2 - Qv_upper = 0.300000
eta = 0.9694, interval_left = 0.9415, interval_right = 1.0000
Q = 0.000774, term1 = 0.021998, term2 = 0.000104
best_Q = 0.0007643284043297172, final_Q = 0.000774

--- Iteration 51 ---
U1 - Qu_upper = 0.313798, U2 - Qv_upper = 0.285969
eta = 0.9721, interval_left = 0.9444, interval_right = 1.0000
Q = 0.000788, term1 = 0.020963, term2 = 0.000209
best_Q = 0.0007643284043297172, final_Q = 0.000788

--- Iteration 52 ---
U1 - Qu_upper = 0.321631, U2 - Qv_upper = 0.300000
eta = 0.9732, interval_left = 0.9472, interval_right = 1.0000
Q = 0.000634, term1 = 0.019598, term2 = 0.000112
🌟 New best Q found: 0.000634 at iter 52
best_Q = 0.0006342293927446008, final_Q = 0.000634

--- Iteration 53 ---
U1 - Qu_upper = 0.320369, U2 - Qv_upper = 0.300000
eta = 0.9745, interval_left = 0.9499, interval_right = 1.0000
Q = 0.000606, term1 = 0.019264, term2 = 0.000117
🌟 New best Q found: 0.000606 at iter 53
best_Q = 0.0006055015837773681, final_Q = 0.000606

--- Iteration 54 ---
U1 - Qu_upper = 0.325034, U2 - Qv_upper = 0.300000
eta = 0.9759, interval_left = 0.9524, interval_right = 1.0000
Q = 0.000565, term1 = 0.018591, term2 = 0.000120
🌟 New best Q found: 0.000565 at iter 54
best_Q = 0.0005649040685966611, final_Q = 0.000565

--- Iteration 55 ---
U1 - Qu_upper = 0.325476, U2 - Qv_upper = 0.300000
eta = 0.9772, interval_left = 0.9548, interval_right = 1.0000
Q = 0.000502, term1 = 0.018546, term2 = 0.000080
🌟 New best Q found: 0.000502 at iter 55
best_Q = 0.0005020015523768961, final_Q = 0.000502

--- Iteration 56 ---
U1 - Qu_upper = 0.326343, U2 - Qv_upper = 0.300000
eta = 0.9783, interval_left = 0.9570, interval_right = 1.0000
Q = 0.000481, term1 = 0.018594, term2 = 0.000080
🌟 New best Q found: 0.000481 at iter 56
best_Q = 0.000481344381114468, final_Q = 0.000481

--- Iteration 57 ---
U1 - Qu_upper = 0.322508, U2 - Qv_upper = 0.284196
eta = 0.9799, interval_left = 0.9592, interval_right = 1.0000
Q = 0.000656, term1 = 0.019060, term2 = 0.000278
best_Q = 0.000481344381114468, final_Q = 0.000656

--- Iteration 58 ---
U1 - Qu_upper = 0.328646, U2 - Qv_upper = 0.300000
eta = 0.9805, interval_left = 0.9612, interval_right = 1.0000
Q = 0.000539, term1 = 0.018491, term2 = 0.000182
best_Q = 0.000481344381114468, final_Q = 0.000539

--- Iteration 59 ---
U1 - Qu_upper = 0.324625, U2 - Qv_upper = 0.300000
eta = 0.9814, interval_left = 0.9631, interval_right = 1.0000
Q = 0.000512, term1 = 0.019535, term2 = 0.000151
best_Q = 0.000481344381114468, final_Q = 0.000512

--- Iteration 60 ---
U1 - Qu_upper = 0.331516, U2 - Qv_upper = 0.300000
eta = 0.9825, interval_left = 0.9650, interval_right = 1.0000
Q = 0.000407, term1 = 0.018333, term2 = 0.000087
🌟 New best Q found: 0.000407 at iter 60
best_Q = 0.00040690723108127713, final_Q = 0.000407

--- Iteration 61 ---
U1 - Qu_upper = 0.330921, U2 - Qv_upper = 0.300000
eta = 0.9834, interval_left = 0.9667, interval_right = 1.0000
Q = 0.000384, term1 = 0.018432, term2 = 0.000079
🌟 New best Q found: 0.000384 at iter 61
best_Q = 0.00038428622065111995, final_Q = 0.000384

--- Iteration 62 ---
U1 - Qu_upper = 0.331775, U2 - Qv_upper = 0.300000
eta = 0.9842, interval_left = 0.9684, interval_right = 1.0000
Q = 0.000374, term1 = 0.018466, term2 = 0.000084
🌟 New best Q found: 0.000374 at iter 62
best_Q = 0.0003744108835235238, final_Q = 0.000374

--- Iteration 63 ---
U1 - Qu_upper = 0.335835, U2 - Qv_upper = 0.300000
eta = 0.9851, interval_left = 0.9700, interval_right = 1.0000
Q = 0.000322, term1 = 0.017533, term2 = 0.000061
🌟 New best Q found: 0.000322 at iter 63
best_Q = 0.00032159348484128714, final_Q = 0.000322

--- Iteration 64 ---
U1 - Qu_upper = 0.347848, U2 - Qv_upper = 0.300000
eta = 0.9861, interval_left = 0.9715, interval_right = 1.0000
Q = 0.000293, term1 = 0.016352, term2 = 0.000067
🌟 New best Q found: 0.000293 at iter 64
best_Q = 0.00029337857267819345, final_Q = 0.000293

--- Iteration 65 ---
U1 - Qu_upper = 0.349427, U2 - Qv_upper = 0.300000
eta = 0.9868, interval_left = 0.9729, interval_right = 1.0000
Q = 0.000279, term1 = 0.016011, term2 = 0.000069
🌟 New best Q found: 0.000279 at iter 65
best_Q = 0.0002788776473607868, final_Q = 0.000279

--- Iteration 66 ---
U1 - Qu_upper = 0.341602, U2 - Qv_upper = 0.300000
eta = 0.9873, interval_left = 0.9743, interval_right = 1.0000
Q = 0.000291, term1 = 0.016814, term2 = 0.000079
best_Q = 0.0002788776473607868, final_Q = 0.000291

--- Iteration 67 ---
U1 - Qu_upper = 0.336812, U2 - Qv_upper = 0.300000
eta = 0.9879, interval_left = 0.9755, interval_right = 1.0000
Q = 0.000265, term1 = 0.017933, term2 = 0.000048
🌟 New best Q found: 0.000265 at iter 67
best_Q = 0.0002646894718054682, final_Q = 0.000265

--- Iteration 68 ---
U1 - Qu_upper = 0.334065, U2 - Qv_upper = 0.300000
eta = 0.9884, interval_left = 0.9768, interval_right = 1.0000
Q = 0.000274, term1 = 0.018282, term2 = 0.000064
best_Q = 0.0002646894718054682, final_Q = 0.000274

--- Iteration 69 ---
U1 - Qu_upper = 0.334538, U2 - Qv_upper = 0.300000
eta = 0.9890, interval_left = 0.9779, interval_right = 1.0000
Q = 0.000252, term1 = 0.018191, term2 = 0.000053
🌟 New best Q found: 0.000252 at iter 69
best_Q = 0.0002517026150599122, final_Q = 0.000252

--- Iteration 70 ---
U1 - Qu_upper = 0.329890, U2 - Qv_upper = 0.300000
eta = 0.9895, interval_left = 0.9790, interval_right = 1.0000
Q = 0.000256, term1 = 0.018590, term2 = 0.000061
best_Q = 0.0002517026150599122, final_Q = 0.000256

--- Iteration 71 ---
U1 - Qu_upper = 0.336048, U2 - Qv_upper = 0.300000
eta = 0.9901, interval_left = 0.9801, interval_right = 1.0000
Q = 0.000317, term1 = 0.017731, term2 = 0.000143
best_Q = 0.0002517026150599122, final_Q = 0.000317

--- Iteration 72 ---
U1 - Qu_upper = 0.325176, U2 - Qv_upper = 0.290206
eta = 0.9906, interval_left = 0.9811, interval_right = 1.0000
Q = 0.000395, term1 = 0.019132, term2 = 0.000217
best_Q = 0.0002517026150599122, final_Q = 0.000395

--- Iteration 73 ---
U1 - Qu_upper = 0.313283, U2 - Qv_upper = 0.300000
eta = 0.9907, interval_left = 0.9820, interval_right = 1.0000
Q = 0.000380, term1 = 0.020724, term2 = 0.000190
best_Q = 0.0002517026150599122, final_Q = 0.000380

--- Iteration 74 ---
U1 - Qu_upper = 0.321784, U2 - Qv_upper = 0.300000
eta = 0.9913, interval_left = 0.9829, interval_right = 1.0000
Q = 0.000368, term1 = 0.019656, term2 = 0.000199
best_Q = 0.0002517026150599122, final_Q = 0.000368

--- Iteration 75 ---
U1 - Qu_upper = 0.330840, U2 - Qv_upper = 0.283268
eta = 0.9921, interval_left = 0.9838, interval_right = 1.0000
Q = 0.000492, term1 = 0.018472, term2 = 0.000349
best_Q = 0.0002517026150599122, final_Q = 0.000492

--- Iteration 76 ---
U1 - Qu_upper = 0.331849, U2 - Qv_upper = 0.300000
eta = 0.9923, interval_left = 0.9846, interval_right = 1.0000
Q = 0.000288, term1 = 0.018211, term2 = 0.000148
best_Q = 0.0002517026150599122, final_Q = 0.000288

--- Iteration 77 ---
U1 - Qu_upper = 0.328556, U2 - Qv_upper = 0.300000
eta = 0.9926, interval_left = 0.9854, interval_right = 1.0000
Q = 0.000228, term1 = 0.019024, term2 = 0.000088
🌟 New best Q found: 0.000228 at iter 77
best_Q = 0.0002275320584885776, final_Q = 0.000228

--- Iteration 78 ---
U1 - Qu_upper = 0.306274, U2 - Qv_upper = 0.300000
eta = 0.9928, interval_left = 0.9861, interval_right = 1.0000
Q = 0.000214, term1 = 0.022265, term2 = 0.000053
🌟 New best Q found: 0.000214 at iter 78
best_Q = 0.00021423713769763708, final_Q = 0.000214

--- Iteration 79 ---
U1 - Qu_upper = 0.310157, U2 - Qv_upper = 0.300000
eta = 0.9932, interval_left = 0.9868, interval_right = 1.0000
Q = 0.000209, term1 = 0.021797, term2 = 0.000061
🌟 New best Q found: 0.000209 at iter 79
best_Q = 0.0002093265939038247, final_Q = 0.000209

--- Iteration 80 ---
U1 - Qu_upper = 0.306190, U2 - Qv_upper = 0.300000
eta = 0.9935, interval_left = 0.9874, interval_right = 1.0000
Q = 0.000198, term1 = 0.022606, term2 = 0.000050
🌟 New best Q found: 0.000198 at iter 80
best_Q = 0.0001976560743059963, final_Q = 0.000198

--- Iteration 81 ---
U1 - Qu_upper = 0.304387, U2 - Qv_upper = 0.300000
eta = 0.9938, interval_left = 0.9881, interval_right = 1.0000
Q = 0.000209, term1 = 0.023004, term2 = 0.000066
best_Q = 0.0001976560743059963, final_Q = 0.000209

--- Iteration 82 ---
U1 - Qu_upper = 0.304399, U2 - Qv_upper = 0.300000
eta = 0.9941, interval_left = 0.9887, interval_right = 1.0000
Q = 0.000168, term1 = 0.022740, term2 = 0.000034
🌟 New best Q found: 0.000168 at iter 82
best_Q = 0.00016839125601109117, final_Q = 0.000168

--- Iteration 83 ---
U1 - Qu_upper = 0.301077, U2 - Qv_upper = 0.286592
eta = 0.9945, interval_left = 0.9892, interval_right = 1.0000
Q = 0.000395, term1 = 0.023178, term2 = 0.000268
best_Q = 0.00016839125601109117, final_Q = 0.000395

--- Iteration 84 ---
U1 - Qu_upper = 0.301974, U2 - Qv_upper = 0.300000
eta = 0.9946, interval_left = 0.9898, interval_right = 1.0000
Q = 0.000328, term1 = 0.023082, term2 = 0.000205
best_Q = 0.00016839125601109117, final_Q = 0.000328

--- Iteration 85 ---
U1 - Qu_upper = 0.296881, U2 - Qv_upper = 0.286143
eta = 0.9950, interval_left = 0.9903, interval_right = 1.0000
Q = 0.000454, term1 = 0.024070, term2 = 0.000335
best_Q = 0.00016839125601109117, final_Q = 0.000454

--- Iteration 86 ---
U1 - Qu_upper = 0.298773, U2 - Qv_upper = 0.278466
eta = 0.9953, interval_left = 0.9908, interval_right = 1.0000
Q = 0.000534, term1 = 0.023786, term2 = 0.000424
best_Q = 0.00016839125601109117, final_Q = 0.000534

--- Iteration 87 ---
U1 - Qu_upper = 0.298267, U2 - Qv_upper = 0.288386
eta = 0.9955, interval_left = 0.9912, interval_right = 1.0000
Q = 0.000420, term1 = 0.024013, term2 = 0.000312
best_Q = 0.00016839125601109117, final_Q = 0.000420

--- Iteration 88 ---
U1 - Qu_upper = 0.286016, U2 - Qv_upper = 0.300000
eta = 0.9955, interval_left = 0.9912, interval_right = 0.9996
Q = 0.000327, term1 = 0.025905, term2 = 0.000212
best_Q = 0.00016839125601109117, final_Q = 0.000327

--- Iteration 89 ---
U1 - Qu_upper = 0.302131, U2 - Qv_upper = 0.300000
eta = 0.9954, interval_left = 0.9917, interval_right = 0.9996
Q = 0.000258, term1 = 0.022435, term2 = 0.000156
best_Q = 0.00016839125601109117, final_Q = 0.000258

--- Iteration 90 ---
U1 - Qu_upper = 0.310270, U2 - Qv_upper = 0.300000
eta = 0.9957, interval_left = 0.9920, interval_right = 0.9996
Q = 0.000187, term1 = 0.020905, term2 = 0.000097
best_Q = 0.00016839125601109117, final_Q = 0.000187

--- Iteration 91 ---
U1 - Qu_upper = 0.311833, U2 - Qv_upper = 0.300000
eta = 0.9959, interval_left = 0.9924, interval_right = 0.9996
Q = 0.000183, term1 = 0.021080, term2 = 0.000097
best_Q = 0.00016839125601109117, final_Q = 0.000183

--- Iteration 92 ---
U1 - Qu_upper = 0.302979, U2 - Qv_upper = 0.300000
eta = 0.9960, interval_left = 0.9928, interval_right = 0.9996
Q = 0.000122, term1 = 0.022292, term2 = 0.000033
🌟 New best Q found: 0.000122 at iter 92
best_Q = 0.00012162094935774803, final_Q = 0.000122

--- Iteration 93 ---
U1 - Qu_upper = 0.307830, U2 - Qv_upper = 0.300000
eta = 0.9962, interval_left = 0.9931, interval_right = 0.9996
Q = 0.000111, term1 = 0.021565, term2 = 0.000029
🌟 New best Q found: 0.000111 at iter 93
best_Q = 0.00011084682046202943, final_Q = 0.000111

--- Iteration 94 ---
U1 - Qu_upper = 0.305637, U2 - Qv_upper = 0.300000
eta = 0.9964, interval_left = 0.9934, interval_right = 0.9996
Q = 0.000101, term1 = 0.021749, term2 = 0.000022
🌟 New best Q found: 0.000101 at iter 94
best_Q = 0.00010100360668729991, final_Q = 0.000101

--- Iteration 95 ---
U1 - Qu_upper = 0.316109, U2 - Qv_upper = 0.300000
eta = 0.9966, interval_left = 0.9937, interval_right = 0.9996
Q = 0.000090, term1 = 0.019607, term2 = 0.000023
🌟 New best Q found: 0.000090 at iter 95
best_Q = 9.01714083738625e-05, final_Q = 0.000090

--- Iteration 96 ---
U1 - Qu_upper = 0.309963, U2 - Qv_upper = 0.300000
eta = 0.9967, interval_left = 0.9940, interval_right = 0.9996
Q = 0.000093, term1 = 0.021232, term2 = 0.000023
best_Q = 9.01714083738625e-05, final_Q = 0.000093

--- Iteration 97 ---
U1 - Qu_upper = 0.316634, U2 - Qv_upper = 0.300000
eta = 0.9969, interval_left = 0.9943, interval_right = 0.9996
Q = 0.000087, term1 = 0.020527, term2 = 0.000023
🌟 New best Q found: 0.000087 at iter 97
best_Q = 8.733025606488809e-05, final_Q = 0.000087

--- Iteration 98 ---
U1 - Qu_upper = 0.301874, U2 - Qv_upper = 0.300000
eta = 0.9969, interval_left = 0.9946, interval_right = 0.9996
Q = 0.000096, term1 = 0.022800, term2 = 0.000026
best_Q = 8.733025606488809e-05, final_Q = 0.000096

--- Iteration 99 ---
U1 - Qu_upper = 0.316587, U2 - Qv_upper = 0.300000
eta = 0.9971, interval_left = 0.9948, interval_right = 0.9996
Q = 0.000084, term1 = 0.020582, term2 = 0.000025
🌟 New best Q found: 0.000084 at iter 99
best_Q = 8.378029451705515e-05, final_Q = 0.000084
Optimization End
📁 Visualization directory ensured: /work3/s232263/DCE_Results/german_credit/MLP/DCE_u1=0.5,u2=0.3,l=0.2,r=1.0,mi=100,tk=1,nt=10/cone_all_Genetic_cp=0.8,gsp=0.5,mpc=0.3,mpo=0.8,mns=0.1,cs=1.2,ct=0.1,temp=2.0/seed_456_20250805_050312/visualizations
Model saved to: /work3/s232263/DCE_Results/german_credit/MLP/DCE_u1=0.5,u2=0.3,l=0.2,r=1.0,mi=100,tk=1,nt=10/cone_all_Genetic_cp=0.8,gsp=0.5,mpc=0.3,mpo=0.8,mns=0.1,cs=1.2,ct=0.1,temp=2.0/seed_456_20250805_050312/model.pkl
Best results saved to: /work3/s232263/DCE_Results/german_credit/MLP/DCE_u1=0.5,u2=0.3,l=0.2,r=1.0,mi=100,tk=1,nt=10/cone_all_Genetic_cp=0.8,gsp=0.5,mpc=0.3,mpo=0.8,mns=0.1,cs=1.2,ct=0.1,temp=2.0/seed_456_20250805_050312
Final results saved to: /work3/s232263/DCE_Results/german_credit/MLP/DCE_u1=0.5,u2=0.3,l=0.2,r=1.0,mi=100,tk=1,nt=10/cone_all_Genetic_cp=0.8,gsp=0.5,mpc=0.3,mpo=0.8,mns=0.1,cs=1.2,ct=0.1,temp=2.0/seed_456_20250805_050312
Optimization log saved to: /work3/s232263/DCE_Results/german_credit/MLP/DCE_u1=0.5,u2=0.3,l=0.2,r=1.0,mi=100,tk=1,nt=10/cone_all_Genetic_cp=0.8,gsp=0.5,mpc=0.3,mpo=0.8,mns=0.1,cs=1.2,ct=0.1,temp=2.0/seed_456_20250805_050312
All results successfully saved to: /work3/s232263/DCE_Results/german_credit/MLP/DCE_u1=0.5,u2=0.3,l=0.2,r=1.0,mi=100,tk=1,nt=10/cone_all_Genetic_cp=0.8,gsp=0.5,mpc=0.3,mpo=0.8,mns=0.1,cs=1.2,ct=0.1,temp=2.0/seed_456_20250805_050312
Visualizations will be saved to: /work3/s232263/DCE_Results/german_credit/MLP/DCE_u1=0.5,u2=0.3,l=0.2,r=1.0,mi=100,tk=1,nt=10/cone_all_Genetic_cp=0.8,gsp=0.5,mpc=0.3,mpo=0.8,mns=0.1,cs=1.2,ct=0.1,temp=2.0/seed_456_20250805_050312/visualizations
✅ DCE explanation completed!
🎯 Best Q: 0.000084
📊 Final Q: 0.000084
🎉 Found feasible solution: True
💾 Results saved to: /work3/s232263/DCE_Results/german_credit/MLP/DCE_u1=0.5,u2=0.3,l=0.2,r=1.0,mi=100,tk=1,nt=10/cone_all_Genetic_cp=0.8,gsp=0.5,mpc=0.3,mpo=0.8,mns=0.1,cs=1.2,ct=0.1,temp=2.0/seed_456_20250805_050312
📊 Calculating metrics...
✅ Data processed for metrics calculation
   Coverage Rate: 0.840
   MMD: 0.021
   OT Distance: 0.0534
   Percentile Differences:
     0-15%: 18.130%
     15-30%: 29.876%
     30-70%: 657.711%
     70-85%: 224.735%
     85-100%: 19.500%
   AReS Cost: 9.459
💾 Metrics saved to: /work3/s232263/DCE_Results/german_credit/MLP/DCE_u1=0.5,u2=0.3,l=0.2,r=1.0,mi=100,tk=1,nt=10/cone_all_Genetic_cp=0.8,gsp=0.5,mpc=0.3,mpo=0.8,mns=0.1,cs=1.2,ct=0.1,temp=2.0/seed_456_20250805_050312/metrics_summary.json

============================================================
🎲 Running experiment: simulated_annealing (alias: sa_demo)
============================================================
🎯 Creating strategy: simulated_annealing (alias: sa_demo)
🧭 Full cone sampling mode (both categorical and continuous)
📐 Cone angle: 45.0° (0.785 rad)
🚀 Starting DCE explanation...
📍 Using original factual data as starting point (X_init=False)
Results will be saved to: /work3/s232263/DCE_Results/german_credit/MLP/DCE_u1=0.5,u2=0.3,l=0.2,r=1.0,mi=100,tk=1,nt=10/cone_all_SimulatedAnnealing_T0=1.5,Tf=0.01,td=None,cs=1.2,ct=0.1,temp=2.0/seed_456_20250805_052916
📁 Initial data saved:
   - x_true.csv: (50, 9)
   - y_true.csv: (50, 1)
   - y_target.csv: (50,)
Training Start
Optimization Start

--- Iteration 0 ---
U1 - Qu_upper = 0.500000, U2 - Qv_upper = -0.206617
eta = 1.0000, interval_left = 0.2400, interval_right = 1.0000
Q = 0.115700, term1 = 0.000000, term2 = 0.115700
best_Q = inf, final_Q = 0.115700

--- Iteration 1 ---
U1 - Qu_upper = 0.466852, U2 - Qv_upper = -0.175461
eta = 1.0000, interval_left = 0.2780, interval_right = 1.0000
Q = 0.097314, term1 = 0.003300, term2 = 0.097314
best_Q = inf, final_Q = 0.097314

--- Iteration 2 ---
U1 - Qu_upper = 0.437727, U2 - Qv_upper = -0.136412
eta = 1.0000, interval_left = 0.3141, interval_right = 1.0000
Q = 0.080171, term1 = 0.005169, term2 = 0.080171
best_Q = inf, final_Q = 0.080171

--- Iteration 3 ---
U1 - Qu_upper = 0.415449, U2 - Qv_upper = -0.089107
eta = 1.0000, interval_left = 0.3484, interval_right = 1.0000
Q = 0.063200, term1 = 0.006712, term2 = 0.063200
best_Q = inf, final_Q = 0.063200

--- Iteration 4 ---
U1 - Qu_upper = 0.409263, U2 - Qv_upper = -0.091236
eta = 1.0000, interval_left = 0.3810, interval_right = 1.0000
Q = 0.063865, term1 = 0.008505, term2 = 0.063865
best_Q = inf, final_Q = 0.063865

--- Iteration 5 ---
U1 - Qu_upper = 0.365633, U2 - Qv_upper = -0.091957
eta = 1.0000, interval_left = 0.4119, interval_right = 1.0000
Q = 0.064091, term1 = 0.012016, term2 = 0.064091
best_Q = inf, final_Q = 0.064091

--- Iteration 6 ---
U1 - Qu_upper = 0.376534, U2 - Qv_upper = -0.030649
eta = 1.0000, interval_left = 0.4413, interval_right = 1.0000
Q = 0.046013, term1 = 0.011182, term2 = 0.046013
best_Q = inf, final_Q = 0.046013

--- Iteration 7 ---
U1 - Qu_upper = 0.389818, U2 - Qv_upper = 0.001765
eta = 0.9975, interval_left = 0.4693, interval_right = 1.0000
Q = 0.037068, term1 = 0.011699, term2 = 0.037132
🌟 New best Q found: 0.037068 at iter 7
best_Q = 0.037067703902721405, final_Q = 0.037068

--- Iteration 8 ---
U1 - Qu_upper = 0.369816, U2 - Qv_upper = -0.021030
eta = 1.0000, interval_left = 0.4958, interval_right = 1.0000
Q = 0.042927, term1 = 0.013151, term2 = 0.042927
best_Q = 0.037067703902721405, final_Q = 0.042927

--- Iteration 9 ---
U1 - Qu_upper = 0.317817, U2 - Qv_upper = 0.047419
eta = 0.9345, interval_left = 0.5210, interval_right = 1.0000
Q = 0.026011, term1 = 0.019920, term2 = 0.026437
🌟 New best Q found: 0.026011 at iter 9
best_Q = 0.026010610163211823, final_Q = 0.026011

--- Iteration 10 ---
U1 - Qu_upper = 0.332254, U2 - Qv_upper = 0.100949
eta = 0.8884, interval_left = 0.5450, interval_right = 1.0000
Q = 0.016979, term1 = 0.019011, term2 = 0.016724
🌟 New best Q found: 0.016979 at iter 10
best_Q = 0.016979174688458443, final_Q = 0.016979

--- Iteration 11 ---
U1 - Qu_upper = 0.324451, U2 - Qv_upper = 0.145682
eta = 0.8590, interval_left = 0.5677, interval_right = 1.0000
Q = 0.011661, term1 = 0.019990, term2 = 0.010293
🌟 New best Q found: 0.011661 at iter 11
best_Q = 0.011660649441182613, final_Q = 0.011661

--- Iteration 12 ---
U1 - Qu_upper = 0.307206, U2 - Qv_upper = 0.183201
eta = 0.8385, interval_left = 0.5893, interval_right = 1.0000
Q = 0.008461, term1 = 0.022209, term2 = 0.005814
🌟 New best Q found: 0.008461 at iter 12
best_Q = 0.008461366407573223, final_Q = 0.008461

--- Iteration 13 ---
U1 - Qu_upper = 0.263974, U2 - Qv_upper = 0.209071
eta = 0.8185, interval_left = 0.6099, interval_right = 1.0000
Q = 0.008298, term1 = 0.029387, term2 = 0.003622
🌟 New best Q found: 0.008298 at iter 13
best_Q = 0.008298198692500591, final_Q = 0.008298

--- Iteration 14 ---
U1 - Qu_upper = 0.250194, U2 - Qv_upper = 0.247710
eta = 0.8059, interval_left = 0.6294, interval_right = 1.0000
Q = 0.007289, term1 = 0.032199, term2 = 0.001290
🌟 New best Q found: 0.007289 at iter 14
best_Q = 0.007288924418389797, final_Q = 0.007289

--- Iteration 15 ---
U1 - Qu_upper = 0.236059, U2 - Qv_upper = 0.267295
eta = 0.8032, interval_left = 0.6294, interval_right = 0.9815
Q = 0.007400, term1 = 0.035113, term2 = 0.000609
best_Q = 0.007288924418389797, final_Q = 0.007400

--- Iteration 16 ---
U1 - Qu_upper = 0.239920, U2 - Qv_upper = 0.267292
eta = 0.7959, interval_left = 0.6294, interval_right = 0.9639
Q = 0.007348, term1 = 0.033629, term2 = 0.000609
best_Q = 0.007288924418389797, final_Q = 0.007348

--- Iteration 17 ---
U1 - Qu_upper = 0.230313, U2 - Qv_upper = 0.267249
eta = 0.7842, interval_left = 0.6294, interval_right = 0.9471
Q = 0.008233, term1 = 0.035938, term2 = 0.000609
best_Q = 0.007288924418389797, final_Q = 0.008233

--- Iteration 18 ---
U1 - Qu_upper = 0.227579, U2 - Qv_upper = 0.259689
eta = 0.7778, interval_left = 0.6294, interval_right = 0.9312
Q = 0.008967, term1 = 0.037286, term2 = 0.000876
best_Q = 0.007288924418389797, final_Q = 0.008967

--- Iteration 19 ---
U1 - Qu_upper = 0.267709, U2 - Qv_upper = 0.253336
eta = 0.7845, interval_left = 0.6445, interval_right = 0.9312
Q = 0.007124, term1 = 0.028677, term2 = 0.001203
🌟 New best Q found: 0.007124 at iter 19
best_Q = 0.007124403491616249, final_Q = 0.007124

--- Iteration 20 ---
U1 - Qu_upper = 0.297451, U2 - Qv_upper = 0.125326
eta = 0.8462, interval_left = 0.6588, interval_right = 0.9312
Q = 0.014278, term1 = 0.023625, term2 = 0.012579
best_Q = 0.007124403491616249, final_Q = 0.014278

--- Iteration 21 ---
U1 - Qu_upper = 0.292309, U2 - Qv_upper = 0.259061
eta = 0.8032, interval_left = 0.6724, interval_right = 0.9312
Q = 0.005457, term1 = 0.024095, term2 = 0.000892
🌟 New best Q found: 0.005457 at iter 21
best_Q = 0.005457334220409393, final_Q = 0.005457

--- Iteration 22 ---
U1 - Qu_upper = 0.256627, U2 - Qv_upper = 0.264660
eta = 0.7998, interval_left = 0.6724, interval_right = 0.9183
Q = 0.006828, term1 = 0.031237, term2 = 0.000719
best_Q = 0.005457334220409393, final_Q = 0.006828

--- Iteration 23 ---
U1 - Qu_upper = 0.270252, U2 - Qv_upper = 0.264758
eta = 0.7966, interval_left = 0.6847, interval_right = 0.9183
Q = 0.006423, term1 = 0.028775, term2 = 0.000717
best_Q = 0.005457334220409393, final_Q = 0.006423

--- Iteration 24 ---
U1 - Qu_upper = 0.269972, U2 - Qv_upper = 0.264759
eta = 0.8027, interval_left = 0.6964, interval_right = 0.9183
Q = 0.006324, term1 = 0.029132, term2 = 0.000717
best_Q = 0.005457334220409393, final_Q = 0.006324

--- Iteration 25 ---
U1 - Qu_upper = 0.260949, U2 - Qv_upper = 0.269621
eta = 0.8055, interval_left = 0.6964, interval_right = 0.9072
Q = 0.006428, term1 = 0.030840, term2 = 0.000534
best_Q = 0.005457334220409393, final_Q = 0.006428

--- Iteration 26 ---
U1 - Qu_upper = 0.258471, U2 - Qv_upper = 0.136177
eta = 0.8345, interval_left = 0.7069, interval_right = 0.9072
Q = 0.014359, term1 = 0.031037, term2 = 0.011050
best_Q = 0.005457334220409393, final_Q = 0.014359

--- Iteration 27 ---
U1 - Qu_upper = 0.251721, U2 - Qv_upper = 0.272588
eta = 0.8031, interval_left = 0.7069, interval_right = 0.8972
Q = 0.006755, term1 = 0.032521, term2 = 0.000438
best_Q = 0.005457334220409393, final_Q = 0.006755

--- Iteration 28 ---
U1 - Qu_upper = 0.257366, U2 - Qv_upper = 0.272981
eta = 0.7993, interval_left = 0.7069, interval_right = 0.8877
Q = 0.006722, term1 = 0.031781, term2 = 0.000429
best_Q = 0.005457334220409393, final_Q = 0.006722

--- Iteration 29 ---
U1 - Qu_upper = 0.249772, U2 - Qv_upper = 0.129564
eta = 0.8260, interval_left = 0.7160, interval_right = 0.8877
Q = 0.015618, term1 = 0.033026, term2 = 0.011950
best_Q = 0.005457334220409393, final_Q = 0.015618

--- Iteration 30 ---
U1 - Qu_upper = 0.235967, U2 - Qv_upper = 0.274065
eta = 0.7954, interval_left = 0.7160, interval_right = 0.8791
Q = 0.007745, term1 = 0.036188, term2 = 0.000429
best_Q = 0.005457334220409393, final_Q = 0.007745

--- Iteration 31 ---
U1 - Qu_upper = 0.247145, U2 - Qv_upper = 0.129409
eta = 0.8230, interval_left = 0.7241, interval_right = 0.8791
Q = 0.015787, term1 = 0.033477, term2 = 0.011984
best_Q = 0.005457334220409393, final_Q = 0.015787

--- Iteration 32 ---
U1 - Qu_upper = 0.247062, U2 - Qv_upper = 0.129382
eta = 0.8258, interval_left = 0.7319, interval_right = 0.8791
Q = 0.015776, term1 = 0.033738, term2 = 0.011988
best_Q = 0.005457334220409393, final_Q = 0.015776

--- Iteration 33 ---
U1 - Qu_upper = 0.219804, U2 - Qv_upper = 0.270534
eta = 0.7979, interval_left = 0.7319, interval_right = 0.8717
Q = 0.008448, term1 = 0.039640, term2 = 0.000546
best_Q = 0.005457334220409393, final_Q = 0.008448

--- Iteration 34 ---
U1 - Qu_upper = 0.237170, U2 - Qv_upper = 0.268758
eta = 0.7974, interval_left = 0.7319, interval_right = 0.8647
Q = 0.007807, term1 = 0.036250, term2 = 0.000583
best_Q = 0.005457334220409393, final_Q = 0.007807

--- Iteration 35 ---
U1 - Qu_upper = 0.243440, U2 - Qv_upper = 0.262624
eta = 0.7958, interval_left = 0.7319, interval_right = 0.8581
Q = 0.007730, term1 = 0.034822, term2 = 0.000779
best_Q = 0.005457334220409393, final_Q = 0.007730

--- Iteration 36 ---
U1 - Qu_upper = 0.249494, U2 - Qv_upper = 0.262616
eta = 0.7934, interval_left = 0.7319, interval_right = 0.8518
Q = 0.007515, term1 = 0.033377, term2 = 0.000779
best_Q = 0.005457334220409393, final_Q = 0.007515

--- Iteration 37 ---
U1 - Qu_upper = 0.239326, U2 - Qv_upper = 0.262616
eta = 0.7891, interval_left = 0.7319, interval_right = 0.8458
Q = 0.007937, term1 = 0.034711, term2 = 0.000779
best_Q = 0.005457334220409393, final_Q = 0.007937

--- Iteration 38 ---
U1 - Qu_upper = 0.243799, U2 - Qv_upper = 0.260352
eta = 0.7870, interval_left = 0.7319, interval_right = 0.8401
Q = 0.007903, term1 = 0.033856, term2 = 0.000877
best_Q = 0.005457334220409393, final_Q = 0.007903

--- Iteration 39 ---
U1 - Qu_upper = 0.236097, U2 - Qv_upper = 0.262602
eta = 0.7831, interval_left = 0.7319, interval_right = 0.8347
Q = 0.008317, term1 = 0.035531, term2 = 0.000780
best_Q = 0.005457334220409393, final_Q = 0.008317

--- Iteration 40 ---
U1 - Qu_upper = 0.234687, U2 - Qv_upper = 0.260371
eta = 0.7806, interval_left = 0.7319, interval_right = 0.8295
Q = 0.008570, term1 = 0.035682, term2 = 0.000950
best_Q = 0.005457334220409393, final_Q = 0.008570

--- Iteration 41 ---
U1 - Qu_upper = 0.235502, U2 - Qv_upper = 0.260349
eta = 0.7783, interval_left = 0.7319, interval_right = 0.8247
Q = 0.008616, term1 = 0.035517, term2 = 0.000952
best_Q = 0.005457334220409393, final_Q = 0.008616

--- Iteration 42 ---
U1 - Qu_upper = 0.220634, U2 - Qv_upper = 0.262875
eta = 0.7742, interval_left = 0.7319, interval_right = 0.8200
Q = 0.009356, term1 = 0.038642, term2 = 0.000815
best_Q = 0.005457334220409393, final_Q = 0.009356

--- Iteration 43 ---
U1 - Qu_upper = 0.235986, U2 - Qv_upper = 0.261438
eta = 0.7737, interval_left = 0.7319, interval_right = 0.8156
Q = 0.008913, term1 = 0.036566, term2 = 0.000824
best_Q = 0.005457334220409393, final_Q = 0.008913

--- Iteration 44 ---
U1 - Qu_upper = 0.227965, U2 - Qv_upper = 0.264659
eta = 0.7706, interval_left = 0.7319, interval_right = 0.8114
Q = 0.009209, term1 = 0.037969, term2 = 0.000649
best_Q = 0.005457334220409393, final_Q = 0.009209

--- Iteration 45 ---
U1 - Qu_upper = 0.249968, U2 - Qv_upper = 0.264659
eta = 0.7705, interval_left = 0.7319, interval_right = 0.8075
Q = 0.008235, term1 = 0.033706, term2 = 0.000649
best_Q = 0.005457334220409393, final_Q = 0.008235

--- Iteration 46 ---
U1 - Qu_upper = 0.249692, U2 - Qv_upper = 0.261852
eta = 0.7688, interval_left = 0.7319, interval_right = 0.8037
Q = 0.008467, term1 = 0.033909, term2 = 0.000815
best_Q = 0.005457334220409393, final_Q = 0.008467

--- Iteration 47 ---
U1 - Qu_upper = 0.236442, U2 - Qv_upper = 0.261852
eta = 0.7659, interval_left = 0.7319, interval_right = 0.8001
Q = 0.009197, term1 = 0.036629, term2 = 0.000815
best_Q = 0.005457334220409393, final_Q = 0.009197

--- Iteration 48 ---
U1 - Qu_upper = 0.236202, U2 - Qv_upper = 0.123177
eta = 0.7767, interval_left = 0.7353, interval_right = 0.8001
Q = 0.018095, term1 = 0.036428, term2 = 0.012825
best_Q = 0.005457334220409393, final_Q = 0.018095

--- Iteration 49 ---
U1 - Qu_upper = 0.203054, U2 - Qv_upper = 0.261873
eta = 0.7636, interval_left = 0.7353, interval_right = 0.7968
Q = 0.011115, term1 = 0.044384, term2 = 0.000814
best_Q = 0.005457334220409393, final_Q = 0.011115

--- Iteration 50 ---
U1 - Qu_upper = 0.205469, U2 - Qv_upper = 0.129759
eta = 0.7730, interval_left = 0.7384, interval_right = 0.7968
Q = 0.019083, term1 = 0.043454, term2 = 0.011927
best_Q = 0.005457334220409393, final_Q = 0.019083

--- Iteration 51 ---
U1 - Qu_upper = 0.221684, U2 - Qv_upper = 0.170058
eta = 0.7715, interval_left = 0.7413, interval_right = 0.7968
Q = 0.014305, term1 = 0.038667, term2 = 0.007088
best_Q = 0.005457334220409393, final_Q = 0.014305

--- Iteration 52 ---
U1 - Qu_upper = 0.215411, U2 - Qv_upper = 0.261813
eta = 0.7664, interval_left = 0.7413, interval_right = 0.7941
Q = 0.010096, term1 = 0.040537, term2 = 0.000816
best_Q = 0.005457334220409393, final_Q = 0.010096

--- Iteration 53 ---
U1 - Qu_upper = 0.237424, U2 - Qv_upper = 0.262145
eta = 0.7664, interval_left = 0.7413, interval_right = 0.7914
Q = 0.008966, term1 = 0.035742, term2 = 0.000803
best_Q = 0.005457334220409393, final_Q = 0.008966

--- Iteration 54 ---
U1 - Qu_upper = 0.237854, U2 - Qv_upper = 0.216992
eta = 0.7675, interval_left = 0.7438, interval_right = 0.7914
Q = 0.010678, term1 = 0.036013, term2 = 0.003004
best_Q = 0.005457334220409393, final_Q = 0.010678

--- Iteration 55 ---
U1 - Qu_upper = 0.257122, U2 - Qv_upper = 0.250804
eta = 0.7679, interval_left = 0.7462, interval_right = 0.7914
Q = 0.008430, term1 = 0.032280, term2 = 0.001222
best_Q = 0.005457334220409393, final_Q = 0.008430

--- Iteration 56 ---
U1 - Qu_upper = 0.243248, U2 - Qv_upper = 0.260996
eta = 0.7680, interval_left = 0.7462, interval_right = 0.7892
Q = 0.008915, term1 = 0.035767, term2 = 0.000804
best_Q = 0.005457334220409393, final_Q = 0.008915

--- Iteration 57 ---
U1 - Qu_upper = 0.233723, U2 - Qv_upper = 0.261013
eta = 0.7665, interval_left = 0.7462, interval_right = 0.7870
Q = 0.009395, term1 = 0.037584, term2 = 0.000807
best_Q = 0.005457334220409393, final_Q = 0.009395

--- Iteration 58 ---
U1 - Qu_upper = 0.220644, U2 - Qv_upper = 0.268476
eta = 0.7646, interval_left = 0.7462, interval_right = 0.7850
Q = 0.009956, term1 = 0.040394, term2 = 0.000586
best_Q = 0.005457334220409393, final_Q = 0.009956

--- Iteration 59 ---
U1 - Qu_upper = 0.254242, U2 - Qv_upper = 0.266672
eta = 0.7651, interval_left = 0.7462, interval_right = 0.7830
Q = 0.008153, term1 = 0.032667, term2 = 0.000628
best_Q = 0.005457334220409393, final_Q = 0.008153

--- Iteration 60 ---
U1 - Qu_upper = 0.268677, U2 - Qv_upper = 0.266672
eta = 0.7647, interval_left = 0.7480, interval_right = 0.7830
Q = 0.007454, term1 = 0.029636, term2 = 0.000628
best_Q = 0.005457334220409393, final_Q = 0.007454

--- Iteration 61 ---
U1 - Qu_upper = 0.280674, U2 - Qv_upper = 0.264825
eta = 0.7660, interval_left = 0.7498, interval_right = 0.7830
Q = 0.006899, term1 = 0.027429, term2 = 0.000628
best_Q = 0.005457334220409393, final_Q = 0.006899

--- Iteration 62 ---
U1 - Qu_upper = 0.267387, U2 - Qv_upper = 0.259506
eta = 0.7667, interval_left = 0.7514, interval_right = 0.7830
Q = 0.007628, term1 = 0.030043, term2 = 0.000806
best_Q = 0.005457334220409393, final_Q = 0.007628

--- Iteration 63 ---
U1 - Qu_upper = 0.283120, U2 - Qv_upper = 0.248641
eta = 0.7683, interval_left = 0.7530, interval_right = 0.7830
Q = 0.007243, term1 = 0.027380, term2 = 0.001168
best_Q = 0.005457334220409393, final_Q = 0.007243

--- Iteration 64 ---
U1 - Qu_upper = 0.288452, U2 - Qv_upper = 0.243488
eta = 0.7693, interval_left = 0.7545, interval_right = 0.7830
Q = 0.007198, term1 = 0.026353, term2 = 0.001453
best_Q = 0.005457334220409393, final_Q = 0.007198

--- Iteration 65 ---
U1 - Qu_upper = 0.271043, U2 - Qv_upper = 0.248989
eta = 0.7694, interval_left = 0.7559, interval_right = 0.7830
Q = 0.007778, term1 = 0.029626, term2 = 0.001229
best_Q = 0.005457334220409393, final_Q = 0.007778

--- Iteration 66 ---
U1 - Qu_upper = 0.238069, U2 - Qv_upper = 0.248989
eta = 0.7692, interval_left = 0.7559, interval_right = 0.7817
Q = 0.009173, term1 = 0.035647, term2 = 0.001229
best_Q = 0.005457334220409393, final_Q = 0.009173

--- Iteration 67 ---
U1 - Qu_upper = 0.226585, U2 - Qv_upper = 0.248989
eta = 0.7682, interval_left = 0.7559, interval_right = 0.7804
Q = 0.009812, term1 = 0.038260, term2 = 0.001229
best_Q = 0.005457334220409393, final_Q = 0.009812

--- Iteration 68 ---
U1 - Qu_upper = 0.230921, U2 - Qv_upper = 0.267883
eta = 0.7673, interval_left = 0.7559, interval_right = 0.7792
Q = 0.009201, term1 = 0.037473, term2 = 0.000625
best_Q = 0.005457334220409393, final_Q = 0.009201

--- Iteration 69 ---
U1 - Qu_upper = 0.245772, U2 - Qv_upper = 0.255266
eta = 0.7673, interval_left = 0.7559, interval_right = 0.7780
Q = 0.008624, term1 = 0.033818, term2 = 0.000985
best_Q = 0.005457334220409393, final_Q = 0.008624

--- Iteration 70 ---
U1 - Qu_upper = 0.219465, U2 - Qv_upper = 0.255545
eta = 0.7661, interval_left = 0.7559, interval_right = 0.7769
Q = 0.010012, term1 = 0.039676, term2 = 0.000958
best_Q = 0.005457334220409393, final_Q = 0.010012

--- Iteration 71 ---
U1 - Qu_upper = 0.236704, U2 - Qv_upper = 0.254871
eta = 0.7660, interval_left = 0.7559, interval_right = 0.7759
Q = 0.009180, term1 = 0.035802, term2 = 0.001049
best_Q = 0.005457334220409393, final_Q = 0.009180

--- Iteration 72 ---
U1 - Qu_upper = 0.242874, U2 - Qv_upper = 0.254716
eta = 0.7657, interval_left = 0.7559, interval_right = 0.7749
Q = 0.008910, term1 = 0.034563, term2 = 0.001058
best_Q = 0.005457334220409393, final_Q = 0.008910

--- Iteration 73 ---
U1 - Qu_upper = 0.242668, U2 - Qv_upper = 0.254716
eta = 0.7652, interval_left = 0.7559, interval_right = 0.7739
Q = 0.008757, term1 = 0.033841, term2 = 0.001058
best_Q = 0.005457334220409393, final_Q = 0.008757

--- Iteration 74 ---
U1 - Qu_upper = 0.239369, U2 - Qv_upper = 0.266420
eta = 0.7644, interval_left = 0.7559, interval_right = 0.7730
Q = 0.008870, term1 = 0.035391, term2 = 0.000698
best_Q = 0.005457334220409393, final_Q = 0.008870

--- Iteration 75 ---
U1 - Qu_upper = 0.231785, U2 - Qv_upper = 0.271176
eta = 0.7638, interval_left = 0.7559, interval_right = 0.7722
Q = 0.009221, term1 = 0.037229, term2 = 0.000560
best_Q = 0.005457334220409393, final_Q = 0.009221

--- Iteration 76 ---
U1 - Qu_upper = 0.217960, U2 - Qv_upper = 0.271933
eta = 0.7632, interval_left = 0.7559, interval_right = 0.7714
Q = 0.009955, term1 = 0.040321, term2 = 0.000531
best_Q = 0.005457334220409393, final_Q = 0.009955

--- Iteration 77 ---
U1 - Qu_upper = 0.193755, U2 - Qv_upper = 0.273394
eta = 0.7623, interval_left = 0.7559, interval_right = 0.7706
Q = 0.011420, term1 = 0.046504, term2 = 0.000482
best_Q = 0.005457334220409393, final_Q = 0.011420

--- Iteration 78 ---
U1 - Qu_upper = 0.191745, U2 - Qv_upper = 0.273394
eta = 0.7620, interval_left = 0.7559, interval_right = 0.7699
Q = 0.011678, term1 = 0.047522, term2 = 0.000482
best_Q = 0.005457334220409393, final_Q = 0.011678

--- Iteration 79 ---
U1 - Qu_upper = 0.186106, U2 - Qv_upper = 0.184747
eta = 0.7629, interval_left = 0.7566, interval_right = 0.7699
Q = 0.015883, term1 = 0.049158, term2 = 0.005543
best_Q = 0.005457334220409393, final_Q = 0.015883

--- Iteration 80 ---
U1 - Qu_upper = 0.183779, U2 - Qv_upper = 0.265460
eta = 0.7620, interval_left = 0.7566, interval_right = 0.7692
Q = 0.012342, term1 = 0.049619, term2 = 0.000702
best_Q = 0.005457334220409393, final_Q = 0.012342

--- Iteration 81 ---
U1 - Qu_upper = 0.202496, U2 - Qv_upper = 0.259798
eta = 0.7621, interval_left = 0.7566, interval_right = 0.7686
Q = 0.011317, term1 = 0.044766, term2 = 0.000877
best_Q = 0.005457334220409393, final_Q = 0.011317

--- Iteration 82 ---
U1 - Qu_upper = 0.239811, U2 - Qv_upper = 0.216436
eta = 0.7629, interval_left = 0.7572, interval_right = 0.7686
Q = 0.010863, term1 = 0.035668, term2 = 0.003154
best_Q = 0.005457334220409393, final_Q = 0.010863

--- Iteration 83 ---
U1 - Qu_upper = 0.223210, U2 - Qv_upper = 0.173319
eta = 0.7636, interval_left = 0.7578, interval_right = 0.7686
Q = 0.014555, term1 = 0.039671, term2 = 0.006780
best_Q = 0.005457334220409393, final_Q = 0.014555

--- Iteration 84 ---
U1 - Qu_upper = 0.189231, U2 - Qv_upper = 0.259039
eta = 0.7623, interval_left = 0.7578, interval_right = 0.7680
Q = 0.012230, term1 = 0.048354, term2 = 0.000969
best_Q = 0.005457334220409393, final_Q = 0.012230

--- Iteration 85 ---
U1 - Qu_upper = 0.236034, U2 - Qv_upper = 0.258004
eta = 0.7627, interval_left = 0.7578, interval_right = 0.7675
Q = 0.009511, term1 = 0.036846, term2 = 0.001006
best_Q = 0.005457334220409393, final_Q = 0.009511

--- Iteration 86 ---
U1 - Qu_upper = 0.197176, U2 - Qv_upper = 0.258004
eta = 0.7620, interval_left = 0.7578, interval_right = 0.7670
Q = 0.011663, term1 = 0.045788, term2 = 0.001006
best_Q = 0.005457334220409393, final_Q = 0.011663

--- Iteration 87 ---
U1 - Qu_upper = 0.210436, U2 - Qv_upper = 0.251052
eta = 0.7620, interval_left = 0.7578, interval_right = 0.7666
Q = 0.011162, term1 = 0.042647, term2 = 0.001328
best_Q = 0.005457334220409393, final_Q = 0.011162

--- Iteration 88 ---
U1 - Qu_upper = 0.221316, U2 - Qv_upper = 0.251123
eta = 0.7619, interval_left = 0.7578, interval_right = 0.7661
Q = 0.010449, term1 = 0.039868, term2 = 0.001256
best_Q = 0.005457334220409393, final_Q = 0.010449

--- Iteration 89 ---
U1 - Qu_upper = 0.231448, U2 - Qv_upper = 0.241393
eta = 0.7619, interval_left = 0.7578, interval_right = 0.7657
Q = 0.010153, term1 = 0.036988, term2 = 0.001766
best_Q = 0.005457334220409393, final_Q = 0.010153

--- Iteration 90 ---
U1 - Qu_upper = 0.255500, U2 - Qv_upper = 0.248983
eta = 0.7618, interval_left = 0.7582, interval_right = 0.7657
Q = 0.008770, term1 = 0.032580, term2 = 0.001326
best_Q = 0.005457334220409393, final_Q = 0.008770

--- Iteration 91 ---
U1 - Qu_upper = 0.230745, U2 - Qv_upper = 0.229383
eta = 0.7620, interval_left = 0.7586, interval_right = 0.7657
Q = 0.010757, term1 = 0.037570, term2 = 0.002380
best_Q = 0.005457334220409393, final_Q = 0.010757

--- Iteration 92 ---
U1 - Qu_upper = 0.226956, U2 - Qv_upper = 0.143137
eta = 0.7630, interval_left = 0.7589, interval_right = 0.7657
Q = 0.017127, term1 = 0.039228, term2 = 0.010260
best_Q = 0.005457334220409393, final_Q = 0.017127

--- Iteration 93 ---
U1 - Qu_upper = 0.230909, U2 - Qv_upper = 0.235762
eta = 0.7623, interval_left = 0.7589, interval_right = 0.7654
Q = 0.010758, term1 = 0.038914, term2 = 0.001978
best_Q = 0.005457334220409393, final_Q = 0.010758

--- Iteration 94 ---
U1 - Qu_upper = 0.238269, U2 - Qv_upper = 0.116014
eta = 0.7633, interval_left = 0.7593, interval_right = 0.7654
Q = 0.019586, term1 = 0.037739, term2 = 0.013955
best_Q = 0.005457334220409393, final_Q = 0.019586

--- Iteration 95 ---
U1 - Qu_upper = 0.245770, U2 - Qv_upper = 0.142156
eta = 0.7631, interval_left = 0.7596, interval_right = 0.7654
Q = 0.016384, term1 = 0.035726, term2 = 0.010381
best_Q = 0.005457334220409393, final_Q = 0.016384

--- Iteration 96 ---
U1 - Qu_upper = 0.256515, U2 - Qv_upper = 0.235916
eta = 0.7626, interval_left = 0.7598, interval_right = 0.7654
Q = 0.009514, term1 = 0.033720, term2 = 0.001978
best_Q = 0.005457334220409393, final_Q = 0.009514

--- Iteration 97 ---
U1 - Qu_upper = 0.283321, U2 - Qv_upper = 0.112633
eta = 0.7638, interval_left = 0.7601, interval_right = 0.7654
Q = 0.017750, term1 = 0.028521, term2 = 0.014419
best_Q = 0.005457334220409393, final_Q = 0.017750

--- Iteration 98 ---
U1 - Qu_upper = 0.279773, U2 - Qv_upper = 0.236325
eta = 0.7630, interval_left = 0.7604, interval_right = 0.7654
Q = 0.008449, term1 = 0.029279, term2 = 0.001978
best_Q = 0.005457334220409393, final_Q = 0.008449

--- Iteration 99 ---
U1 - Qu_upper = 0.278814, U2 - Qv_upper = 0.238827
eta = 0.7631, interval_left = 0.7606, interval_right = 0.7654
Q = 0.008225, term1 = 0.028758, term2 = 0.001849
best_Q = 0.005457334220409393, final_Q = 0.008225
Optimization End
📁 Visualization directory ensured: /work3/s232263/DCE_Results/german_credit/MLP/DCE_u1=0.5,u2=0.3,l=0.2,r=1.0,mi=100,tk=1,nt=10/cone_all_SimulatedAnnealing_T0=1.5,Tf=0.01,td=None,cs=1.2,ct=0.1,temp=2.0/seed_456_20250805_052916/visualizations
Model saved to: /work3/s232263/DCE_Results/german_credit/MLP/DCE_u1=0.5,u2=0.3,l=0.2,r=1.0,mi=100,tk=1,nt=10/cone_all_SimulatedAnnealing_T0=1.5,Tf=0.01,td=None,cs=1.2,ct=0.1,temp=2.0/seed_456_20250805_052916/model.pkl
Best results saved to: /work3/s232263/DCE_Results/german_credit/MLP/DCE_u1=0.5,u2=0.3,l=0.2,r=1.0,mi=100,tk=1,nt=10/cone_all_SimulatedAnnealing_T0=1.5,Tf=0.01,td=None,cs=1.2,ct=0.1,temp=2.0/seed_456_20250805_052916
Final results saved to: /work3/s232263/DCE_Results/german_credit/MLP/DCE_u1=0.5,u2=0.3,l=0.2,r=1.0,mi=100,tk=1,nt=10/cone_all_SimulatedAnnealing_T0=1.5,Tf=0.01,td=None,cs=1.2,ct=0.1,temp=2.0/seed_456_20250805_052916
Optimization log saved to: /work3/s232263/DCE_Results/german_credit/MLP/DCE_u1=0.5,u2=0.3,l=0.2,r=1.0,mi=100,tk=1,nt=10/cone_all_SimulatedAnnealing_T0=1.5,Tf=0.01,td=None,cs=1.2,ct=0.1,temp=2.0/seed_456_20250805_052916
All results successfully saved to: /work3/s232263/DCE_Results/german_credit/MLP/DCE_u1=0.5,u2=0.3,l=0.2,r=1.0,mi=100,tk=1,nt=10/cone_all_SimulatedAnnealing_T0=1.5,Tf=0.01,td=None,cs=1.2,ct=0.1,temp=2.0/seed_456_20250805_052916
Visualizations will be saved to: /work3/s232263/DCE_Results/german_credit/MLP/DCE_u1=0.5,u2=0.3,l=0.2,r=1.0,mi=100,tk=1,nt=10/cone_all_SimulatedAnnealing_T0=1.5,Tf=0.01,td=None,cs=1.2,ct=0.1,temp=2.0/seed_456_20250805_052916/visualizations
✅ DCE explanation completed!
🎯 Best Q: 0.005457
📊 Final Q: 0.008225
🎉 Found feasible solution: True
💾 Results saved to: /work3/s232263/DCE_Results/german_credit/MLP/DCE_u1=0.5,u2=0.3,l=0.2,r=1.0,mi=100,tk=1,nt=10/cone_all_SimulatedAnnealing_T0=1.5,Tf=0.01,td=None,cs=1.2,ct=0.1,temp=2.0/seed_456_20250805_052916
📊 Calculating metrics...
✅ Data processed for metrics calculation
   Coverage Rate: 0.820
   MMD: 0.012
   OT Distance: 0.0376
   Percentile Differences:
     0-15%: 59.274%
     15-30%: 143.628%
     30-70%: 393.029%
     70-85%: 125.930%
     85-100%: 18.086%
   AReS Cost: 7.505
💾 Metrics saved to: /work3/s232263/DCE_Results/german_credit/MLP/DCE_u1=0.5,u2=0.3,l=0.2,r=1.0,mi=100,tk=1,nt=10/cone_all_SimulatedAnnealing_T0=1.5,Tf=0.01,td=None,cs=1.2,ct=0.1,temp=2.0/seed_456_20250805_052916/metrics_summary.json

============================================================
🎲 Running experiment: bayesian (alias: bo_demo)
============================================================
🎯 Creating strategy: bayesian (alias: bo_demo)
🧭 Full cone sampling mode (both categorical and continuous)
📐 Cone angle: 45.0° (0.785 rad)
🚀 Starting DCE explanation...
📍 Using original factual data as starting point (X_init=False)
Results will be saved to: /work3/s232263/DCE_Results/german_credit/MLP/DCE_u1=0.5,u2=0.3,l=0.2,r=1.0,mi=100,tk=1,nt=10/cone_all_Bayesian_cs=1.2,ct=0.1,temp=2.0/seed_456_20250805_055643
📁 Initial data saved:
   - x_true.csv: (50, 9)
   - y_true.csv: (50, 1)
   - y_target.csv: (50,)
Training Start
Optimization Start

--- Iteration 0 ---
U1 - Qu_upper = 0.500000, U2 - Qv_upper = -0.206617
eta = 1.0000, interval_left = 0.2400, interval_right = 1.0000
Q = 0.115700, term1 = 0.000000, term2 = 0.115700
best_Q = inf, final_Q = 0.115700

--- Iteration 1 ---
U1 - Qu_upper = 0.457679, U2 - Qv_upper = -0.194014
eta = 1.0000, interval_left = 0.2780, interval_right = 1.0000
Q = 0.110396, term1 = 0.002907, term2 = 0.110396
best_Q = inf, final_Q = 0.110396

--- Iteration 2 ---
U1 - Qu_upper = 0.399468, U2 - Qv_upper = -0.159938
eta = 1.0000, interval_left = 0.3141, interval_right = 1.0000
Q = 0.092596, term1 = 0.008986, term2 = 0.092596
best_Q = inf, final_Q = 0.092596

--- Iteration 3 ---
U1 - Qu_upper = 0.344085, U2 - Qv_upper = -0.114002
eta = 1.0000, interval_left = 0.3484, interval_right = 1.0000
Q = 0.074829, term1 = 0.015134, term2 = 0.074829
best_Q = inf, final_Q = 0.074829

--- Iteration 4 ---
U1 - Qu_upper = 0.295229, U2 - Qv_upper = -0.062076
eta = 1.0000, interval_left = 0.3810, interval_right = 1.0000
Q = 0.056979, term1 = 0.022967, term2 = 0.056979
best_Q = inf, final_Q = 0.056979

--- Iteration 5 ---
U1 - Qu_upper = 0.308678, U2 - Qv_upper = -0.080453
eta = 1.0000, interval_left = 0.4119, interval_right = 1.0000
Q = 0.062478, term1 = 0.021047, term2 = 0.062478
best_Q = inf, final_Q = 0.062478

--- Iteration 6 ---
U1 - Qu_upper = 0.282950, U2 - Qv_upper = -0.029331
eta = 1.0000, interval_left = 0.4413, interval_right = 1.0000
Q = 0.045774, term1 = 0.024985, term2 = 0.045774
best_Q = inf, final_Q = 0.045774

--- Iteration 7 ---
U1 - Qu_upper = 0.266578, U2 - Qv_upper = -0.049163
eta = 1.0000, interval_left = 0.4693, interval_right = 1.0000
Q = 0.051156, term1 = 0.028732, term2 = 0.051156
best_Q = inf, final_Q = 0.051156

--- Iteration 8 ---
U1 - Qu_upper = 0.266578, U2 - Qv_upper = -0.049163
eta = 1.0000, interval_left = 0.4958, interval_right = 1.0000
Q = 0.051156, term1 = 0.028732, term2 = 0.051156
best_Q = inf, final_Q = 0.051156

--- Iteration 9 ---
U1 - Qu_upper = 0.266578, U2 - Qv_upper = -0.049163
eta = 1.0000, interval_left = 0.5210, interval_right = 1.0000
Q = 0.051156, term1 = 0.028732, term2 = 0.051156
best_Q = inf, final_Q = 0.051156

--- Iteration 10 ---
U1 - Qu_upper = 0.231505, U2 - Qv_upper = 0.009149
eta = 0.9818, interval_left = 0.5450, interval_right = 1.0000
Q = 0.035201, term1 = 0.035931, term2 = 0.035187
🌟 New best Q found: 0.035201 at iter 10
best_Q = 0.03520088642835617, final_Q = 0.035201

--- Iteration 11 ---
U1 - Qu_upper = 0.206033, U2 - Qv_upper = -0.013861
eta = 1.0000, interval_left = 0.5677, interval_right = 1.0000
Q = 0.040753, term1 = 0.041553, term2 = 0.040753
best_Q = 0.03520088642835617, final_Q = 0.040753

--- Iteration 12 ---
U1 - Qu_upper = 0.117504, U2 - Qv_upper = 0.057112
eta = 0.8586, interval_left = 0.5893, interval_right = 1.0000
Q = 0.030700, term1 = 0.066705, term2 = 0.024771
🌟 New best Q found: 0.030700 at iter 12
best_Q = 0.030699890106916428, final_Q = 0.030700

--- Iteration 13 ---
U1 - Qu_upper = 0.115107, U2 - Qv_upper = 0.034545
eta = 0.9052, interval_left = 0.6099, interval_right = 1.0000
Q = 0.033041, term1 = 0.068189, term2 = 0.029360
best_Q = 0.030699890106916428, final_Q = 0.033041

--- Iteration 14 ---
U1 - Qu_upper = 0.079099, U2 - Qv_upper = 0.051187
eta = 0.8467, interval_left = 0.6294, interval_right = 1.0000
Q = 0.034258, term1 = 0.080231, term2 = 0.025936
best_Q = 0.030699890106916428, final_Q = 0.034258

--- Iteration 15 ---
U1 - Qu_upper = 0.115107, U2 - Qv_upper = 0.034545
eta = 0.9144, interval_left = 0.6479, interval_right = 1.0000
Q = 0.032682, term1 = 0.068189, term2 = 0.029360
best_Q = 0.030699890106916428, final_Q = 0.032682

--- Iteration 16 ---
U1 - Qu_upper = 0.115107, U2 - Qv_upper = 0.034545
eta = 0.9187, interval_left = 0.6655, interval_right = 1.0000
Q = 0.032516, term1 = 0.068189, term2 = 0.029360
best_Q = 0.030699890106916428, final_Q = 0.032516

--- Iteration 17 ---
U1 - Qu_upper = 0.046202, U2 - Qv_upper = 0.116388
eta = 0.7606, interval_left = 0.6655, interval_right = 0.9833
Q = 0.033188, term1 = 0.092455, term2 = 0.014529
best_Q = 0.030699890106916428, final_Q = 0.033188

--- Iteration 18 ---
U1 - Qu_upper = 0.004209, U2 - Qv_upper = 0.106790
eta = 0.6776, interval_left = 0.6655, interval_right = 0.9674
Q = 0.045980, term1 = 0.109028, term2 = 0.015975
best_Q = 0.030699890106916428, final_Q = 0.045980

--- Iteration 19 ---
U1 - Qu_upper = 0.044920, U2 - Qv_upper = 0.068473
eta = 0.7851, interval_left = 0.6655, interval_right = 0.9523
Q = 0.037676, term1 = 0.093047, term2 = 0.022519
best_Q = 0.030699890106916428, final_Q = 0.037676

--- Iteration 20 ---
U1 - Qu_upper = 0.044920, U2 - Qv_upper = 0.068473
eta = 0.7791, interval_left = 0.6655, interval_right = 0.9380
Q = 0.038098, term1 = 0.093047, term2 = 0.022519
best_Q = 0.030699890106916428, final_Q = 0.038098

--- Iteration 21 ---
U1 - Qu_upper = 0.004209, U2 - Qv_upper = 0.106790
eta = 0.6758, interval_left = 0.6655, interval_right = 0.9243
Q = 0.046140, term1 = 0.109028, term2 = 0.015975
best_Q = 0.030699890106916428, final_Q = 0.046140

--- Iteration 22 ---
U1 - Qu_upper = -0.051095, U2 - Qv_upper = 0.162838
eta = 0.6655, interval_left = 0.6655, interval_right = 0.9114
Q = 0.049944, term1 = 0.132717, term2 = 0.008341
best_Q = 0.030699890106916428, final_Q = 0.049944

--- Iteration 23 ---
U1 - Qu_upper = -0.009478, U2 - Qv_upper = 0.162833
eta = 0.6655, interval_left = 0.6655, interval_right = 0.8991
Q = 0.043981, term1 = 0.114886, term2 = 0.008342
best_Q = 0.030699890106916428, final_Q = 0.043981

--- Iteration 24 ---
U1 - Qu_upper = 0.039261, U2 - Qv_upper = 0.120358
eta = 0.7230, interval_left = 0.6655, interval_right = 0.8874
Q = 0.036340, term1 = 0.094762, term2 = 0.013952
best_Q = 0.030699890106916428, final_Q = 0.036340

--- Iteration 25 ---
U1 - Qu_upper = 0.036618, U2 - Qv_upper = 0.146965
eta = 0.7098, interval_left = 0.6655, interval_right = 0.8763
Q = 0.034999, term1 = 0.096094, term2 = 0.010017
best_Q = 0.030699890106916428, final_Q = 0.034999

--- Iteration 26 ---
U1 - Qu_upper = -0.025898, U2 - Qv_upper = 0.104912
eta = 0.6655, interval_left = 0.6655, interval_right = 0.8658
Q = 0.051151, term1 = 0.121287, term2 = 0.015899
best_Q = 0.030699890106916428, final_Q = 0.051151

--- Iteration 27 ---
U1 - Qu_upper = 0.035237, U2 - Qv_upper = 0.084089
eta = 0.7246, interval_left = 0.6655, interval_right = 0.8558
Q = 0.040582, term1 = 0.096532, term2 = 0.019322
best_Q = 0.030699890106916428, final_Q = 0.040582

--- Iteration 28 ---
U1 - Qu_upper = 0.035237, U2 - Qv_upper = 0.084089
eta = 0.7217, interval_left = 0.6655, interval_right = 0.8463
Q = 0.040811, term1 = 0.096532, term2 = 0.019322
best_Q = 0.030699890106916428, final_Q = 0.040811

--- Iteration 29 ---
U1 - Qu_upper = -0.014062, U2 - Qv_upper = 0.083956
eta = 0.6655, interval_left = 0.6655, interval_right = 0.8372
Q = 0.051810, term1 = 0.116402, term2 = 0.019345
best_Q = 0.030699890106916428, final_Q = 0.051810

--- Iteration 30 ---
U1 - Qu_upper = 0.037988, U2 - Qv_upper = 0.092132
eta = 0.7156, interval_left = 0.6655, interval_right = 0.8286
Q = 0.040186, term1 = 0.096123, term2 = 0.017959
best_Q = 0.030699890106916428, final_Q = 0.040186

--- Iteration 31 ---
U1 - Qu_upper = -0.021655, U2 - Qv_upper = 0.104912
eta = 0.6655, interval_left = 0.6655, interval_right = 0.8205
Q = 0.050395, term1 = 0.119026, term2 = 0.015899
best_Q = 0.030699890106916428, final_Q = 0.050395

--- Iteration 32 ---
U1 - Qu_upper = 0.042119, U2 - Qv_upper = 0.084089
eta = 0.7172, interval_left = 0.6655, interval_right = 0.8127
Q = 0.040316, term1 = 0.093563, term2 = 0.019322
best_Q = 0.030699890106916428, final_Q = 0.040316

--- Iteration 33 ---
U1 - Qu_upper = 0.042119, U2 - Qv_upper = 0.084089
eta = 0.7146, interval_left = 0.6655, interval_right = 0.8054
Q = 0.040508, term1 = 0.093563, term2 = 0.019322
best_Q = 0.030699890106916428, final_Q = 0.040508

--- Iteration 34 ---
U1 - Qu_upper = 0.037630, U2 - Qv_upper = 0.141259
eta = 0.6949, interval_left = 0.6655, interval_right = 0.7984
Q = 0.036443, term1 = 0.094957, term2 = 0.010755
best_Q = 0.030699890106916428, final_Q = 0.036443

--- Iteration 35 ---
U1 - Qu_upper = -0.072527, U2 - Qv_upper = 0.083876
eta = 0.6655, interval_left = 0.6655, interval_right = 0.7917
Q = 0.060307, term1 = 0.141775, term2 = 0.019359
best_Q = 0.030699890106916428, final_Q = 0.060307

--- Iteration 36 ---
U1 - Qu_upper = -0.076391, U2 - Qv_upper = 0.092132
eta = 0.6655, interval_left = 0.6655, interval_right = 0.7854
Q = 0.060129, term1 = 0.144029, term2 = 0.017959
best_Q = 0.030699890106916428, final_Q = 0.060129

--- Iteration 37 ---
U1 - Qu_upper = -0.103502, U2 - Qv_upper = 0.083677
eta = 0.6655, interval_left = 0.6655, interval_right = 0.7794
Q = 0.065564, term1 = 0.157422, term2 = 0.019393
best_Q = 0.030699890106916428, final_Q = 0.065564

--- Iteration 38 ---
U1 - Qu_upper = -0.174640, U2 - Qv_upper = 0.104912
eta = 0.6655, interval_left = 0.6655, interval_right = 0.7737
Q = 0.075510, term1 = 0.194112, term2 = 0.015899
best_Q = 0.030699890106916428, final_Q = 0.075510

--- Iteration 39 ---
U1 - Qu_upper = -0.107364, U2 - Qv_upper = 0.183810
eta = 0.6655, interval_left = 0.6655, interval_right = 0.7683
Q = 0.057121, term1 = 0.159273, term2 = 0.005778
best_Q = 0.030699890106916428, final_Q = 0.057121

--- Iteration 40 ---
U1 - Qu_upper = -0.068497, U2 - Qv_upper = 0.139069
eta = 0.6655, interval_left = 0.6655, interval_right = 0.7632
Q = 0.053606, term1 = 0.138864, term2 = 0.010754
best_Q = 0.030699890106916428, final_Q = 0.053606

--- Iteration 41 ---
U1 - Qu_upper = -0.032032, U2 - Qv_upper = 0.052131
eta = 0.6655, interval_left = 0.6655, interval_right = 0.7583
Q = 0.057768, term1 = 0.122259, term2 = 0.025354
best_Q = 0.030699890106916428, final_Q = 0.057768

--- Iteration 42 ---
U1 - Qu_upper = -0.051090, U2 - Qv_upper = 0.087682
eta = 0.6655, interval_left = 0.6655, interval_right = 0.7537
Q = 0.056390, term1 = 0.131159, term2 = 0.018810
best_Q = 0.030699890106916428, final_Q = 0.056390

--- Iteration 43 ---
U1 - Qu_upper = -0.008452, U2 - Qv_upper = 0.059105
eta = 0.6655, interval_left = 0.6655, interval_right = 0.7492
Q = 0.053731, term1 = 0.112902, term2 = 0.023991
best_Q = 0.030699890106916428, final_Q = 0.053731

--- Iteration 44 ---
U1 - Qu_upper = -0.008452, U2 - Qv_upper = 0.059105
eta = 0.6655, interval_left = 0.6655, interval_right = 0.7451
Q = 0.053731, term1 = 0.112902, term2 = 0.023991
best_Q = 0.030699890106916428, final_Q = 0.053731

--- Iteration 45 ---
U1 - Qu_upper = -0.009902, U2 - Qv_upper = 0.139073
eta = 0.6655, interval_left = 0.6655, interval_right = 0.7411
Q = 0.044988, term1 = 0.113100, term2 = 0.010753
best_Q = 0.030699890106916428, final_Q = 0.044988

--- Iteration 46 ---
U1 - Qu_upper = -0.068644, U2 - Qv_upper = 0.183829
eta = 0.6655, interval_left = 0.6655, interval_right = 0.7373
Q = 0.050821, term1 = 0.140439, term2 = 0.005776
best_Q = 0.030699890106916428, final_Q = 0.050821

--- Iteration 47 ---
U1 - Qu_upper = -0.010547, U2 - Qv_upper = 0.091301
eta = 0.6655, interval_left = 0.6655, interval_right = 0.7337
Q = 0.050480, term1 = 0.115185, term2 = 0.017957
best_Q = 0.030699890106916428, final_Q = 0.050480

--- Iteration 48 ---
U1 - Qu_upper = -0.070544, U2 - Qv_upper = 0.183823
eta = 0.6655, interval_left = 0.6655, interval_right = 0.7303
Q = 0.050991, term1 = 0.140947, term2 = 0.005777
best_Q = 0.030699890106916428, final_Q = 0.050991

--- Iteration 49 ---
U1 - Qu_upper = -0.012865, U2 - Qv_upper = 0.183833
eta = 0.6655, interval_left = 0.6655, interval_right = 0.7271
Q = 0.042759, term1 = 0.116338, term2 = 0.005776
best_Q = 0.030699890106916428, final_Q = 0.042759

--- Iteration 50 ---
U1 - Qu_upper = 0.021005, U2 - Qv_upper = 0.090769
eta = 0.6771, interval_left = 0.6655, interval_right = 0.7240
Q = 0.044980, term1 = 0.101636, term2 = 0.017957
best_Q = 0.030699890106916428, final_Q = 0.044980

--- Iteration 51 ---
U1 - Qu_upper = 0.021005, U2 - Qv_upper = 0.090769
eta = 0.6765, interval_left = 0.6655, interval_right = 0.7211
Q = 0.045028, term1 = 0.101636, term2 = 0.017957
best_Q = 0.030699890106916428, final_Q = 0.045028

--- Iteration 52 ---
U1 - Qu_upper = -0.019283, U2 - Qv_upper = 0.124427
eta = 0.6655, interval_left = 0.6655, interval_right = 0.7183
Q = 0.048079, term1 = 0.118315, term2 = 0.012777
best_Q = 0.030699890106916428, final_Q = 0.048079

--- Iteration 53 ---
U1 - Qu_upper = 0.023189, U2 - Qv_upper = 0.139478
eta = 0.6730, interval_left = 0.6655, interval_right = 0.7156
Q = 0.039994, term1 = 0.100181, term2 = 0.010753
best_Q = 0.030699890106916428, final_Q = 0.039994

--- Iteration 54 ---
U1 - Qu_upper = 0.021005, U2 - Qv_upper = 0.090769
eta = 0.6749, interval_left = 0.6655, interval_right = 0.7131
Q = 0.045159, term1 = 0.101636, term2 = 0.017957
best_Q = 0.030699890106916428, final_Q = 0.045159

--- Iteration 55 ---
U1 - Qu_upper = 0.021005, U2 - Qv_upper = 0.090769
eta = 0.6745, interval_left = 0.6655, interval_right = 0.7108
Q = 0.045199, term1 = 0.101636, term2 = 0.017957
best_Q = 0.030699890106916428, final_Q = 0.045199

--- Iteration 56 ---
U1 - Qu_upper = -0.040562, U2 - Qv_upper = 0.183827
eta = 0.6655, interval_left = 0.6655, interval_right = 0.7085
Q = 0.046316, term1 = 0.126971, term2 = 0.005777
best_Q = 0.030699890106916428, final_Q = 0.046316

--- Iteration 57 ---
U1 - Qu_upper = 0.024486, U2 - Qv_upper = 0.140171
eta = 0.6719, interval_left = 0.6655, interval_right = 0.7063
Q = 0.040095, term1 = 0.100181, term2 = 0.010753
best_Q = 0.030699890106916428, final_Q = 0.040095

--- Iteration 58 ---
U1 - Qu_upper = -0.015263, U2 - Qv_upper = 0.183597
eta = 0.6655, interval_left = 0.6655, interval_right = 0.7043
Q = 0.042759, term1 = 0.116338, term2 = 0.005776
best_Q = 0.030699890106916428, final_Q = 0.042759

--- Iteration 59 ---
U1 - Qu_upper = -0.064817, U2 - Qv_upper = -0.140257
eta = 0.6920, interval_left = 0.6674, interval_right = 0.7043
Q = 0.096461, term1 = 0.137635, term2 = 0.078138
best_Q = 0.030699890106916428, final_Q = 0.096461

--- Iteration 60 ---
U1 - Qu_upper = -0.014536, U2 - Qv_upper = 0.104492
eta = 0.6674, interval_left = 0.6674, interval_right = 0.7025
Q = 0.048968, term1 = 0.115342, term2 = 0.015897
best_Q = 0.030699890106916428, final_Q = 0.048968

--- Iteration 61 ---
U1 - Qu_upper = -0.002488, U2 - Qv_upper = 0.083709
eta = 0.6674, interval_left = 0.6674, interval_right = 0.7007
Q = 0.049527, term1 = 0.110150, term2 = 0.019321
best_Q = 0.030699890106916428, final_Q = 0.049527

--- Iteration 62 ---
U1 - Qu_upper = -0.042069, U2 - Qv_upper = 0.183100
eta = 0.6674, interval_left = 0.6674, interval_right = 0.6990
Q = 0.046081, term1 = 0.126971, term2 = 0.005777
best_Q = 0.030699890106916428, final_Q = 0.046081

--- Iteration 63 ---
U1 - Qu_upper = 0.022906, U2 - Qv_upper = 0.140743
eta = 0.6719, interval_left = 0.6674, interval_right = 0.6975
Q = 0.040097, term1 = 0.100181, term2 = 0.010753
best_Q = 0.030699890106916428, final_Q = 0.040097

--- Iteration 64 ---
U1 - Qu_upper = -0.016519, U2 - Qv_upper = 0.183108
eta = 0.6674, interval_left = 0.6674, interval_right = 0.6960
Q = 0.042545, term1 = 0.116338, term2 = 0.005776
best_Q = 0.030699890106916428, final_Q = 0.042545

--- Iteration 65 ---
U1 - Qu_upper = -0.007820, U2 - Qv_upper = 0.085204
eta = 0.6674, interval_left = 0.6674, interval_right = 0.6945
Q = 0.050230, term1 = 0.112925, term2 = 0.018991
best_Q = 0.030699890106916428, final_Q = 0.050230

--- Iteration 66 ---
U1 - Qu_upper = 0.018981, U2 - Qv_upper = 0.091309
eta = 0.6721, interval_left = 0.6674, interval_right = 0.6932
Q = 0.045395, term1 = 0.101636, term2 = 0.017957
best_Q = 0.030699890106916428, final_Q = 0.045395

--- Iteration 67 ---
U1 - Qu_upper = -0.016519, U2 - Qv_upper = 0.183108
eta = 0.6674, interval_left = 0.6674, interval_right = 0.6919
Q = 0.042545, term1 = 0.116338, term2 = 0.005776
best_Q = 0.030699890106916428, final_Q = 0.042545

--- Iteration 68 ---
U1 - Qu_upper = -0.064875, U2 - Qv_upper = -0.140460
eta = 0.6842, interval_left = 0.6687, interval_right = 0.6919
Q = 0.096929, term1 = 0.137635, term2 = 0.078138
best_Q = 0.030699890106916428, final_Q = 0.096929

--- Iteration 69 ---
U1 - Qu_upper = -0.016519, U2 - Qv_upper = 0.183108
eta = 0.6687, interval_left = 0.6687, interval_right = 0.6907
Q = 0.042409, term1 = 0.116338, term2 = 0.005776
best_Q = 0.030699890106916428, final_Q = 0.042409

--- Iteration 70 ---
U1 - Qu_upper = -0.041967, U2 - Qv_upper = 0.183098
eta = 0.6687, interval_left = 0.6687, interval_right = 0.6896
Q = 0.045933, term1 = 0.126971, term2 = 0.005777
best_Q = 0.030699890106916428, final_Q = 0.045933

--- Iteration 71 ---
U1 - Qu_upper = -0.016022, U2 - Qv_upper = 0.103370
eta = 0.6687, interval_left = 0.6687, interval_right = 0.6886
Q = 0.048847, term1 = 0.115342, term2 = 0.015897
best_Q = 0.030699890106916428, final_Q = 0.048847

--- Iteration 72 ---
U1 - Qu_upper = 0.023602, U2 - Qv_upper = 0.139367
eta = 0.6716, interval_left = 0.6687, interval_right = 0.6876
Q = 0.040126, term1 = 0.100181, term2 = 0.010753
best_Q = 0.030699890106916428, final_Q = 0.040126

--- Iteration 73 ---
U1 - Qu_upper = 0.019008, U2 - Qv_upper = 0.090684
eta = 0.6719, interval_left = 0.6687, interval_right = 0.6866
Q = 0.045409, term1 = 0.101636, term2 = 0.017957
best_Q = 0.030699890106916428, final_Q = 0.045409

--- Iteration 74 ---
U1 - Qu_upper = 0.023602, U2 - Qv_upper = 0.139367
eta = 0.6713, interval_left = 0.6687, interval_right = 0.6857
Q = 0.040151, term1 = 0.100181, term2 = 0.010753
best_Q = 0.030699890106916428, final_Q = 0.040151

--- Iteration 75 ---
U1 - Qu_upper = -0.042877, U2 - Qv_upper = 0.183190
eta = 0.6687, interval_left = 0.6687, interval_right = 0.6849
Q = 0.045933, term1 = 0.126971, term2 = 0.005777
best_Q = 0.030699890106916428, final_Q = 0.045933

--- Iteration 76 ---
U1 - Qu_upper = 0.023602, U2 - Qv_upper = 0.139367
eta = 0.6710, interval_left = 0.6687, interval_right = 0.6841
Q = 0.040174, term1 = 0.100181, term2 = 0.010753
best_Q = 0.030699890106916428, final_Q = 0.040174

--- Iteration 77 ---
U1 - Qu_upper = 0.023602, U2 - Qv_upper = 0.139367
eta = 0.6709, interval_left = 0.6687, interval_right = 0.6833
Q = 0.040184, term1 = 0.100181, term2 = 0.010753
best_Q = 0.030699890106916428, final_Q = 0.040184

--- Iteration 78 ---
U1 - Qu_upper = -0.002015, U2 - Qv_upper = 0.082694
eta = 0.6687, interval_left = 0.6687, interval_right = 0.6826
Q = 0.049416, term1 = 0.110150, term2 = 0.019321
best_Q = 0.030699890106916428, final_Q = 0.049416

--- Iteration 79 ---
U1 - Qu_upper = -0.017356, U2 - Qv_upper = 0.183192
eta = 0.6687, interval_left = 0.6687, interval_right = 0.6819
Q = 0.042409, term1 = 0.116338, term2 = 0.005776
best_Q = 0.030699890106916428, final_Q = 0.042409

--- Iteration 80 ---
U1 - Qu_upper = 0.024360, U2 - Qv_upper = 0.140357
eta = 0.6706, interval_left = 0.6687, interval_right = 0.6812
Q = 0.040209, term1 = 0.100181, term2 = 0.010753
best_Q = 0.030699890106916428, final_Q = 0.040209

--- Iteration 81 ---
U1 - Qu_upper = -0.000873, U2 - Qv_upper = 0.083425
eta = 0.6687, interval_left = 0.6687, interval_right = 0.6806
Q = 0.049416, term1 = 0.110150, term2 = 0.019321
best_Q = 0.030699890106916428, final_Q = 0.049416

--- Iteration 82 ---
U1 - Qu_upper = -0.021234, U2 - Qv_upper = 0.125230
eta = 0.6687, interval_left = 0.6687, interval_right = 0.6800
Q = 0.047745, term1 = 0.118315, term2 = 0.012777
best_Q = 0.030699890106916428, final_Q = 0.047745

--- Iteration 83 ---
U1 - Qu_upper = -0.021234, U2 - Qv_upper = 0.125230
eta = 0.6687, interval_left = 0.6687, interval_right = 0.6794
Q = 0.047745, term1 = 0.118315, term2 = 0.012777
best_Q = 0.030699890106916428, final_Q = 0.047745

--- Iteration 84 ---
U1 - Qu_upper = -0.064908, U2 - Qv_upper = -0.140396
eta = 0.6760, interval_left = 0.6692, interval_right = 0.6794
Q = 0.097414, term1 = 0.137635, term2 = 0.078138
best_Q = 0.030699890106916428, final_Q = 0.097414

--- Iteration 85 ---
U1 - Qu_upper = -0.014866, U2 - Qv_upper = 0.183909
eta = 0.6692, interval_left = 0.6692, interval_right = 0.6789
Q = 0.042350, term1 = 0.116338, term2 = 0.005776
best_Q = 0.030699890106916428, final_Q = 0.042350

--- Iteration 86 ---
U1 - Qu_upper = -0.013920, U2 - Qv_upper = 0.104178
eta = 0.6692, interval_left = 0.6692, interval_right = 0.6784
Q = 0.048793, term1 = 0.115342, term2 = 0.015897
best_Q = 0.030699890106916428, final_Q = 0.048793

--- Iteration 87 ---
U1 - Qu_upper = -0.021278, U2 - Qv_upper = 0.125230
eta = 0.6692, interval_left = 0.6692, interval_right = 0.6780
Q = 0.047688, term1 = 0.118315, term2 = 0.012777
best_Q = 0.030699890106916428, final_Q = 0.047688

--- Iteration 88 ---
U1 - Qu_upper = -0.041677, U2 - Qv_upper = 0.183901
eta = 0.6692, interval_left = 0.6692, interval_right = 0.6775
Q = 0.045868, term1 = 0.126971, term2 = 0.005777
best_Q = 0.030699890106916428, final_Q = 0.045868

--- Iteration 89 ---
U1 - Qu_upper = -0.014866, U2 - Qv_upper = 0.183909
eta = 0.6692, interval_left = 0.6692, interval_right = 0.6771
Q = 0.042350, term1 = 0.116338, term2 = 0.005776
best_Q = 0.030699890106916428, final_Q = 0.042350

--- Iteration 90 ---
U1 - Qu_upper = 0.024375, U2 - Qv_upper = 0.140357
eta = 0.6704, interval_left = 0.6692, interval_right = 0.6767
Q = 0.040231, term1 = 0.100181, term2 = 0.010753
best_Q = 0.030699890106916428, final_Q = 0.040231

--- Iteration 91 ---
U1 - Qu_upper = -0.015669, U2 - Qv_upper = 0.183192
eta = 0.6692, interval_left = 0.6692, interval_right = 0.6763
Q = 0.042350, term1 = 0.116338, term2 = 0.005776
best_Q = 0.030699890106916428, final_Q = 0.042350

--- Iteration 92 ---
U1 - Qu_upper = -0.015669, U2 - Qv_upper = 0.183192
eta = 0.6692, interval_left = 0.6692, interval_right = 0.6760
Q = 0.042350, term1 = 0.116338, term2 = 0.005776
best_Q = 0.030699890106916428, final_Q = 0.042350

--- Iteration 93 ---
U1 - Qu_upper = 0.023437, U2 - Qv_upper = 0.139367
eta = 0.6702, interval_left = 0.6692, interval_right = 0.6756
Q = 0.040248, term1 = 0.100181, term2 = 0.010753
best_Q = 0.030699890106916428, final_Q = 0.040248

--- Iteration 94 ---
U1 - Qu_upper = -0.042201, U2 - Qv_upper = 0.183190
eta = 0.6692, interval_left = 0.6692, interval_right = 0.6753
Q = 0.045868, term1 = 0.126971, term2 = 0.005777
best_Q = 0.030699890106916428, final_Q = 0.045868

--- Iteration 95 ---
U1 - Qu_upper = 0.023437, U2 - Qv_upper = 0.139367
eta = 0.6701, interval_left = 0.6692, interval_right = 0.6750
Q = 0.040257, term1 = 0.100181, term2 = 0.010753
best_Q = 0.030699890106916428, final_Q = 0.040257

--- Iteration 96 ---
U1 - Qu_upper = -0.014585, U2 - Qv_upper = 0.103370
eta = 0.6692, interval_left = 0.6692, interval_right = 0.6747
Q = 0.048793, term1 = 0.115342, term2 = 0.015897
best_Q = 0.030699890106916428, final_Q = 0.048793

--- Iteration 97 ---
U1 - Qu_upper = -0.015669, U2 - Qv_upper = 0.183192
eta = 0.6692, interval_left = 0.6692, interval_right = 0.6745
Q = 0.042350, term1 = 0.116338, term2 = 0.005776
best_Q = 0.030699890106916428, final_Q = 0.042350

--- Iteration 98 ---
U1 - Qu_upper = -0.021654, U2 - Qv_upper = 0.124325
eta = 0.6692, interval_left = 0.6692, interval_right = 0.6742
Q = 0.047688, term1 = 0.118315, term2 = 0.012777
best_Q = 0.030699890106916428, final_Q = 0.047688

--- Iteration 99 ---
U1 - Qu_upper = 0.020349, U2 - Qv_upper = 0.090684
eta = 0.6701, interval_left = 0.6692, interval_right = 0.6739
Q = 0.045562, term1 = 0.101636, term2 = 0.017957
best_Q = 0.030699890106916428, final_Q = 0.045562
Optimization End
📁 Visualization directory ensured: /work3/s232263/DCE_Results/german_credit/MLP/DCE_u1=0.5,u2=0.3,l=0.2,r=1.0,mi=100,tk=1,nt=10/cone_all_Bayesian_cs=1.2,ct=0.1,temp=2.0/seed_456_20250805_055643/visualizations
Model saved to: /work3/s232263/DCE_Results/german_credit/MLP/DCE_u1=0.5,u2=0.3,l=0.2,r=1.0,mi=100,tk=1,nt=10/cone_all_Bayesian_cs=1.2,ct=0.1,temp=2.0/seed_456_20250805_055643/model.pkl
Best results saved to: /work3/s232263/DCE_Results/german_credit/MLP/DCE_u1=0.5,u2=0.3,l=0.2,r=1.0,mi=100,tk=1,nt=10/cone_all_Bayesian_cs=1.2,ct=0.1,temp=2.0/seed_456_20250805_055643
Final results saved to: /work3/s232263/DCE_Results/german_credit/MLP/DCE_u1=0.5,u2=0.3,l=0.2,r=1.0,mi=100,tk=1,nt=10/cone_all_Bayesian_cs=1.2,ct=0.1,temp=2.0/seed_456_20250805_055643
Optimization log saved to: /work3/s232263/DCE_Results/german_credit/MLP/DCE_u1=0.5,u2=0.3,l=0.2,r=1.0,mi=100,tk=1,nt=10/cone_all_Bayesian_cs=1.2,ct=0.1,temp=2.0/seed_456_20250805_055643
All results successfully saved to: /work3/s232263/DCE_Results/german_credit/MLP/DCE_u1=0.5,u2=0.3,l=0.2,r=1.0,mi=100,tk=1,nt=10/cone_all_Bayesian_cs=1.2,ct=0.1,temp=2.0/seed_456_20250805_055643
Visualizations will be saved to: /work3/s232263/DCE_Results/german_credit/MLP/DCE_u1=0.5,u2=0.3,l=0.2,r=1.0,mi=100,tk=1,nt=10/cone_all_Bayesian_cs=1.2,ct=0.1,temp=2.0/seed_456_20250805_055643/visualizations
✅ DCE explanation completed!
🎯 Best Q: 0.030700
📊 Final Q: 0.045562
🎉 Found feasible solution: True
💾 Results saved to: /work3/s232263/DCE_Results/german_credit/MLP/DCE_u1=0.5,u2=0.3,l=0.2,r=1.0,mi=100,tk=1,nt=10/cone_all_Bayesian_cs=1.2,ct=0.1,temp=2.0/seed_456_20250805_055643
📊 Calculating metrics...
✅ Data processed for metrics calculation
   Coverage Rate: 0.740
   MMD: 0.011
   OT Distance: 0.0651
   Percentile Differences:
     0-15%: 14.245%
     15-30%: 28.613%
     30-70%: 238.071%
     70-85%: 383.942%
     85-100%: 24.183%
   AReS Cost: 4.986
💾 Metrics saved to: /work3/s232263/DCE_Results/german_credit/MLP/DCE_u1=0.5,u2=0.3,l=0.2,r=1.0,mi=100,tk=1,nt=10/cone_all_Bayesian_cs=1.2,ct=0.1,temp=2.0/seed_456_20250805_055643/metrics_summary.json

============================================================
🎲 Running experiment: differential_evolution (alias: de_demo)
============================================================
🎯 Creating strategy: differential_evolution (alias: de_demo)
🧭 Full cone sampling mode (both categorical and continuous)
📐 Cone angle: 45.0° (0.785 rad)
🚀 Starting DCE explanation...
📍 Using original factual data as starting point (X_init=False)
Results will be saved to: /work3/s232263/DCE_Results/german_credit/MLP/DCE_u1=0.5,u2=0.3,l=0.2,r=1.0,mi=100,tk=1,nt=10/cone_all_DifferentialEvolution_F=0.5,CR=0.9,cs=1.2,ct=0.1,temp=2.0/seed_456_20250805_062319
📁 Initial data saved:
   - x_true.csv: (50, 9)
   - y_true.csv: (50, 1)
   - y_target.csv: (50,)
Training Start
Optimization Start

--- Iteration 0 ---
U1 - Qu_upper = 0.500000, U2 - Qv_upper = -0.206617
eta = 1.0000, interval_left = 0.2400, interval_right = 1.0000
Q = 0.115700, term1 = 0.000000, term2 = 0.115700
best_Q = inf, final_Q = 0.115700

--- Iteration 1 ---
U1 - Qu_upper = 0.493781, U2 - Qv_upper = -0.175440
eta = 1.0000, interval_left = 0.2780, interval_right = 1.0000
Q = 0.097165, term1 = 0.003032, term2 = 0.097165
best_Q = inf, final_Q = 0.097165

--- Iteration 2 ---
U1 - Qu_upper = 0.420027, U2 - Qv_upper = -0.136204
eta = 1.0000, interval_left = 0.3141, interval_right = 1.0000
Q = 0.079940, term1 = 0.006960, term2 = 0.079940
best_Q = inf, final_Q = 0.079940

--- Iteration 3 ---
U1 - Qu_upper = 0.367797, U2 - Qv_upper = -0.088655
eta = 1.0000, interval_left = 0.3484, interval_right = 1.0000
Q = 0.062969, term1 = 0.011973, term2 = 0.062969
best_Q = inf, final_Q = 0.062969

--- Iteration 4 ---
U1 - Qu_upper = 0.384280, U2 - Qv_upper = -0.029328
eta = 1.0000, interval_left = 0.3810, interval_right = 1.0000
Q = 0.045772, term1 = 0.010457, term2 = 0.045772
best_Q = inf, final_Q = 0.045772

--- Iteration 5 ---
U1 - Qu_upper = 0.359900, U2 - Qv_upper = 0.009157
eta = 0.9846, interval_left = 0.4119, interval_right = 1.0000
Q = 0.034850, term1 = 0.013328, term2 = 0.035186
🌟 New best Q found: 0.034850 at iter 5
best_Q = 0.03484993800520897, final_Q = 0.034850

--- Iteration 6 ---
U1 - Qu_upper = 0.337817, U2 - Qv_upper = 0.056250
eta = 0.9161, interval_left = 0.4413, interval_right = 1.0000
Q = 0.024036, term1 = 0.016034, term2 = 0.024769
🌟 New best Q found: 0.024036 at iter 6
best_Q = 0.02403554506599903, final_Q = 0.024036

--- Iteration 7 ---
U1 - Qu_upper = 0.349340, U2 - Qv_upper = 0.115637
eta = 0.8611, interval_left = 0.4693, interval_right = 1.0000
Q = 0.014480, term1 = 0.014141, term2 = 0.014534
🌟 New best Q found: 0.014480 at iter 7
best_Q = 0.014479628764092922, final_Q = 0.014480

--- Iteration 8 ---
U1 - Qu_upper = 0.345666, U2 - Qv_upper = 0.160433
eta = 0.8318, interval_left = 0.4958, interval_right = 1.0000
Q = 0.009407, term1 = 0.014653, term2 = 0.008346
🌟 New best Q found: 0.009407 at iter 8
best_Q = 0.009407080709934235, final_Q = 0.009407

--- Iteration 9 ---
U1 - Qu_upper = 0.327920, U2 - Qv_upper = 0.201254
eta = 0.8082, interval_left = 0.5210, interval_right = 1.0000
Q = 0.006701, term1 = 0.016936, term2 = 0.004273
🌟 New best Q found: 0.006701 at iter 9
best_Q = 0.006700853817164898, final_Q = 0.006701

--- Iteration 10 ---
U1 - Qu_upper = 0.330230, U2 - Qv_upper = 0.224978
eta = 0.8059, interval_left = 0.5450, interval_right = 1.0000
Q = 0.005287, term1 = 0.016835, term2 = 0.002505
🌟 New best Q found: 0.005287 at iter 10
best_Q = 0.00528661860153079, final_Q = 0.005287

--- Iteration 11 ---
U1 - Qu_upper = 0.323618, U2 - Qv_upper = 0.262924
eta = 0.7960, interval_left = 0.5677, interval_right = 1.0000
Q = 0.004280, term1 = 0.018162, term2 = 0.000723
🌟 New best Q found: 0.004280 at iter 11
best_Q = 0.0042799911461770535, final_Q = 0.004280

--- Iteration 12 ---
U1 - Qu_upper = 0.329806, U2 - Qv_upper = 0.266925
eta = 0.8066, interval_left = 0.5893, interval_right = 1.0000
Q = 0.003841, term1 = 0.017247, term2 = 0.000628
🌟 New best Q found: 0.003841 at iter 12
best_Q = 0.0038413871079683304, final_Q = 0.003841

--- Iteration 13 ---
U1 - Qu_upper = 0.329806, U2 - Qv_upper = 0.266925
eta = 0.8163, interval_left = 0.6099, interval_right = 1.0000
Q = 0.003681, term1 = 0.017247, term2 = 0.000628
🌟 New best Q found: 0.003681 at iter 13
best_Q = 0.0036807057913392782, final_Q = 0.003681

--- Iteration 14 ---
U1 - Qu_upper = 0.329806, U2 - Qv_upper = 0.266925
eta = 0.8255, interval_left = 0.6294, interval_right = 1.0000
Q = 0.003528, term1 = 0.017247, term2 = 0.000628
🌟 New best Q found: 0.003528 at iter 14
best_Q = 0.0035280585289001465, final_Q = 0.003528

--- Iteration 15 ---
U1 - Qu_upper = 0.329806, U2 - Qv_upper = 0.266925
eta = 0.8342, interval_left = 0.6479, interval_right = 1.0000
Q = 0.003383, term1 = 0.017247, term2 = 0.000628
🌟 New best Q found: 0.003383 at iter 15
best_Q = 0.0033830436877906322, final_Q = 0.003383

--- Iteration 16 ---
U1 - Qu_upper = 0.329806, U2 - Qv_upper = 0.266925
eta = 0.8425, interval_left = 0.6655, interval_right = 1.0000
Q = 0.003245, term1 = 0.017247, term2 = 0.000628
🌟 New best Q found: 0.003245 at iter 16
best_Q = 0.003245279658585787, final_Q = 0.003245

--- Iteration 17 ---
U1 - Qu_upper = 0.329806, U2 - Qv_upper = 0.266925
eta = 0.8504, interval_left = 0.6822, interval_right = 1.0000
Q = 0.003114, term1 = 0.017247, term2 = 0.000628
🌟 New best Q found: 0.003114 at iter 17
best_Q = 0.00311440322548151, final_Q = 0.003114

--- Iteration 18 ---
U1 - Qu_upper = 0.329806, U2 - Qv_upper = 0.266925
eta = 0.8579, interval_left = 0.6981, interval_right = 1.0000
Q = 0.002990, term1 = 0.017247, term2 = 0.000628
🌟 New best Q found: 0.002990 at iter 18
best_Q = 0.0029900711961090565, final_Q = 0.002990

--- Iteration 19 ---
U1 - Qu_upper = 0.329806, U2 - Qv_upper = 0.266925
eta = 0.8650, interval_left = 0.7132, interval_right = 1.0000
Q = 0.002872, term1 = 0.017247, term2 = 0.000628
🌟 New best Q found: 0.002872 at iter 19
best_Q = 0.0028719559777528048, final_Q = 0.002872

--- Iteration 20 ---
U1 - Qu_upper = 0.329806, U2 - Qv_upper = 0.266925
eta = 0.8717, interval_left = 0.7276, interval_right = 1.0000
Q = 0.002760, term1 = 0.017247, term2 = 0.000628
🌟 New best Q found: 0.002760 at iter 20
best_Q = 0.002759746043011546, final_Q = 0.002760

--- Iteration 21 ---
U1 - Qu_upper = 0.329806, U2 - Qv_upper = 0.266925
eta = 0.8781, interval_left = 0.7412, interval_right = 1.0000
Q = 0.002653, term1 = 0.017247, term2 = 0.000628
🌟 New best Q found: 0.002653 at iter 21
best_Q = 0.002653146628290415, final_Q = 0.002653

--- Iteration 22 ---
U1 - Qu_upper = 0.329806, U2 - Qv_upper = 0.266925
eta = 0.8842, interval_left = 0.7541, interval_right = 1.0000
Q = 0.002552, term1 = 0.017247, term2 = 0.000628
🌟 New best Q found: 0.002552 at iter 22
best_Q = 0.0025518774054944515, final_Q = 0.002552

--- Iteration 23 ---
U1 - Qu_upper = 0.329806, U2 - Qv_upper = 0.266925
eta = 0.8900, interval_left = 0.7664, interval_right = 1.0000
Q = 0.002456, term1 = 0.017247, term2 = 0.000628
🌟 New best Q found: 0.002456 at iter 23
best_Q = 0.002455671550706029, final_Q = 0.002456

--- Iteration 24 ---
U1 - Qu_upper = 0.329806, U2 - Qv_upper = 0.266925
eta = 0.8955, interval_left = 0.7781, interval_right = 1.0000
Q = 0.002364, term1 = 0.017247, term2 = 0.000628
🌟 New best Q found: 0.002364 at iter 24
best_Q = 0.0023642759770154953, final_Q = 0.002364

--- Iteration 25 ---
U1 - Qu_upper = 0.329806, U2 - Qv_upper = 0.266925
eta = 0.9007, interval_left = 0.7892, interval_right = 1.0000
Q = 0.002277, term1 = 0.017247, term2 = 0.000628
🌟 New best Q found: 0.002277 at iter 25
best_Q = 0.0022774504031986, final_Q = 0.002277

--- Iteration 26 ---
U1 - Qu_upper = 0.329806, U2 - Qv_upper = 0.266925
eta = 0.9057, interval_left = 0.7997, interval_right = 1.0000
Q = 0.002195, term1 = 0.017247, term2 = 0.000628
🌟 New best Q found: 0.002195 at iter 26
best_Q = 0.0021949659567326307, final_Q = 0.002195

--- Iteration 27 ---
U1 - Qu_upper = 0.329806, U2 - Qv_upper = 0.266925
eta = 0.9104, interval_left = 0.8097, interval_right = 1.0000
Q = 0.002117, term1 = 0.017247, term2 = 0.000628
🌟 New best Q found: 0.002117 at iter 27
best_Q = 0.0021166056394577026, final_Q = 0.002117

--- Iteration 28 ---
U1 - Qu_upper = 0.329806, U2 - Qv_upper = 0.266925
eta = 0.9149, interval_left = 0.8193, interval_right = 1.0000
Q = 0.002042, term1 = 0.017247, term2 = 0.000628
🌟 New best Q found: 0.002042 at iter 28
best_Q = 0.002042163396254182, final_Q = 0.002042

--- Iteration 29 ---
U1 - Qu_upper = 0.329806, U2 - Qv_upper = 0.266925
eta = 0.9191, interval_left = 0.8283, interval_right = 1.0000
Q = 0.001971, term1 = 0.017247, term2 = 0.000628
🌟 New best Q found: 0.001971 at iter 29
best_Q = 0.001971443183720112, final_Q = 0.001971

--- Iteration 30 ---
U1 - Qu_upper = 0.329806, U2 - Qv_upper = 0.266925
eta = 0.9232, interval_left = 0.8369, interval_right = 1.0000
Q = 0.001904, term1 = 0.017247, term2 = 0.000628
🌟 New best Q found: 0.001904 at iter 30
best_Q = 0.001904259086586535, final_Q = 0.001904

--- Iteration 31 ---
U1 - Qu_upper = 0.329806, U2 - Qv_upper = 0.266925
eta = 0.9270, interval_left = 0.8450, interval_right = 1.0000
Q = 0.001840, term1 = 0.017247, term2 = 0.000628
🌟 New best Q found: 0.001840 at iter 31
best_Q = 0.0018404341535642743, final_Q = 0.001840

--- Iteration 32 ---
U1 - Qu_upper = 0.329806, U2 - Qv_upper = 0.266925
eta = 0.9307, interval_left = 0.8528, interval_right = 1.0000
Q = 0.001780, term1 = 0.017247, term2 = 0.000628
🌟 New best Q found: 0.001780 at iter 32
best_Q = 0.0017798005137592554, final_Q = 0.001780

--- Iteration 33 ---
U1 - Qu_upper = 0.329806, U2 - Qv_upper = 0.266925
eta = 0.9341, interval_left = 0.8601, interval_right = 1.0000
Q = 0.001722, term1 = 0.017247, term2 = 0.000628
🌟 New best Q found: 0.001722 at iter 33
best_Q = 0.0017221984453499317, final_Q = 0.001722

--- Iteration 34 ---
U1 - Qu_upper = 0.329806, U2 - Qv_upper = 0.266925
eta = 0.9374, interval_left = 0.8671, interval_right = 1.0000
Q = 0.001667, term1 = 0.017247, term2 = 0.000628
🌟 New best Q found: 0.001667 at iter 34
best_Q = 0.0016674764920026064, final_Q = 0.001667

--- Iteration 35 ---
U1 - Qu_upper = 0.329806, U2 - Qv_upper = 0.266925
eta = 0.9406, interval_left = 0.8738, interval_right = 1.0000
Q = 0.001615, term1 = 0.017247, term2 = 0.000628
🌟 New best Q found: 0.001615 at iter 35
best_Q = 0.0016154907643795013, final_Q = 0.001615

--- Iteration 36 ---
U1 - Qu_upper = 0.329806, U2 - Qv_upper = 0.266925
eta = 0.9435, interval_left = 0.8801, interval_right = 1.0000
Q = 0.001566, term1 = 0.017247, term2 = 0.000628
🌟 New best Q found: 0.001566 at iter 36
best_Q = 0.001566104358062148, final_Q = 0.001566

--- Iteration 37 ---
U1 - Qu_upper = 0.329806, U2 - Qv_upper = 0.266925
eta = 0.9464, interval_left = 0.8861, interval_right = 1.0000
Q = 0.001519, term1 = 0.017247, term2 = 0.000628
🌟 New best Q found: 0.001519 at iter 37
best_Q = 0.0015191871207207441, final_Q = 0.001519

--- Iteration 38 ---
U1 - Qu_upper = 0.311610, U2 - Qv_upper = 0.279064
eta = 0.9462, interval_left = 0.8918, interval_right = 1.0000
Q = 0.001464, term1 = 0.020248, term2 = 0.000396
🌟 New best Q found: 0.001464 at iter 38
best_Q = 0.0014643485192209482, final_Q = 0.001464

--- Iteration 39 ---
U1 - Qu_upper = 0.311610, U2 - Qv_upper = 0.279064
eta = 0.9489, interval_left = 0.8972, interval_right = 1.0000
Q = 0.001411, term1 = 0.020248, term2 = 0.000396
🌟 New best Q found: 0.001411 at iter 39
best_Q = 0.0014109272742643952, final_Q = 0.001411

--- Iteration 40 ---
U1 - Qu_upper = 0.311610, U2 - Qv_upper = 0.279064
eta = 0.9514, interval_left = 0.9023, interval_right = 1.0000
Q = 0.001360, term1 = 0.020248, term2 = 0.000396
🌟 New best Q found: 0.001360 at iter 40
best_Q = 0.0013601771788671613, final_Q = 0.001360

--- Iteration 41 ---
U1 - Qu_upper = 0.311610, U2 - Qv_upper = 0.279064
eta = 0.9539, interval_left = 0.9072, interval_right = 1.0000
Q = 0.001312, term1 = 0.020248, term2 = 0.000396
🌟 New best Q found: 0.001312 at iter 41
best_Q = 0.001311964588239789, final_Q = 0.001312

--- Iteration 42 ---
U1 - Qu_upper = 0.311610, U2 - Qv_upper = 0.279064
eta = 0.9562, interval_left = 0.9119, interval_right = 1.0000
Q = 0.001266, term1 = 0.020248, term2 = 0.000396
🌟 New best Q found: 0.001266 at iter 42
best_Q = 0.001266162609681487, final_Q = 0.001266

--- Iteration 43 ---
U1 - Qu_upper = 0.311610, U2 - Qv_upper = 0.279064
eta = 0.9584, interval_left = 0.9163, interval_right = 1.0000
Q = 0.001223, term1 = 0.020248, term2 = 0.000396
🌟 New best Q found: 0.001223 at iter 43
best_Q = 0.0012226507533341646, final_Q = 0.001223

--- Iteration 44 ---
U1 - Qu_upper = 0.311610, U2 - Qv_upper = 0.279064
eta = 0.9604, interval_left = 0.9204, interval_right = 1.0000
Q = 0.001181, term1 = 0.020248, term2 = 0.000396
🌟 New best Q found: 0.001181 at iter 44
best_Q = 0.0011813145829364657, final_Q = 0.001181

--- Iteration 45 ---
U1 - Qu_upper = 0.311610, U2 - Qv_upper = 0.279064
eta = 0.9624, interval_left = 0.9244, interval_right = 1.0000
Q = 0.001142, term1 = 0.020248, term2 = 0.000396
🌟 New best Q found: 0.001142 at iter 45
best_Q = 0.0011420450173318386, final_Q = 0.001142

--- Iteration 46 ---
U1 - Qu_upper = 0.311610, U2 - Qv_upper = 0.279064
eta = 0.9643, interval_left = 0.9282, interval_right = 1.0000
Q = 0.001105, term1 = 0.020248, term2 = 0.000396
🌟 New best Q found: 0.001105 at iter 46
best_Q = 0.0011047391453757882, final_Q = 0.001105

--- Iteration 47 ---
U1 - Qu_upper = 0.311610, U2 - Qv_upper = 0.279064
eta = 0.9661, interval_left = 0.9318, interval_right = 1.0000
Q = 0.001069, term1 = 0.020248, term2 = 0.000396
🌟 New best Q found: 0.001069 at iter 47
best_Q = 0.001069298479706049, final_Q = 0.001069

--- Iteration 48 ---
U1 - Qu_upper = 0.311610, U2 - Qv_upper = 0.279064
eta = 0.9678, interval_left = 0.9352, interval_right = 1.0000
Q = 0.001036, term1 = 0.020248, term2 = 0.000396
🌟 New best Q found: 0.001036 at iter 48
best_Q = 0.0010356298880651593, final_Q = 0.001036

--- Iteration 49 ---
U1 - Qu_upper = 0.311610, U2 - Qv_upper = 0.279064
eta = 0.9694, interval_left = 0.9384, interval_right = 1.0000
Q = 0.001004, term1 = 0.020248, term2 = 0.000396
🌟 New best Q found: 0.001004 at iter 49
best_Q = 0.0010036446619778872, final_Q = 0.001004

--- Iteration 50 ---
U1 - Qu_upper = 0.311610, U2 - Qv_upper = 0.279064
eta = 0.9709, interval_left = 0.9415, interval_right = 1.0000
Q = 0.000973, term1 = 0.020248, term2 = 0.000396
🌟 New best Q found: 0.000973 at iter 50
best_Q = 0.0009732586331665516, final_Q = 0.000973

--- Iteration 51 ---
U1 - Qu_upper = 0.311610, U2 - Qv_upper = 0.279064
eta = 0.9724, interval_left = 0.9444, interval_right = 1.0000
Q = 0.000944, term1 = 0.020248, term2 = 0.000396
🌟 New best Q found: 0.000944 at iter 51
best_Q = 0.0009443919989280403, final_Q = 0.000944

--- Iteration 52 ---
U1 - Qu_upper = 0.311610, U2 - Qv_upper = 0.279064
eta = 0.9738, interval_left = 0.9472, interval_right = 1.0000
Q = 0.000917, term1 = 0.020248, term2 = 0.000396
🌟 New best Q found: 0.000917 at iter 52
best_Q = 0.0009169686818495393, final_Q = 0.000917

--- Iteration 53 ---
U1 - Qu_upper = 0.311610, U2 - Qv_upper = 0.279064
eta = 0.9751, interval_left = 0.9499, interval_right = 1.0000
Q = 0.000891, term1 = 0.020248, term2 = 0.000396
🌟 New best Q found: 0.000891 at iter 53
best_Q = 0.0008909165626391768, final_Q = 0.000891

--- Iteration 54 ---
U1 - Qu_upper = 0.311610, U2 - Qv_upper = 0.279064
eta = 0.9763, interval_left = 0.9524, interval_right = 1.0000
Q = 0.000866, term1 = 0.020248, term2 = 0.000396
🌟 New best Q found: 0.000866 at iter 54
best_Q = 0.0008661669562570751, final_Q = 0.000866

--- Iteration 55 ---
U1 - Qu_upper = 0.311610, U2 - Qv_upper = 0.279064
eta = 0.9775, interval_left = 0.9548, interval_right = 1.0000
Q = 0.000843, term1 = 0.020248, term2 = 0.000396
🌟 New best Q found: 0.000843 at iter 55
best_Q = 0.0008426549611613154, final_Q = 0.000843

--- Iteration 56 ---
U1 - Qu_upper = 0.311610, U2 - Qv_upper = 0.279064
eta = 0.9786, interval_left = 0.9570, interval_right = 1.0000
Q = 0.000820, term1 = 0.020248, term2 = 0.000396
🌟 New best Q found: 0.000820 at iter 56
best_Q = 0.0008203184115700424, final_Q = 0.000820

--- Iteration 57 ---
U1 - Qu_upper = 0.311610, U2 - Qv_upper = 0.279064
eta = 0.9797, interval_left = 0.9592, interval_right = 1.0000
Q = 0.000799, term1 = 0.020248, term2 = 0.000396
🌟 New best Q found: 0.000799 at iter 57
best_Q = 0.0007990987505763769, final_Q = 0.000799

--- Iteration 58 ---
U1 - Qu_upper = 0.281732, U2 - Qv_upper = 0.286325
eta = 0.9794, interval_left = 0.9592, interval_right = 0.9980
Q = 0.000806, term1 = 0.025285, term2 = 0.000291
best_Q = 0.0007990987505763769, final_Q = 0.000806

--- Iteration 59 ---
U1 - Qu_upper = 0.293045, U2 - Qv_upper = 0.284127
eta = 0.9789, interval_left = 0.9611, interval_right = 0.9980
Q = 0.000814, term1 = 0.023772, term2 = 0.000318
best_Q = 0.0007990987505763769, final_Q = 0.000814

--- Iteration 60 ---
U1 - Qu_upper = 0.293045, U2 - Qv_upper = 0.284127
eta = 0.9798, interval_left = 0.9629, interval_right = 0.9980
Q = 0.000791, term1 = 0.023772, term2 = 0.000318
🌟 New best Q found: 0.000791 at iter 60
best_Q = 0.0007911613211035728, final_Q = 0.000791

--- Iteration 61 ---
U1 - Qu_upper = 0.287425, U2 - Qv_upper = 0.295893
eta = 0.9802, interval_left = 0.9629, interval_right = 0.9962
Q = 0.000721, term1 = 0.024966, term2 = 0.000231
🌟 New best Q found: 0.000721 at iter 61
best_Q = 0.000720992567948997, final_Q = 0.000721

--- Iteration 62 ---
U1 - Qu_upper = 0.287425, U2 - Qv_upper = 0.295893
eta = 0.9793, interval_left = 0.9629, interval_right = 0.9945
Q = 0.000742, term1 = 0.024966, term2 = 0.000231
best_Q = 0.000720992567948997, final_Q = 0.000742

--- Iteration 63 ---
U1 - Qu_upper = 0.287425, U2 - Qv_upper = 0.295893
eta = 0.9785, interval_left = 0.9629, interval_right = 0.9930
Q = 0.000763, term1 = 0.024966, term2 = 0.000231
best_Q = 0.000720992567948997, final_Q = 0.000763

--- Iteration 64 ---
U1 - Qu_upper = 0.289725, U2 - Qv_upper = 0.300000
eta = 0.9777, interval_left = 0.9629, interval_right = 0.9915
Q = 0.000737, term1 = 0.024534, term2 = 0.000194
best_Q = 0.000720992567948997, final_Q = 0.000737

--- Iteration 65 ---
U1 - Qu_upper = 0.289725, U2 - Qv_upper = 0.300000
eta = 0.9770, interval_left = 0.9629, interval_right = 0.9900
Q = 0.000755, term1 = 0.024534, term2 = 0.000194
best_Q = 0.000720992567948997, final_Q = 0.000755

--- Iteration 66 ---
U1 - Qu_upper = 0.294331, U2 - Qv_upper = 0.300000
eta = 0.9764, interval_left = 0.9629, interval_right = 0.9887
Q = 0.000700, term1 = 0.024124, term2 = 0.000132
🌟 New best Q found: 0.000700 at iter 66
best_Q = 0.0006995087023824453, final_Q = 0.000700

--- Iteration 67 ---
U1 - Qu_upper = 0.294331, U2 - Qv_upper = 0.300000
eta = 0.9757, interval_left = 0.9629, interval_right = 0.9874
Q = 0.000716, term1 = 0.024124, term2 = 0.000132
best_Q = 0.0006995087023824453, final_Q = 0.000716

--- Iteration 68 ---
U1 - Qu_upper = 0.294331, U2 - Qv_upper = 0.300000
eta = 0.9751, interval_left = 0.9629, interval_right = 0.9862
Q = 0.000731, term1 = 0.024124, term2 = 0.000132
best_Q = 0.0006995087023824453, final_Q = 0.000731

--- Iteration 69 ---
U1 - Qu_upper = 0.294331, U2 - Qv_upper = 0.300000
eta = 0.9744, interval_left = 0.9629, interval_right = 0.9850
Q = 0.000745, term1 = 0.024124, term2 = 0.000132
best_Q = 0.0006995087023824453, final_Q = 0.000745

--- Iteration 70 ---
U1 - Qu_upper = 0.294331, U2 - Qv_upper = 0.300000
eta = 0.9739, interval_left = 0.9629, interval_right = 0.9839
Q = 0.000759, term1 = 0.024124, term2 = 0.000132
best_Q = 0.0006995087023824453, final_Q = 0.000759

--- Iteration 71 ---
U1 - Qu_upper = 0.294331, U2 - Qv_upper = 0.300000
eta = 0.9733, interval_left = 0.9629, interval_right = 0.9829
Q = 0.000772, term1 = 0.024124, term2 = 0.000132
best_Q = 0.0006995087023824453, final_Q = 0.000772

--- Iteration 72 ---
U1 - Qu_upper = 0.297009, U2 - Qv_upper = 0.300000
eta = 0.9729, interval_left = 0.9629, interval_right = 0.9819
Q = 0.000774, term1 = 0.023770, term2 = 0.000132
best_Q = 0.0006995087023824453, final_Q = 0.000774

--- Iteration 73 ---
U1 - Qu_upper = 0.302567, U2 - Qv_upper = 0.300000
eta = 0.9724, interval_left = 0.9639, interval_right = 0.9819
Q = 0.000756, term1 = 0.022994, term2 = 0.000126
best_Q = 0.0006995087023824453, final_Q = 0.000756

--- Iteration 74 ---
U1 - Qu_upper = 0.302567, U2 - Qv_upper = 0.300000
eta = 0.9729, interval_left = 0.9648, interval_right = 0.9819
Q = 0.000745, term1 = 0.022994, term2 = 0.000126
best_Q = 0.0006995087023824453, final_Q = 0.000745

--- Iteration 75 ---
U1 - Qu_upper = 0.302567, U2 - Qv_upper = 0.300000
eta = 0.9734, interval_left = 0.9656, interval_right = 0.9819
Q = 0.000735, term1 = 0.022994, term2 = 0.000126
best_Q = 0.0006995087023824453, final_Q = 0.000735

--- Iteration 76 ---
U1 - Qu_upper = 0.302567, U2 - Qv_upper = 0.300000
eta = 0.9738, interval_left = 0.9665, interval_right = 0.9819
Q = 0.000725, term1 = 0.022994, term2 = 0.000126
best_Q = 0.0006995087023824453, final_Q = 0.000725

--- Iteration 77 ---
U1 - Qu_upper = 0.302567, U2 - Qv_upper = 0.300000
eta = 0.9742, interval_left = 0.9672, interval_right = 0.9819
Q = 0.000716, term1 = 0.022994, term2 = 0.000126
best_Q = 0.0006995087023824453, final_Q = 0.000716

--- Iteration 78 ---
U1 - Qu_upper = 0.302567, U2 - Qv_upper = 0.300000
eta = 0.9746, interval_left = 0.9680, interval_right = 0.9819
Q = 0.000707, term1 = 0.022994, term2 = 0.000126
best_Q = 0.0006995087023824453, final_Q = 0.000707

--- Iteration 79 ---
U1 - Qu_upper = 0.302567, U2 - Qv_upper = 0.300000
eta = 0.9749, interval_left = 0.9687, interval_right = 0.9819
Q = 0.000699, term1 = 0.022994, term2 = 0.000126
🌟 New best Q found: 0.000699 at iter 79
best_Q = 0.0006990265101194382, final_Q = 0.000699

--- Iteration 80 ---
U1 - Qu_upper = 0.302567, U2 - Qv_upper = 0.300000
eta = 0.9753, interval_left = 0.9693, interval_right = 0.9819
Q = 0.000691, term1 = 0.022994, term2 = 0.000126
🌟 New best Q found: 0.000691 at iter 80
best_Q = 0.0006911092204973102, final_Q = 0.000691

--- Iteration 81 ---
U1 - Qu_upper = 0.302567, U2 - Qv_upper = 0.300000
eta = 0.9756, interval_left = 0.9699, interval_right = 0.9819
Q = 0.000684, term1 = 0.022994, term2 = 0.000126
🌟 New best Q found: 0.000684 at iter 81
best_Q = 0.0006835878593847156, final_Q = 0.000684

--- Iteration 82 ---
U1 - Qu_upper = 0.302567, U2 - Qv_upper = 0.300000
eta = 0.9759, interval_left = 0.9705, interval_right = 0.9819
Q = 0.000676, term1 = 0.022994, term2 = 0.000126
🌟 New best Q found: 0.000676 at iter 82
best_Q = 0.0006764425779692829, final_Q = 0.000676

--- Iteration 83 ---
U1 - Qu_upper = 0.302567, U2 - Qv_upper = 0.300000
eta = 0.9762, interval_left = 0.9711, interval_right = 0.9819
Q = 0.000670, term1 = 0.022994, term2 = 0.000126
🌟 New best Q found: 0.000670 at iter 83
best_Q = 0.0006696544587612152, final_Q = 0.000670

--- Iteration 84 ---
U1 - Qu_upper = 0.302567, U2 - Qv_upper = 0.300000
eta = 0.9765, interval_left = 0.9716, interval_right = 0.9819
Q = 0.000663, term1 = 0.022994, term2 = 0.000126
🌟 New best Q found: 0.000663 at iter 84
best_Q = 0.0006632058066315949, final_Q = 0.000663

--- Iteration 85 ---
U1 - Qu_upper = 0.302567, U2 - Qv_upper = 0.300000
eta = 0.9768, interval_left = 0.9722, interval_right = 0.9819
Q = 0.000657, term1 = 0.022994, term2 = 0.000126
🌟 New best Q found: 0.000657 at iter 85
best_Q = 0.0006570796249434352, final_Q = 0.000657

--- Iteration 86 ---
U1 - Qu_upper = 0.302567, U2 - Qv_upper = 0.300000
eta = 0.9770, interval_left = 0.9726, interval_right = 0.9819
Q = 0.000651, term1 = 0.022994, term2 = 0.000126
🌟 New best Q found: 0.000651 at iter 86
best_Q = 0.0006512597319670022, final_Q = 0.000651

--- Iteration 87 ---
U1 - Qu_upper = 0.302567, U2 - Qv_upper = 0.300000
eta = 0.9773, interval_left = 0.9731, interval_right = 0.9819
Q = 0.000646, term1 = 0.022994, term2 = 0.000126
🌟 New best Q found: 0.000646 at iter 87
best_Q = 0.0006457307608798146, final_Q = 0.000646

--- Iteration 88 ---
U1 - Qu_upper = 0.302567, U2 - Qv_upper = 0.300000
eta = 0.9775, interval_left = 0.9735, interval_right = 0.9819
Q = 0.000640, term1 = 0.022994, term2 = 0.000126
🌟 New best Q found: 0.000640 at iter 88
best_Q = 0.000640478334389627, final_Q = 0.000640

--- Iteration 89 ---
U1 - Qu_upper = 0.298241, U2 - Qv_upper = 0.300000
eta = 0.9777, interval_left = 0.9735, interval_right = 0.9814
Q = 0.000601, term1 = 0.023732, term2 = 0.000074
🌟 New best Q found: 0.000601 at iter 89
best_Q = 0.000601473031565547, final_Q = 0.000601

--- Iteration 90 ---
U1 - Qu_upper = 0.304326, U2 - Qv_upper = 0.300000
eta = 0.9775, interval_left = 0.9739, interval_right = 0.9814
Q = 0.000580, term1 = 0.022673, term2 = 0.000072
🌟 New best Q found: 0.000580 at iter 90
best_Q = 0.0005803345120511949, final_Q = 0.000580

--- Iteration 91 ---
U1 - Qu_upper = 0.304326, U2 - Qv_upper = 0.300000
eta = 0.9777, interval_left = 0.9743, interval_right = 0.9814
Q = 0.000576, term1 = 0.022673, term2 = 0.000072
🌟 New best Q found: 0.000576 at iter 91
best_Q = 0.0005758968181908131, final_Q = 0.000576

--- Iteration 92 ---
U1 - Qu_upper = 0.312415, U2 - Qv_upper = 0.300000
eta = 0.9780, interval_left = 0.9747, interval_right = 0.9814
Q = 0.000516, term1 = 0.021427, term2 = 0.000045
🌟 New best Q found: 0.000516 at iter 92
best_Q = 0.000516067142598331, final_Q = 0.000516

--- Iteration 93 ---
U1 - Qu_upper = 0.312415, U2 - Qv_upper = 0.300000
eta = 0.9781, interval_left = 0.9750, interval_right = 0.9814
Q = 0.000512, term1 = 0.021427, term2 = 0.000045
🌟 New best Q found: 0.000512 at iter 93
best_Q = 0.0005123281152918935, final_Q = 0.000512

--- Iteration 94 ---
U1 - Qu_upper = 0.312415, U2 - Qv_upper = 0.300000
eta = 0.9783, interval_left = 0.9753, interval_right = 0.9814
Q = 0.000509, term1 = 0.021427, term2 = 0.000045
🌟 New best Q found: 0.000509 at iter 94
best_Q = 0.00050877605099231, final_Q = 0.000509

--- Iteration 95 ---
U1 - Qu_upper = 0.313062, U2 - Qv_upper = 0.300000
eta = 0.9785, interval_left = 0.9756, interval_right = 0.9814
Q = 0.000502, term1 = 0.021263, term2 = 0.000045
🌟 New best Q found: 0.000502 at iter 95
best_Q = 0.0005018006777390838, final_Q = 0.000502

--- Iteration 96 ---
U1 - Qu_upper = 0.313062, U2 - Qv_upper = 0.300000
eta = 0.9786, interval_left = 0.9759, interval_right = 0.9814
Q = 0.000499, term1 = 0.021263, term2 = 0.000045
🌟 New best Q found: 0.000499 at iter 96
best_Q = 0.0004986228886991739, final_Q = 0.000499

--- Iteration 97 ---
U1 - Qu_upper = 0.313062, U2 - Qv_upper = 0.300000
eta = 0.9787, interval_left = 0.9762, interval_right = 0.9814
Q = 0.000496, term1 = 0.021263, term2 = 0.000045
🌟 New best Q found: 0.000496 at iter 97
best_Q = 0.0004956040647812188, final_Q = 0.000496

--- Iteration 98 ---
U1 - Qu_upper = 0.313062, U2 - Qv_upper = 0.300000
eta = 0.9789, interval_left = 0.9765, interval_right = 0.9814
Q = 0.000493, term1 = 0.021263, term2 = 0.000045
🌟 New best Q found: 0.000493 at iter 98
best_Q = 0.0004927361151203513, final_Q = 0.000493

--- Iteration 99 ---
U1 - Qu_upper = 0.313062, U2 - Qv_upper = 0.300000
eta = 0.9790, interval_left = 0.9767, interval_right = 0.9814
Q = 0.000490, term1 = 0.021263, term2 = 0.000045
🌟 New best Q found: 0.000490 at iter 99
best_Q = 0.0004900115891359746, final_Q = 0.000490
Optimization End
📁 Visualization directory ensured: /work3/s232263/DCE_Results/german_credit/MLP/DCE_u1=0.5,u2=0.3,l=0.2,r=1.0,mi=100,tk=1,nt=10/cone_all_DifferentialEvolution_F=0.5,CR=0.9,cs=1.2,ct=0.1,temp=2.0/seed_456_20250805_062319/visualizations
Model saved to: /work3/s232263/DCE_Results/german_credit/MLP/DCE_u1=0.5,u2=0.3,l=0.2,r=1.0,mi=100,tk=1,nt=10/cone_all_DifferentialEvolution_F=0.5,CR=0.9,cs=1.2,ct=0.1,temp=2.0/seed_456_20250805_062319/model.pkl
Best results saved to: /work3/s232263/DCE_Results/german_credit/MLP/DCE_u1=0.5,u2=0.3,l=0.2,r=1.0,mi=100,tk=1,nt=10/cone_all_DifferentialEvolution_F=0.5,CR=0.9,cs=1.2,ct=0.1,temp=2.0/seed_456_20250805_062319
Final results saved to: /work3/s232263/DCE_Results/german_credit/MLP/DCE_u1=0.5,u2=0.3,l=0.2,r=1.0,mi=100,tk=1,nt=10/cone_all_DifferentialEvolution_F=0.5,CR=0.9,cs=1.2,ct=0.1,temp=2.0/seed_456_20250805_062319
Optimization log saved to: /work3/s232263/DCE_Results/german_credit/MLP/DCE_u1=0.5,u2=0.3,l=0.2,r=1.0,mi=100,tk=1,nt=10/cone_all_DifferentialEvolution_F=0.5,CR=0.9,cs=1.2,ct=0.1,temp=2.0/seed_456_20250805_062319
All results successfully saved to: /work3/s232263/DCE_Results/german_credit/MLP/DCE_u1=0.5,u2=0.3,l=0.2,r=1.0,mi=100,tk=1,nt=10/cone_all_DifferentialEvolution_F=0.5,CR=0.9,cs=1.2,ct=0.1,temp=2.0/seed_456_20250805_062319
Visualizations will be saved to: /work3/s232263/DCE_Results/german_credit/MLP/DCE_u1=0.5,u2=0.3,l=0.2,r=1.0,mi=100,tk=1,nt=10/cone_all_DifferentialEvolution_F=0.5,CR=0.9,cs=1.2,ct=0.1,temp=2.0/seed_456_20250805_062319/visualizations
✅ DCE explanation completed!
🎯 Best Q: 0.000490
📊 Final Q: 0.000490
🎉 Found feasible solution: True
💾 Results saved to: /work3/s232263/DCE_Results/german_credit/MLP/DCE_u1=0.5,u2=0.3,l=0.2,r=1.0,mi=100,tk=1,nt=10/cone_all_DifferentialEvolution_F=0.5,CR=0.9,cs=1.2,ct=0.1,temp=2.0/seed_456_20250805_062319
📊 Calculating metrics...
✅ Data processed for metrics calculation
   Coverage Rate: 0.820
   MMD: 0.022
   OT Distance: 0.1814
   Percentile Differences:
     0-15%: 8.224%
     15-30%: 83.711%
     30-70%: 982.403%
     70-85%: 322.954%
     85-100%: 18.053%
   AReS Cost: 7.525
💾 Metrics saved to: /work3/s232263/DCE_Results/german_credit/MLP/DCE_u1=0.5,u2=0.3,l=0.2,r=1.0,mi=100,tk=1,nt=10/cone_all_DifferentialEvolution_F=0.5,CR=0.9,cs=1.2,ct=0.1,temp=2.0/seed_456_20250805_062319/metrics_summary.json

================================================================================
📈 EXPERIMENT SUMMARY
================================================================================
🎯 Experiment: comprehensive_strategy_comparison
📊 Dataset: german_credit, Model: MLP
🎲 Seed: 456

🎯 MONTE_CARLO (mc_demo):
   Best Q: 0.000821
   Final Q: 0.000821
   Feasible: True
   Core Metrics:
     Coverage Rate: 0.820
     MMD: 0.025
     OT Distance: 0.048
     AReS Cost: 8.477

🎯 GENETIC (ga_demo):
   Best Q: 0.000084
   Final Q: 0.000084
   Feasible: True
   Core Metrics:
     Coverage Rate: 0.840
     MMD: 0.021
     OT Distance: 0.053
     AReS Cost: 9.459

🎯 SIMULATED_ANNEALING (sa_demo):
   Best Q: 0.005457
   Final Q: 0.008225
   Feasible: True
   Core Metrics:
     Coverage Rate: 0.820
     MMD: 0.012
     OT Distance: 0.038
     AReS Cost: 7.505

🎯 BAYESIAN (bo_demo):
   Best Q: 0.030700
   Final Q: 0.045562
   Feasible: True
   Core Metrics:
     Coverage Rate: 0.740
     MMD: 0.011
     OT Distance: 0.065
     AReS Cost: 4.986

🎯 DIFFERENTIAL_EVOLUTION (de_demo):
   Best Q: 0.000490
   Final Q: 0.000490
   Feasible: True
   Core Metrics:
     Coverage Rate: 0.820
     MMD: 0.022
     OT Distance: 0.181
     AReS Cost: 7.525

✅ All experiments completed!
✅ Seed 456 completed successfully!

================================================================================
🎲 SEED 4/5: 2025
================================================================================

🎲 Running experiment with seed: 2025
📊 Loading dataset: german_credit
✅ Training data: 800 samples
✅ Test data: 200 samples
📊 Generating explain data using method: standard
   Standard sampling: 50 samples
✅ Explanation data: 50 samples
🤖 Creating model: MLP

============================================================
🎲 Running experiment: monte_carlo (alias: mc_demo)
============================================================
🎯 Creating strategy: monte_carlo (alias: mc_demo)
🧭 Full cone sampling mode (both categorical and continuous)
📐 Cone angle: 45.0° (0.785 rad)
🚀 Starting DCE explanation...
📍 Using original factual data as starting point (X_init=False)
Results will be saved to: /work3/s232263/DCE_Results/german_credit/MLP/DCE_u1=0.5,u2=0.3,l=0.2,r=1.0,mi=100,tk=1,nt=10/cone_all_MonteCarlo_cs=1.2,ct=0.1,temp=2.0/seed_2025_20250805_065051
📁 Initial data saved:
   - x_true.csv: (50, 9)
   - y_true.csv: (50, 1)
   - y_target.csv: (50,)
Training Start
Optimization Start

--- Iteration 0 ---
U1 - Qu_upper = 0.500000, U2 - Qv_upper = -0.081206
eta = 1.0000, interval_left = 0.2400, interval_right = 1.0000
Q = 0.061348, term1 = 0.000000, term2 = 0.061348
best_Q = inf, final_Q = 0.061348

--- Iteration 1 ---
U1 - Qu_upper = 0.472229, U2 - Qv_upper = -0.049824
eta = 1.0000, interval_left = 0.2780, interval_right = 1.0000
Q = 0.051782, term1 = 0.002120, term2 = 0.051782
best_Q = inf, final_Q = 0.051782

--- Iteration 2 ---
U1 - Qu_upper = 0.427138, U2 - Qv_upper = -0.009081
eta = 1.0000, interval_left = 0.3141, interval_right = 1.0000
Q = 0.040056, term1 = 0.006074, term2 = 0.040056
best_Q = inf, final_Q = 0.040056

--- Iteration 3 ---
U1 - Qu_upper = 0.399366, U2 - Qv_upper = 0.033925
eta = 0.9463, interval_left = 0.3484, interval_right = 1.0000
Q = 0.028485, term1 = 0.008499, term2 = 0.029619
🌟 New best Q found: 0.028485 at iter 3
best_Q = 0.02848457358777523, final_Q = 0.028485

--- Iteration 4 ---
U1 - Qu_upper = 0.375805, U2 - Qv_upper = 0.085256
eta = 0.8795, interval_left = 0.3810, interval_right = 1.0000
Q = 0.018630, term1 = 0.010773, term2 = 0.019706
🌟 New best Q found: 0.018630 at iter 4
best_Q = 0.01862950064241886, final_Q = 0.018630

--- Iteration 5 ---
U1 - Qu_upper = 0.367217, U2 - Qv_upper = 0.145568
eta = 0.8243, interval_left = 0.4119, interval_right = 1.0000
Q = 0.010911, term1 = 0.011844, term2 = 0.010713
🌟 New best Q found: 0.010911 at iter 5
best_Q = 0.010911346413195133, final_Q = 0.010911

--- Iteration 6 ---
U1 - Qu_upper = 0.355951, U2 - Qv_upper = 0.165771
eta = 0.8131, interval_left = 0.4413, interval_right = 1.0000
Q = 0.008942, term1 = 0.012911, term2 = 0.008030
🌟 New best Q found: 0.008942 at iter 6
best_Q = 0.008942099288105965, final_Q = 0.008942

--- Iteration 7 ---
U1 - Qu_upper = 0.336599, U2 - Qv_upper = 0.203104
eta = 0.7898, interval_left = 0.4693, interval_right = 1.0000
Q = 0.006811, term1 = 0.015806, term2 = 0.004417
🌟 New best Q found: 0.006811 at iter 7
best_Q = 0.00681128166615963, final_Q = 0.006811

--- Iteration 8 ---
U1 - Qu_upper = 0.336499, U2 - Qv_upper = 0.222516
eta = 0.7887, interval_left = 0.4958, interval_right = 1.0000
Q = 0.005669, term1 = 0.015981, term2 = 0.002908
🌟 New best Q found: 0.005669 at iter 8
best_Q = 0.005669478327035904, final_Q = 0.005669

--- Iteration 9 ---
U1 - Qu_upper = 0.343494, U2 - Qv_upper = 0.230707
eta = 0.7974, interval_left = 0.5210, interval_right = 1.0000
Q = 0.005056, term1 = 0.015213, term2 = 0.002475
🌟 New best Q found: 0.005056 at iter 9
best_Q = 0.005055712070316076, final_Q = 0.005056

--- Iteration 10 ---
U1 - Qu_upper = 0.335303, U2 - Qv_upper = 0.262171
eta = 0.7898, interval_left = 0.5450, interval_right = 1.0000
Q = 0.004313, term1 = 0.016460, term2 = 0.001080
🌟 New best Q found: 0.004313 at iter 10
best_Q = 0.004312819801270962, final_Q = 0.004313

--- Iteration 11 ---
U1 - Qu_upper = 0.331752, U2 - Qv_upper = 0.300000
eta = 0.7839, interval_left = 0.5677, interval_right = 1.0000
Q = 0.004063, term1 = 0.017082, term2 = 0.000474
🌟 New best Q found: 0.004063 at iter 11
best_Q = 0.004062832333147526, final_Q = 0.004063

--- Iteration 12 ---
U1 - Qu_upper = 0.317482, U2 - Qv_upper = 0.292580
eta = 0.7927, interval_left = 0.5893, interval_right = 1.0000
Q = 0.004532, term1 = 0.019905, term2 = 0.000511
best_Q = 0.004062832333147526, final_Q = 0.004532

--- Iteration 13 ---
U1 - Qu_upper = 0.319341, U2 - Qv_upper = 0.292580
eta = 0.8036, interval_left = 0.6099, interval_right = 1.0000
Q = 0.004109, term1 = 0.018833, term2 = 0.000511
best_Q = 0.004062832333147526, final_Q = 0.004109

--- Iteration 14 ---
U1 - Qu_upper = 0.313600, U2 - Qv_upper = 0.272919
eta = 0.8185, interval_left = 0.6294, interval_right = 1.0000
Q = 0.004286, term1 = 0.019673, term2 = 0.000874
best_Q = 0.004062832333147526, final_Q = 0.004286

--- Iteration 15 ---
U1 - Qu_upper = 0.304325, U2 - Qv_upper = 0.267707
eta = 0.8265, interval_left = 0.6479, interval_right = 1.0000
Q = 0.004541, term1 = 0.021489, term2 = 0.000984
best_Q = 0.004062832333147526, final_Q = 0.004541

--- Iteration 16 ---
U1 - Qu_upper = 0.296263, U2 - Qv_upper = 0.259614
eta = 0.8356, interval_left = 0.6655, interval_right = 1.0000
Q = 0.004703, term1 = 0.022490, term2 = 0.001202
best_Q = 0.004062832333147526, final_Q = 0.004703

--- Iteration 17 ---
U1 - Qu_upper = 0.300512, U2 - Qv_upper = 0.292761
eta = 0.8349, interval_left = 0.6822, interval_right = 1.0000
Q = 0.003975, term1 = 0.021817, term2 = 0.000448
🌟 New best Q found: 0.003975 at iter 17
best_Q = 0.003975050523877144, final_Q = 0.003975

--- Iteration 18 ---
U1 - Qu_upper = 0.312386, U2 - Qv_upper = 0.300000
eta = 0.8443, interval_left = 0.6981, interval_right = 1.0000
Q = 0.003439, term1 = 0.019958, term2 = 0.000393
🌟 New best Q found: 0.003439 at iter 18
best_Q = 0.003438639920204878, final_Q = 0.003439

--- Iteration 19 ---
U1 - Qu_upper = 0.298165, U2 - Qv_upper = 0.300000
eta = 0.8486, interval_left = 0.6981, interval_right = 0.9849
Q = 0.003759, term1 = 0.022622, term2 = 0.000394
best_Q = 0.003438639920204878, final_Q = 0.003759

--- Iteration 20 ---
U1 - Qu_upper = 0.300012, U2 - Qv_upper = 0.300000
eta = 0.8415, interval_left = 0.7125, interval_right = 0.9849
Q = 0.003851, term1 = 0.022208, term2 = 0.000394
best_Q = 0.003438639920204878, final_Q = 0.003851

--- Iteration 21 ---
U1 - Qu_upper = 0.309617, U2 - Qv_upper = 0.288546
eta = 0.8535, interval_left = 0.7261, interval_right = 0.9849
Q = 0.003387, term1 = 0.020760, term2 = 0.000404
🌟 New best Q found: 0.003387 at iter 21
best_Q = 0.0033866018056869507, final_Q = 0.003387

--- Iteration 22 ---
U1 - Qu_upper = 0.313685, U2 - Qv_upper = 0.285711
eta = 0.8615, interval_left = 0.7390, interval_right = 0.9849
Q = 0.003146, term1 = 0.019877, term2 = 0.000458
🌟 New best Q found: 0.003146 at iter 22
best_Q = 0.0031464744824916124, final_Q = 0.003146

--- Iteration 23 ---
U1 - Qu_upper = 0.311305, U2 - Qv_upper = 0.270299
eta = 0.8706, interval_left = 0.7513, interval_right = 0.9849
Q = 0.003454, term1 = 0.020328, term2 = 0.000946
best_Q = 0.0031464744824916124, final_Q = 0.003454

--- Iteration 24 ---
U1 - Qu_upper = 0.313022, U2 - Qv_upper = 0.274384
eta = 0.8758, interval_left = 0.7630, interval_right = 0.9849
Q = 0.003272, term1 = 0.020317, term2 = 0.000855
best_Q = 0.0031464744824916124, final_Q = 0.003272

--- Iteration 25 ---
U1 - Qu_upper = 0.309605, U2 - Qv_upper = 0.264463
eta = 0.8827, interval_left = 0.7741, interval_right = 0.9849
Q = 0.003480, term1 = 0.020993, term2 = 0.001152
best_Q = 0.0031464744824916124, final_Q = 0.003480

--- Iteration 26 ---
U1 - Qu_upper = 0.308290, U2 - Qv_upper = 0.300000
eta = 0.8809, interval_left = 0.7846, interval_right = 0.9849
Q = 0.002931, term1 = 0.021496, term2 = 0.000422
🌟 New best Q found: 0.002931 at iter 26
best_Q = 0.002930805552750826, final_Q = 0.002931

--- Iteration 27 ---
U1 - Qu_upper = 0.298835, U2 - Qv_upper = 0.300000
eta = 0.8846, interval_left = 0.7846, interval_right = 0.9749
Q = 0.002958, term1 = 0.023335, term2 = 0.000299
best_Q = 0.002930805552750826, final_Q = 0.002958

--- Iteration 28 ---
U1 - Qu_upper = 0.295551, U2 - Qv_upper = 0.300000
eta = 0.8791, interval_left = 0.7846, interval_right = 0.9654
Q = 0.003246, term1 = 0.023651, term2 = 0.000438
best_Q = 0.002930805552750826, final_Q = 0.003246

--- Iteration 29 ---
U1 - Qu_upper = 0.291850, U2 - Qv_upper = 0.300000
eta = 0.8738, interval_left = 0.7846, interval_right = 0.9563
Q = 0.003377, term1 = 0.024500, term2 = 0.000325
best_Q = 0.002930805552750826, final_Q = 0.003377

--- Iteration 30 ---
U1 - Qu_upper = 0.307511, U2 - Qv_upper = 0.300000
eta = 0.8715, interval_left = 0.7932, interval_right = 0.9563
Q = 0.003048, term1 = 0.021563, term2 = 0.000319
best_Q = 0.002930805552750826, final_Q = 0.003048

--- Iteration 31 ---
U1 - Qu_upper = 0.307371, U2 - Qv_upper = 0.300000
eta = 0.8758, interval_left = 0.8014, interval_right = 0.9563
Q = 0.002946, term1 = 0.021473, term2 = 0.000318
best_Q = 0.002930805552750826, final_Q = 0.002946

--- Iteration 32 ---
U1 - Qu_upper = 0.306969, U2 - Qv_upper = 0.300000
eta = 0.8797, interval_left = 0.8091, interval_right = 0.9563
Q = 0.002868, term1 = 0.021521, term2 = 0.000318
🌟 New best Q found: 0.002868 at iter 32
best_Q = 0.0028680891264230013, final_Q = 0.002868

--- Iteration 33 ---
U1 - Qu_upper = 0.307717, U2 - Qv_upper = 0.300000
eta = 0.8837, interval_left = 0.8165, interval_right = 0.9563
Q = 0.002732, term1 = 0.021320, term2 = 0.000285
🌟 New best Q found: 0.002732 at iter 33
best_Q = 0.002732220571488142, final_Q = 0.002732

--- Iteration 34 ---
U1 - Qu_upper = 0.316859, U2 - Qv_upper = 0.300000
eta = 0.8883, interval_left = 0.8235, interval_right = 0.9563
Q = 0.002469, term1 = 0.019843, term2 = 0.000285
🌟 New best Q found: 0.002469 at iter 34
best_Q = 0.0024692618753761053, final_Q = 0.002469

--- Iteration 35 ---
U1 - Qu_upper = 0.318530, U2 - Qv_upper = 0.300000
eta = 0.8919, interval_left = 0.8301, interval_right = 0.9563
Q = 0.002353, term1 = 0.019899, term2 = 0.000227
🌟 New best Q found: 0.002353 at iter 35
best_Q = 0.0023533101193606853, final_Q = 0.002353

--- Iteration 36 ---
U1 - Qu_upper = 0.324337, U2 - Qv_upper = 0.300000
eta = 0.8957, interval_left = 0.8364, interval_right = 0.9563
Q = 0.002252, term1 = 0.019185, term2 = 0.000280
🌟 New best Q found: 0.002252 at iter 36
best_Q = 0.0022515193559229374, final_Q = 0.002252

--- Iteration 37 ---
U1 - Qu_upper = 0.321974, U2 - Qv_upper = 0.300000
eta = 0.8985, interval_left = 0.8424, interval_right = 0.9563
Q = 0.002257, term1 = 0.019560, term2 = 0.000303
best_Q = 0.0022515193559229374, final_Q = 0.002257

--- Iteration 38 ---
U1 - Qu_upper = 0.335163, U2 - Qv_upper = 0.260525
eta = 0.9065, interval_left = 0.8481, interval_right = 0.9563
Q = 0.002581, term1 = 0.017478, term2 = 0.001045
best_Q = 0.0022515193559229374, final_Q = 0.002581

--- Iteration 39 ---
U1 - Qu_upper = 0.330922, U2 - Qv_upper = 0.300000
eta = 0.9049, interval_left = 0.8535, interval_right = 0.9563
Q = 0.002033, term1 = 0.017764, term2 = 0.000379
🌟 New best Q found: 0.002033 at iter 39
best_Q = 0.002032703487202525, final_Q = 0.002033

--- Iteration 40 ---
U1 - Qu_upper = 0.326232, U2 - Qv_upper = 0.300000
eta = 0.9071, interval_left = 0.8587, interval_right = 0.9563
Q = 0.001924, term1 = 0.018458, term2 = 0.000231
🌟 New best Q found: 0.001924 at iter 40
best_Q = 0.001924246083945036, final_Q = 0.001924

--- Iteration 41 ---
U1 - Qu_upper = 0.323165, U2 - Qv_upper = 0.300000
eta = 0.9093, interval_left = 0.8636, interval_right = 0.9563
Q = 0.002088, term1 = 0.018739, term2 = 0.000427
best_Q = 0.001924246083945036, final_Q = 0.002088

--- Iteration 42 ---
U1 - Qu_upper = 0.320764, U2 - Qv_upper = 0.300000
eta = 0.9115, interval_left = 0.8682, interval_right = 0.9563
Q = 0.002051, term1 = 0.018781, term2 = 0.000427
best_Q = 0.001924246083945036, final_Q = 0.002051

--- Iteration 43 ---
U1 - Qu_upper = 0.318469, U2 - Qv_upper = 0.300000
eta = 0.9136, interval_left = 0.8726, interval_right = 0.9563
Q = 0.002103, term1 = 0.019563, term2 = 0.000452
best_Q = 0.001924246083945036, final_Q = 0.002103

--- Iteration 44 ---
U1 - Qu_upper = 0.312343, U2 - Qv_upper = 0.288871
eta = 0.9161, interval_left = 0.8768, interval_right = 0.9563
Q = 0.002209, term1 = 0.020410, term2 = 0.000543
best_Q = 0.001924246083945036, final_Q = 0.002209

--- Iteration 45 ---
U1 - Qu_upper = 0.318061, U2 - Qv_upper = 0.300000
eta = 0.9177, interval_left = 0.8808, interval_right = 0.9563
Q = 0.001940, term1 = 0.019277, term2 = 0.000386
best_Q = 0.001924246083945036, final_Q = 0.001940

--- Iteration 46 ---
U1 - Qu_upper = 0.332571, U2 - Qv_upper = 0.300000
eta = 0.9205, interval_left = 0.8845, interval_right = 0.9563
Q = 0.001707, term1 = 0.017089, term2 = 0.000378
🌟 New best Q found: 0.001707 at iter 46
best_Q = 0.0017066634027287364, final_Q = 0.001707

--- Iteration 47 ---
U1 - Qu_upper = 0.323670, U2 - Qv_upper = 0.300000
eta = 0.9218, interval_left = 0.8881, interval_right = 0.9563
Q = 0.001729, term1 = 0.018640, term2 = 0.000295
best_Q = 0.0017066634027287364, final_Q = 0.001729

--- Iteration 48 ---
U1 - Qu_upper = 0.332994, U2 - Qv_upper = 0.285021
eta = 0.9249, interval_left = 0.8915, interval_right = 0.9563
Q = 0.001804, term1 = 0.017889, term2 = 0.000498
best_Q = 0.0017066634027287364, final_Q = 0.001804

--- Iteration 49 ---
U1 - Qu_upper = 0.327454, U2 - Qv_upper = 0.289358
eta = 0.9259, interval_left = 0.8948, interval_right = 0.9563
Q = 0.001799, term1 = 0.018430, term2 = 0.000469
best_Q = 0.0017066634027287364, final_Q = 0.001799

--- Iteration 50 ---
U1 - Qu_upper = 0.326472, U2 - Qv_upper = 0.281496
eta = 0.9278, interval_left = 0.8979, interval_right = 0.9563
Q = 0.002052, term1 = 0.019123, term2 = 0.000724
best_Q = 0.0017066634027287364, final_Q = 0.002052

--- Iteration 51 ---
U1 - Qu_upper = 0.331244, U2 - Qv_upper = 0.300000
eta = 0.9285, interval_left = 0.9008, interval_right = 0.9563
Q = 0.001785, term1 = 0.018093, term2 = 0.000530
best_Q = 0.0017066634027287364, final_Q = 0.001785

--- Iteration 52 ---
U1 - Qu_upper = 0.323633, U2 - Qv_upper = 0.300000
eta = 0.9296, interval_left = 0.9036, interval_right = 0.9563
Q = 0.001653, term1 = 0.019239, term2 = 0.000322
🌟 New best Q found: 0.001653 at iter 52
best_Q = 0.0016531459987163544, final_Q = 0.001653

--- Iteration 53 ---
U1 - Qu_upper = 0.333677, U2 - Qv_upper = 0.300000
eta = 0.9314, interval_left = 0.9062, interval_right = 0.9563
Q = 0.001483, term1 = 0.017267, term2 = 0.000320
🌟 New best Q found: 0.001483 at iter 53
best_Q = 0.0014829019783064723, final_Q = 0.001483

--- Iteration 54 ---
U1 - Qu_upper = 0.320435, U2 - Qv_upper = 0.300000
eta = 0.9321, interval_left = 0.9087, interval_right = 0.9563
Q = 0.001501, term1 = 0.019068, term2 = 0.000221
best_Q = 0.0014829019783064723, final_Q = 0.001501

--- Iteration 55 ---
U1 - Qu_upper = 0.332255, U2 - Qv_upper = 0.300000
eta = 0.9337, interval_left = 0.9111, interval_right = 0.9563
Q = 0.001360, term1 = 0.017408, term2 = 0.000221
🌟 New best Q found: 0.001360 at iter 55
best_Q = 0.0013595748459920287, final_Q = 0.001360

--- Iteration 56 ---
U1 - Qu_upper = 0.338001, U2 - Qv_upper = 0.300000
eta = 0.9351, interval_left = 0.9134, interval_right = 0.9563
Q = 0.001267, term1 = 0.016493, term2 = 0.000210
🌟 New best Q found: 0.001267 at iter 56
best_Q = 0.001267485087737441, final_Q = 0.001267

--- Iteration 57 ---
U1 - Qu_upper = 0.342472, U2 - Qv_upper = 0.300000
eta = 0.9363, interval_left = 0.9155, interval_right = 0.9563
Q = 0.001219, term1 = 0.015774, term2 = 0.000228
🌟 New best Q found: 0.001219 at iter 57
best_Q = 0.0012186889071017504, final_Q = 0.001219

--- Iteration 58 ---
U1 - Qu_upper = 0.348103, U2 - Qv_upper = 0.300000
eta = 0.9374, interval_left = 0.9175, interval_right = 0.9563
Q = 0.001181, term1 = 0.015325, term2 = 0.000237
🌟 New best Q found: 0.001181 at iter 58
best_Q = 0.0011810048017650843, final_Q = 0.001181

--- Iteration 59 ---
U1 - Qu_upper = 0.333811, U2 - Qv_upper = 0.300000
eta = 0.9380, interval_left = 0.9195, interval_right = 0.9563
Q = 0.001242, term1 = 0.017084, term2 = 0.000194
best_Q = 0.0011810048017650843, final_Q = 0.001242

--- Iteration 60 ---
U1 - Qu_upper = 0.330963, U2 - Qv_upper = 0.300000
eta = 0.9388, interval_left = 0.9213, interval_right = 0.9563
Q = 0.001255, term1 = 0.017529, term2 = 0.000194
best_Q = 0.0011810048017650843, final_Q = 0.001255

--- Iteration 61 ---
U1 - Qu_upper = 0.337980, U2 - Qv_upper = 0.300000
eta = 0.9399, interval_left = 0.9231, interval_right = 0.9563
Q = 0.001179, term1 = 0.016521, term2 = 0.000198
🌟 New best Q found: 0.001179 at iter 61
best_Q = 0.0011793895391747355, final_Q = 0.001179

--- Iteration 62 ---
U1 - Qu_upper = 0.345469, U2 - Qv_upper = 0.300000
eta = 0.9409, interval_left = 0.9247, interval_right = 0.9563
Q = 0.001112, term1 = 0.015650, term2 = 0.000198
🌟 New best Q found: 0.001112 at iter 62
best_Q = 0.0011115125380456448, final_Q = 0.001112

--- Iteration 63 ---
U1 - Qu_upper = 0.355545, U2 - Qv_upper = 0.300000
eta = 0.9419, interval_left = 0.9263, interval_right = 0.9563
Q = 0.001034, term1 = 0.014662, term2 = 0.000193
🌟 New best Q found: 0.001034 at iter 63
best_Q = 0.0010336816776543856, final_Q = 0.001034

--- Iteration 64 ---
U1 - Qu_upper = 0.361388, U2 - Qv_upper = 0.300000
eta = 0.9427, interval_left = 0.9278, interval_right = 0.9563
Q = 0.000960, term1 = 0.013798, term2 = 0.000180
🌟 New best Q found: 0.000960 at iter 64
best_Q = 0.0009598402539268136, final_Q = 0.000960

--- Iteration 65 ---
U1 - Qu_upper = 0.361272, U2 - Qv_upper = 0.300000
eta = 0.9434, interval_left = 0.9292, interval_right = 0.9563
Q = 0.000960, term1 = 0.014245, term2 = 0.000163
🌟 New best Q found: 0.000960 at iter 65
best_Q = 0.0009596599848009646, final_Q = 0.000960

--- Iteration 66 ---
U1 - Qu_upper = 0.358035, U2 - Qv_upper = 0.300000
eta = 0.9440, interval_left = 0.9306, interval_right = 0.9563
Q = 0.000945, term1 = 0.014122, term2 = 0.000163
🌟 New best Q found: 0.000945 at iter 66
best_Q = 0.000944505853112787, final_Q = 0.000945

--- Iteration 67 ---
U1 - Qu_upper = 0.350531, U2 - Qv_upper = 0.300000
eta = 0.9445, interval_left = 0.9319, interval_right = 0.9563
Q = 0.000997, term1 = 0.015369, term2 = 0.000152
best_Q = 0.000944505853112787, final_Q = 0.000997

--- Iteration 68 ---
U1 - Qu_upper = 0.362524, U2 - Qv_upper = 0.300000
eta = 0.9453, interval_left = 0.9331, interval_right = 0.9563
Q = 0.000921, term1 = 0.013836, term2 = 0.000174
🌟 New best Q found: 0.000921 at iter 68
best_Q = 0.0009214727906510234, final_Q = 0.000921

--- Iteration 69 ---
U1 - Qu_upper = 0.356946, U2 - Qv_upper = 0.300000
eta = 0.9457, interval_left = 0.9343, interval_right = 0.9563
Q = 0.001012, term1 = 0.015376, term2 = 0.000188
best_Q = 0.0009214727906510234, final_Q = 0.001012

--- Iteration 70 ---
U1 - Qu_upper = 0.336296, U2 - Qv_upper = 0.300000
eta = 0.9459, interval_left = 0.9354, interval_right = 0.9563
Q = 0.001172, term1 = 0.017912, term2 = 0.000215
best_Q = 0.0009214727906510234, final_Q = 0.001172

--- Iteration 71 ---
U1 - Qu_upper = 0.347306, U2 - Qv_upper = 0.300000
eta = 0.9466, interval_left = 0.9364, interval_right = 0.9563
Q = 0.001110, term1 = 0.016249, term2 = 0.000256
best_Q = 0.0009214727906510234, final_Q = 0.001110

--- Iteration 72 ---
U1 - Qu_upper = 0.349197, U2 - Qv_upper = 0.300000
eta = 0.9471, interval_left = 0.9374, interval_right = 0.9563
Q = 0.001041, term1 = 0.015980, term2 = 0.000207
best_Q = 0.0009214727906510234, final_Q = 0.001041

--- Iteration 73 ---
U1 - Qu_upper = 0.350843, U2 - Qv_upper = 0.300000
eta = 0.9476, interval_left = 0.9384, interval_right = 0.9563
Q = 0.001006, term1 = 0.015952, term2 = 0.000180
best_Q = 0.0009214727906510234, final_Q = 0.001006

--- Iteration 74 ---
U1 - Qu_upper = 0.369617, U2 - Qv_upper = 0.300000
eta = 0.9483, interval_left = 0.9393, interval_right = 0.9563
Q = 0.000834, term1 = 0.013843, term2 = 0.000124
🌟 New best Q found: 0.000834 at iter 74
best_Q = 0.0008338144980370998, final_Q = 0.000834

--- Iteration 75 ---
U1 - Qu_upper = 0.369972, U2 - Qv_upper = 0.300000
eta = 0.9487, interval_left = 0.9401, interval_right = 0.9563
Q = 0.000818, term1 = 0.013682, term2 = 0.000123
🌟 New best Q found: 0.000818 at iter 75
best_Q = 0.000818298663944006, final_Q = 0.000818

--- Iteration 76 ---
U1 - Qu_upper = 0.365836, U2 - Qv_upper = 0.300000
eta = 0.9490, interval_left = 0.9409, interval_right = 0.9563
Q = 0.000839, term1 = 0.014213, term2 = 0.000121
best_Q = 0.000818298663944006, final_Q = 0.000839

--- Iteration 77 ---
U1 - Qu_upper = 0.367894, U2 - Qv_upper = 0.300000
eta = 0.9494, interval_left = 0.9417, interval_right = 0.9563
Q = 0.000813, term1 = 0.013733, term2 = 0.000124
🌟 New best Q found: 0.000813 at iter 77
best_Q = 0.0008127258624881506, final_Q = 0.000813

--- Iteration 78 ---
U1 - Qu_upper = 0.364768, U2 - Qv_upper = 0.300000
eta = 0.9497, interval_left = 0.9424, interval_right = 0.9563
Q = 0.000885, term1 = 0.014370, term2 = 0.000171
best_Q = 0.0008127258624881506, final_Q = 0.000885

--- Iteration 79 ---
U1 - Qu_upper = 0.366192, U2 - Qv_upper = 0.300000
eta = 0.9501, interval_left = 0.9431, interval_right = 0.9563
Q = 0.000810, term1 = 0.014328, term2 = 0.000099
🌟 New best Q found: 0.000810 at iter 79
best_Q = 0.0008096102974377573, final_Q = 0.000810

--- Iteration 80 ---
U1 - Qu_upper = 0.360004, U2 - Qv_upper = 0.300000
eta = 0.9503, interval_left = 0.9438, interval_right = 0.9563
Q = 0.000877, term1 = 0.014908, term2 = 0.000143
best_Q = 0.0008096102974377573, final_Q = 0.000877

--- Iteration 81 ---
U1 - Qu_upper = 0.365927, U2 - Qv_upper = 0.300000
eta = 0.9507, interval_left = 0.9444, interval_right = 0.9563
Q = 0.000844, term1 = 0.014353, term2 = 0.000143
best_Q = 0.0008096102974377573, final_Q = 0.000844

--- Iteration 82 ---
U1 - Qu_upper = 0.351502, U2 - Qv_upper = 0.300000
eta = 0.9509, interval_left = 0.9450, interval_right = 0.9563
Q = 0.000940, term1 = 0.015799, term2 = 0.000172
best_Q = 0.0008096102974377573, final_Q = 0.000940

--- Iteration 83 ---
U1 - Qu_upper = 0.360474, U2 - Qv_upper = 0.300000
eta = 0.9512, interval_left = 0.9456, interval_right = 0.9563
Q = 0.000832, term1 = 0.014748, term2 = 0.000118
best_Q = 0.0008096102974377573, final_Q = 0.000832

--- Iteration 84 ---
U1 - Qu_upper = 0.362646, U2 - Qv_upper = 0.300000
eta = 0.9515, interval_left = 0.9461, interval_right = 0.9563
Q = 0.000797, term1 = 0.014157, term2 = 0.000116
🌟 New best Q found: 0.000797 at iter 84
best_Q = 0.000797308050096035, final_Q = 0.000797

--- Iteration 85 ---
U1 - Qu_upper = 0.372324, U2 - Qv_upper = 0.300000
eta = 0.9518, interval_left = 0.9466, interval_right = 0.9563
Q = 0.000785, term1 = 0.013082, term2 = 0.000162
🌟 New best Q found: 0.000785 at iter 85
best_Q = 0.0007847105734981596, final_Q = 0.000785

--- Iteration 86 ---
U1 - Qu_upper = 0.365070, U2 - Qv_upper = 0.300000
eta = 0.9520, interval_left = 0.9471, interval_right = 0.9563
Q = 0.000776, term1 = 0.013825, term2 = 0.000117
🌟 New best Q found: 0.000776 at iter 86
best_Q = 0.0007756830891594291, final_Q = 0.000776

--- Iteration 87 ---
U1 - Qu_upper = 0.352889, U2 - Qv_upper = 0.300000
eta = 0.9521, interval_left = 0.9476, interval_right = 0.9563
Q = 0.000883, term1 = 0.016113, term2 = 0.000117
best_Q = 0.0007756830891594291, final_Q = 0.000883

--- Iteration 88 ---
U1 - Qu_upper = 0.335149, U2 - Qv_upper = 0.300000
eta = 0.9522, interval_left = 0.9480, interval_right = 0.9563
Q = 0.001120, term1 = 0.017735, term2 = 0.000286
best_Q = 0.0007756830891594291, final_Q = 0.001120

--- Iteration 89 ---
U1 - Qu_upper = 0.332015, U2 - Qv_upper = 0.300000
eta = 0.9524, interval_left = 0.9484, interval_right = 0.9563
Q = 0.001100, term1 = 0.018190, term2 = 0.000246
best_Q = 0.0007756830891594291, final_Q = 0.001100

--- Iteration 90 ---
U1 - Qu_upper = 0.324207, U2 - Qv_upper = 0.300000
eta = 0.9525, interval_left = 0.9488, interval_right = 0.9563
Q = 0.001091, term1 = 0.019051, term2 = 0.000196
best_Q = 0.0007756830891594291, final_Q = 0.001091

--- Iteration 91 ---
U1 - Qu_upper = 0.336184, U2 - Qv_upper = 0.300000
eta = 0.9528, interval_left = 0.9492, interval_right = 0.9563
Q = 0.001055, term1 = 0.017277, term2 = 0.000252
best_Q = 0.0007756830891594291, final_Q = 0.001055

--- Iteration 92 ---
U1 - Qu_upper = 0.335165, U2 - Qv_upper = 0.300000
eta = 0.9530, interval_left = 0.9496, interval_right = 0.9563
Q = 0.000987, term1 = 0.017385, term2 = 0.000177
best_Q = 0.0007756830891594291, final_Q = 0.000987

--- Iteration 93 ---
U1 - Qu_upper = 0.334149, U2 - Qv_upper = 0.300000
eta = 0.9531, interval_left = 0.9499, interval_right = 0.9563
Q = 0.001027, term1 = 0.017455, term2 = 0.000219
best_Q = 0.0007756830891594291, final_Q = 0.001027

--- Iteration 94 ---
U1 - Qu_upper = 0.336278, U2 - Qv_upper = 0.300000
eta = 0.9533, interval_left = 0.9502, interval_right = 0.9563
Q = 0.001049, term1 = 0.017390, term2 = 0.000248
best_Q = 0.0007756830891594291, final_Q = 0.001049

--- Iteration 95 ---
U1 - Qu_upper = 0.349165, U2 - Qv_upper = 0.300000
eta = 0.9535, interval_left = 0.9505, interval_right = 0.9563
Q = 0.000896, term1 = 0.015627, term2 = 0.000178
best_Q = 0.0007756830891594291, final_Q = 0.000896

--- Iteration 96 ---
U1 - Qu_upper = 0.329320, U2 - Qv_upper = 0.300000
eta = 0.9536, interval_left = 0.9508, interval_right = 0.9563
Q = 0.001079, term1 = 0.018420, term2 = 0.000235
best_Q = 0.0007756830891594291, final_Q = 0.001079

--- Iteration 97 ---
U1 - Qu_upper = 0.313349, U2 - Qv_upper = 0.300000
eta = 0.9536, interval_left = 0.9511, interval_right = 0.9563
Q = 0.001098, term1 = 0.020618, term2 = 0.000150
best_Q = 0.0007756830891594291, final_Q = 0.001098

--- Iteration 98 ---
U1 - Qu_upper = 0.311883, U2 - Qv_upper = 0.300000
eta = 0.9538, interval_left = 0.9514, interval_right = 0.9563
Q = 0.001098, term1 = 0.020747, term2 = 0.000145
best_Q = 0.0007756830891594291, final_Q = 0.001098

--- Iteration 99 ---
U1 - Qu_upper = 0.322393, U2 - Qv_upper = 0.300000
eta = 0.9539, interval_left = 0.9516, interval_right = 0.9563
Q = 0.001265, term1 = 0.019515, term2 = 0.000384
best_Q = 0.0007756830891594291, final_Q = 0.001265
Optimization End
📁 Visualization directory ensured: /work3/s232263/DCE_Results/german_credit/MLP/DCE_u1=0.5,u2=0.3,l=0.2,r=1.0,mi=100,tk=1,nt=10/cone_all_MonteCarlo_cs=1.2,ct=0.1,temp=2.0/seed_2025_20250805_065051/visualizations
Model saved to: /work3/s232263/DCE_Results/german_credit/MLP/DCE_u1=0.5,u2=0.3,l=0.2,r=1.0,mi=100,tk=1,nt=10/cone_all_MonteCarlo_cs=1.2,ct=0.1,temp=2.0/seed_2025_20250805_065051/model.pkl
Best results saved to: /work3/s232263/DCE_Results/german_credit/MLP/DCE_u1=0.5,u2=0.3,l=0.2,r=1.0,mi=100,tk=1,nt=10/cone_all_MonteCarlo_cs=1.2,ct=0.1,temp=2.0/seed_2025_20250805_065051
Final results saved to: /work3/s232263/DCE_Results/german_credit/MLP/DCE_u1=0.5,u2=0.3,l=0.2,r=1.0,mi=100,tk=1,nt=10/cone_all_MonteCarlo_cs=1.2,ct=0.1,temp=2.0/seed_2025_20250805_065051
Optimization log saved to: /work3/s232263/DCE_Results/german_credit/MLP/DCE_u1=0.5,u2=0.3,l=0.2,r=1.0,mi=100,tk=1,nt=10/cone_all_MonteCarlo_cs=1.2,ct=0.1,temp=2.0/seed_2025_20250805_065051
All results successfully saved to: /work3/s232263/DCE_Results/german_credit/MLP/DCE_u1=0.5,u2=0.3,l=0.2,r=1.0,mi=100,tk=1,nt=10/cone_all_MonteCarlo_cs=1.2,ct=0.1,temp=2.0/seed_2025_20250805_065051
Visualizations will be saved to: /work3/s232263/DCE_Results/german_credit/MLP/DCE_u1=0.5,u2=0.3,l=0.2,r=1.0,mi=100,tk=1,nt=10/cone_all_MonteCarlo_cs=1.2,ct=0.1,temp=2.0/seed_2025_20250805_065051/visualizations
✅ DCE explanation completed!
🎯 Best Q: 0.000776
📊 Final Q: 0.001265
🎉 Found feasible solution: True
💾 Results saved to: /work3/s232263/DCE_Results/german_credit/MLP/DCE_u1=0.5,u2=0.3,l=0.2,r=1.0,mi=100,tk=1,nt=10/cone_all_MonteCarlo_cs=1.2,ct=0.1,temp=2.0/seed_2025_20250805_065051
📊 Calculating metrics...
✅ Data processed for metrics calculation
   Coverage Rate: 0.800
   MMD: 0.023
   OT Distance: 0.0394
   Percentile Differences:
     0-15%: 67.508%
     15-30%: 26.237%
     30-70%: 507.511%
     70-85%: 273.274%
     85-100%: 53.899%
   AReS Cost: 9.987
💾 Metrics saved to: /work3/s232263/DCE_Results/german_credit/MLP/DCE_u1=0.5,u2=0.3,l=0.2,r=1.0,mi=100,tk=1,nt=10/cone_all_MonteCarlo_cs=1.2,ct=0.1,temp=2.0/seed_2025_20250805_065051/metrics_summary.json

============================================================
🎲 Running experiment: genetic (alias: ga_demo)
============================================================
🎯 Creating strategy: genetic (alias: ga_demo)
🧭 Full cone sampling mode (both categorical and continuous)
📐 Cone angle: 45.0° (0.785 rad)
🚀 Starting DCE explanation...
📍 Using original factual data as starting point (X_init=False)
Results will be saved to: /work3/s232263/DCE_Results/german_credit/MLP/DCE_u1=0.5,u2=0.3,l=0.2,r=1.0,mi=100,tk=1,nt=10/cone_all_Genetic_cp=0.8,gsp=0.5,mpc=0.3,mpo=0.8,mns=0.1,cs=1.2,ct=0.1,temp=2.0/seed_2025_20250805_071659
📁 Initial data saved:
   - x_true.csv: (50, 9)
   - y_true.csv: (50, 1)
   - y_target.csv: (50,)
Training Start
Optimization Start

--- Iteration 0 ---
U1 - Qu_upper = 0.500000, U2 - Qv_upper = -0.081206
eta = 1.0000, interval_left = 0.2400, interval_right = 1.0000
Q = 0.061348, term1 = 0.000000, term2 = 0.061348
best_Q = inf, final_Q = 0.061348

--- Iteration 1 ---
U1 - Qu_upper = 0.500000, U2 - Qv_upper = -0.049824
eta = 1.0000, interval_left = 0.2780, interval_right = 1.0000
Q = 0.051782, term1 = 0.000928, term2 = 0.051782
best_Q = inf, final_Q = 0.051782

--- Iteration 2 ---
U1 - Qu_upper = 0.440026, U2 - Qv_upper = -0.009269
eta = 1.0000, interval_left = 0.3141, interval_right = 1.0000
Q = 0.040114, term1 = 0.004388, term2 = 0.040114
best_Q = inf, final_Q = 0.040114

--- Iteration 3 ---
U1 - Qu_upper = 0.415320, U2 - Qv_upper = 0.033660
eta = 0.9486, interval_left = 0.3484, interval_right = 1.0000
Q = 0.028456, term1 = 0.005977, term2 = 0.029674
🌟 New best Q found: 0.028456 at iter 3
best_Q = 0.02845585346221924, final_Q = 0.028456

--- Iteration 4 ---
U1 - Qu_upper = 0.398886, U2 - Qv_upper = 0.084511
eta = 0.8861, interval_left = 0.3810, interval_right = 1.0000
Q = 0.018387, term1 = 0.007704, term2 = 0.019760
🌟 New best Q found: 0.018387 at iter 4
best_Q = 0.01838664710521698, final_Q = 0.018387

--- Iteration 5 ---
U1 - Qu_upper = 0.389051, U2 - Qv_upper = 0.144593
eta = 0.8323, interval_left = 0.4119, interval_right = 1.0000
Q = 0.010506, term1 = 0.009171, term2 = 0.010775
🌟 New best Q found: 0.010506 at iter 5
best_Q = 0.010505996644496918, final_Q = 0.010506

--- Iteration 6 ---
U1 - Qu_upper = 0.369072, U2 - Qv_upper = 0.165318
eta = 0.8181, interval_left = 0.4413, interval_right = 1.0000
Q = 0.008578, term1 = 0.011207, term2 = 0.007993
🌟 New best Q found: 0.008578 at iter 6
best_Q = 0.0085776811465621, final_Q = 0.008578

--- Iteration 7 ---
U1 - Qu_upper = 0.341942, U2 - Qv_upper = 0.203597
eta = 0.7915, interval_left = 0.4693, interval_right = 1.0000
Q = 0.006496, term1 = 0.014478, term2 = 0.004394
🌟 New best Q found: 0.006496 at iter 7
best_Q = 0.006496328394860029, final_Q = 0.006496

--- Iteration 8 ---
U1 - Qu_upper = 0.339727, U2 - Qv_upper = 0.222998
eta = 0.7897, interval_left = 0.4958, interval_right = 1.0000
Q = 0.005381, term1 = 0.014772, term2 = 0.002880
🌟 New best Q found: 0.005381 at iter 8
best_Q = 0.005381146911531687, final_Q = 0.005381

--- Iteration 9 ---
U1 - Qu_upper = 0.333702, U2 - Qv_upper = 0.263259
eta = 0.7776, interval_left = 0.5210, interval_right = 1.0000
Q = 0.004334, term1 = 0.015903, term2 = 0.001026
🌟 New best Q found: 0.004334 at iter 9
best_Q = 0.004334152676165104, final_Q = 0.004334

--- Iteration 10 ---
U1 - Qu_upper = 0.365109, U2 - Qv_upper = 0.264974
eta = 0.7986, interval_left = 0.5450, interval_right = 1.0000
Q = 0.003383, term1 = 0.012726, term2 = 0.001026
🌟 New best Q found: 0.003383 at iter 10
best_Q = 0.003382884431630373, final_Q = 0.003383

--- Iteration 11 ---
U1 - Qu_upper = 0.363993, U2 - Qv_upper = 0.284934
eta = 0.8002, interval_left = 0.5677, interval_right = 1.0000
Q = 0.003052, term1 = 0.012746, term2 = 0.000631
🌟 New best Q found: 0.003052 at iter 11
best_Q = 0.003051563398912549, final_Q = 0.003052

--- Iteration 12 ---
U1 - Qu_upper = 0.375007, U2 - Qv_upper = 0.300000
eta = 0.8079, interval_left = 0.5893, interval_right = 1.0000
Q = 0.002627, term1 = 0.011525, term2 = 0.000511
🌟 New best Q found: 0.002627 at iter 12
best_Q = 0.0026270062662661076, final_Q = 0.002627

--- Iteration 13 ---
U1 - Qu_upper = 0.378290, U2 - Qv_upper = 0.300000
eta = 0.8184, interval_left = 0.6099, interval_right = 1.0000
Q = 0.002305, term1 = 0.011174, term2 = 0.000337
🌟 New best Q found: 0.002305 at iter 13
best_Q = 0.0023049707524478436, final_Q = 0.002305

--- Iteration 14 ---
U1 - Qu_upper = 0.377615, U2 - Qv_upper = 0.269550
eta = 0.8375, interval_left = 0.6294, interval_right = 1.0000
Q = 0.002471, term1 = 0.011292, term2 = 0.000759
best_Q = 0.0023049707524478436, final_Q = 0.002471

--- Iteration 15 ---
U1 - Qu_upper = 0.377338, U2 - Qv_upper = 0.300000
eta = 0.8358, interval_left = 0.6479, interval_right = 1.0000
Q = 0.002185, term1 = 0.011362, term2 = 0.000383
🌟 New best Q found: 0.002185 at iter 15
best_Q = 0.0021849675104022026, final_Q = 0.002185

--- Iteration 16 ---
U1 - Qu_upper = 0.379516, U2 - Qv_upper = 0.300000
eta = 0.8446, interval_left = 0.6655, interval_right = 1.0000
Q = 0.001946, term1 = 0.011091, term2 = 0.000263
🌟 New best Q found: 0.001946 at iter 16
best_Q = 0.0019458417082205415, final_Q = 0.001946

--- Iteration 17 ---
U1 - Qu_upper = 0.377185, U2 - Qv_upper = 0.300000
eta = 0.8518, interval_left = 0.6822, interval_right = 1.0000
Q = 0.001932, term1 = 0.011547, term2 = 0.000260
🌟 New best Q found: 0.001932 at iter 17
best_Q = 0.0019323669839650393, final_Q = 0.001932

--- Iteration 18 ---
U1 - Qu_upper = 0.367144, U2 - Qv_upper = 0.270086
eta = 0.8653, interval_left = 0.6981, interval_right = 1.0000
Q = 0.002443, term1 = 0.012911, term2 = 0.000814
best_Q = 0.0019323669839650393, final_Q = 0.002443

--- Iteration 19 ---
U1 - Qu_upper = 0.366881, U2 - Qv_upper = 0.279662
eta = 0.8694, interval_left = 0.7132, interval_right = 1.0000
Q = 0.002232, term1 = 0.012941, term2 = 0.000624
best_Q = 0.0019323669839650393, final_Q = 0.002232

--- Iteration 20 ---
U1 - Qu_upper = 0.369521, U2 - Qv_upper = 0.300000
eta = 0.8715, interval_left = 0.7276, interval_right = 1.0000
Q = 0.001965, term1 = 0.012787, term2 = 0.000370
best_Q = 0.0019323669839650393, final_Q = 0.001965

--- Iteration 21 ---
U1 - Qu_upper = 0.349627, U2 - Qv_upper = 0.285347
eta = 0.8776, interval_left = 0.7412, interval_right = 1.0000
Q = 0.002266, term1 = 0.014608, term2 = 0.000544
best_Q = 0.0019323669839650393, final_Q = 0.002266

--- Iteration 22 ---
U1 - Qu_upper = 0.351073, U2 - Qv_upper = 0.300000
eta = 0.8807, interval_left = 0.7541, interval_right = 1.0000
Q = 0.001904, term1 = 0.014437, term2 = 0.000207
🌟 New best Q found: 0.001904 at iter 22
best_Q = 0.0019042374333366752, final_Q = 0.001904

--- Iteration 23 ---
U1 - Qu_upper = 0.355658, U2 - Qv_upper = 0.300000
eta = 0.8875, interval_left = 0.7664, interval_right = 1.0000
Q = 0.001756, term1 = 0.013955, term2 = 0.000210
🌟 New best Q found: 0.001756 at iter 23
best_Q = 0.0017564521403983235, final_Q = 0.001756

--- Iteration 24 ---
U1 - Qu_upper = 0.374603, U2 - Qv_upper = 0.300000
eta = 0.8961, interval_left = 0.7781, interval_right = 1.0000
Q = 0.001458, term1 = 0.012381, term2 = 0.000192
🌟 New best Q found: 0.001458 at iter 24
best_Q = 0.0014581745490431786, final_Q = 0.001458

--- Iteration 25 ---
U1 - Qu_upper = 0.367538, U2 - Qv_upper = 0.300000
eta = 0.9003, interval_left = 0.7892, interval_right = 1.0000
Q = 0.001667, term1 = 0.013093, term2 = 0.000401
best_Q = 0.0014581745490431786, final_Q = 0.001667

--- Iteration 26 ---
U1 - Qu_upper = 0.378562, U2 - Qv_upper = 0.300000
eta = 0.9068, interval_left = 0.7997, interval_right = 1.0000
Q = 0.001253, term1 = 0.011918, term2 = 0.000157
🌟 New best Q found: 0.001253 at iter 26
best_Q = 0.001252868678420782, final_Q = 0.001253

--- Iteration 27 ---
U1 - Qu_upper = 0.383490, U2 - Qv_upper = 0.300000
eta = 0.9121, interval_left = 0.8097, interval_right = 1.0000
Q = 0.001124, term1 = 0.011283, term2 = 0.000145
🌟 New best Q found: 0.001124 at iter 27
best_Q = 0.0011239503510296345, final_Q = 0.001124

--- Iteration 28 ---
U1 - Qu_upper = 0.384221, U2 - Qv_upper = 0.300000
eta = 0.9166, interval_left = 0.8193, interval_right = 1.0000
Q = 0.001043, term1 = 0.010783, term2 = 0.000156
🌟 New best Q found: 0.001043 at iter 28
best_Q = 0.0010427662637084723, final_Q = 0.001043

--- Iteration 29 ---
U1 - Qu_upper = 0.391636, U2 - Qv_upper = 0.300000
eta = 0.9216, interval_left = 0.8283, interval_right = 1.0000
Q = 0.000964, term1 = 0.010019, term2 = 0.000194
🌟 New best Q found: 0.000964 at iter 29
best_Q = 0.0009642649092711508, final_Q = 0.000964

--- Iteration 30 ---
U1 - Qu_upper = 0.394941, U2 - Qv_upper = 0.300000
eta = 0.9259, interval_left = 0.8369, interval_right = 1.0000
Q = 0.000922, term1 = 0.009780, term2 = 0.000213
🌟 New best Q found: 0.000922 at iter 30
best_Q = 0.0009222700027748942, final_Q = 0.000922

--- Iteration 31 ---
U1 - Qu_upper = 0.393744, U2 - Qv_upper = 0.300000
eta = 0.9295, interval_left = 0.8450, interval_right = 1.0000
Q = 0.001006, term1 = 0.009868, term2 = 0.000333
best_Q = 0.0009222700027748942, final_Q = 0.001006

--- Iteration 32 ---
U1 - Qu_upper = 0.396490, U2 - Qv_upper = 0.300000
eta = 0.9332, interval_left = 0.8528, interval_right = 1.0000
Q = 0.000743, term1 = 0.009240, term2 = 0.000136
🌟 New best Q found: 0.000743 at iter 32
best_Q = 0.0007433861028403044, final_Q = 0.000743

--- Iteration 33 ---
U1 - Qu_upper = 0.391153, U2 - Qv_upper = 0.300000
eta = 0.9361, interval_left = 0.8601, interval_right = 1.0000
Q = 0.000711, term1 = 0.009609, term2 = 0.000104
🌟 New best Q found: 0.000711 at iter 33
best_Q = 0.0007111022132448852, final_Q = 0.000711

--- Iteration 34 ---
U1 - Qu_upper = 0.379967, U2 - Qv_upper = 0.300000
eta = 0.9383, interval_left = 0.8671, interval_right = 1.0000
Q = 0.000745, term1 = 0.010654, term2 = 0.000094
best_Q = 0.0007111022132448852, final_Q = 0.000745

--- Iteration 35 ---
U1 - Qu_upper = 0.368409, U2 - Qv_upper = 0.300000
eta = 0.9404, interval_left = 0.8738, interval_right = 1.0000
Q = 0.000793, term1 = 0.011826, term2 = 0.000093
best_Q = 0.0007111022132448852, final_Q = 0.000793

--- Iteration 36 ---
U1 - Qu_upper = 0.377615, U2 - Qv_upper = 0.300000
eta = 0.9441, interval_left = 0.8801, interval_right = 1.0000
Q = 0.000675, term1 = 0.010513, term2 = 0.000093
🌟 New best Q found: 0.000675 at iter 36
best_Q = 0.0006753497873432934, final_Q = 0.000675

--- Iteration 37 ---
U1 - Qu_upper = 0.394366, U2 - Qv_upper = 0.300000
eta = 0.9482, interval_left = 0.8861, interval_right = 1.0000
Q = 0.000597, term1 = 0.009815, term2 = 0.000093
🌟 New best Q found: 0.000597 at iter 37
best_Q = 0.0005969236372038722, final_Q = 0.000597

--- Iteration 38 ---
U1 - Qu_upper = 0.397243, U2 - Qv_upper = 0.300000
eta = 0.9510, interval_left = 0.8918, interval_right = 1.0000
Q = 0.000534, term1 = 0.009079, term2 = 0.000093
🌟 New best Q found: 0.000534 at iter 38
best_Q = 0.0005335292080417275, final_Q = 0.000534

--- Iteration 39 ---
U1 - Qu_upper = 0.400359, U2 - Qv_upper = 0.300000
eta = 0.9536, interval_left = 0.8972, interval_right = 1.0000
Q = 0.000529, term1 = 0.009269, term2 = 0.000105
🌟 New best Q found: 0.000529 at iter 39
best_Q = 0.0005294014699757099, final_Q = 0.000529

--- Iteration 40 ---
U1 - Qu_upper = 0.410014, U2 - Qv_upper = 0.300000
eta = 0.9566, interval_left = 0.9023, interval_right = 1.0000
Q = 0.000525, term1 = 0.008909, term2 = 0.000145
🌟 New best Q found: 0.000525 at iter 40
best_Q = 0.0005252619739621878, final_Q = 0.000525

--- Iteration 41 ---
U1 - Qu_upper = 0.410014, U2 - Qv_upper = 0.300000
eta = 0.9587, interval_left = 0.9072, interval_right = 1.0000
Q = 0.000506, term1 = 0.008909, term2 = 0.000145
🌟 New best Q found: 0.000506 at iter 41
best_Q = 0.0005062248092144728, final_Q = 0.000506

--- Iteration 42 ---
U1 - Qu_upper = 0.416616, U2 - Qv_upper = 0.300000
eta = 0.9612, interval_left = 0.9119, interval_right = 1.0000
Q = 0.000428, term1 = 0.008127, term2 = 0.000117
🌟 New best Q found: 0.000428 at iter 42
best_Q = 0.000428457569796592, final_Q = 0.000428

--- Iteration 43 ---
U1 - Qu_upper = 0.424529, U2 - Qv_upper = 0.300000
eta = 0.9635, interval_left = 0.9163, interval_right = 1.0000
Q = 0.000391, term1 = 0.007613, term2 = 0.000117
🌟 New best Q found: 0.000391 at iter 43
best_Q = 0.00039088097400963306, final_Q = 0.000391

--- Iteration 44 ---
U1 - Qu_upper = 0.422375, U2 - Qv_upper = 0.300000
eta = 0.9652, interval_left = 0.9204, interval_right = 1.0000
Q = 0.000526, term1 = 0.008038, term2 = 0.000255
best_Q = 0.00039088097400963306, final_Q = 0.000526

--- Iteration 45 ---
U1 - Qu_upper = 0.423964, U2 - Qv_upper = 0.300000
eta = 0.9670, interval_left = 0.9244, interval_right = 1.0000
Q = 0.000372, term1 = 0.007904, term2 = 0.000115
🌟 New best Q found: 0.000372 at iter 45
best_Q = 0.00037151123979128897, final_Q = 0.000372

--- Iteration 46 ---
U1 - Qu_upper = 0.426370, U2 - Qv_upper = 0.300000
eta = 0.9688, interval_left = 0.9282, interval_right = 1.0000
Q = 0.000339, term1 = 0.007314, term2 = 0.000115
🌟 New best Q found: 0.000339 at iter 46
best_Q = 0.0003393452207092196, final_Q = 0.000339

--- Iteration 47 ---
U1 - Qu_upper = 0.413961, U2 - Qv_upper = 0.300000
eta = 0.9698, interval_left = 0.9318, interval_right = 1.0000
Q = 0.000348, term1 = 0.007899, term2 = 0.000113
best_Q = 0.0003393452207092196, final_Q = 0.000348

--- Iteration 48 ---
U1 - Qu_upper = 0.419776, U2 - Qv_upper = 0.300000
eta = 0.9716, interval_left = 0.9352, interval_right = 1.0000
Q = 0.000299, term1 = 0.007213, term2 = 0.000097
🌟 New best Q found: 0.000299 at iter 48
best_Q = 0.000298893399303779, final_Q = 0.000299

--- Iteration 49 ---
U1 - Qu_upper = 0.416636, U2 - Qv_upper = 0.300000
eta = 0.9729, interval_left = 0.9384, interval_right = 1.0000
Q = 0.000317, term1 = 0.007434, term2 = 0.000119
best_Q = 0.000298893399303779, final_Q = 0.000317

--- Iteration 50 ---
U1 - Qu_upper = 0.419251, U2 - Qv_upper = 0.300000
eta = 0.9743, interval_left = 0.9415, interval_right = 1.0000
Q = 0.000274, term1 = 0.007730, term2 = 0.000078
🌟 New best Q found: 0.000274 at iter 50
best_Q = 0.0002742831129580736, final_Q = 0.000274

--- Iteration 51 ---
U1 - Qu_upper = 0.424032, U2 - Qv_upper = 0.300000
eta = 0.9758, interval_left = 0.9444, interval_right = 1.0000
Q = 0.000258, term1 = 0.007504, term2 = 0.000078
🌟 New best Q found: 0.000258 at iter 51
best_Q = 0.00025831657694652677, final_Q = 0.000258

--- Iteration 52 ---
U1 - Qu_upper = 0.423633, U2 - Qv_upper = 0.300000
eta = 0.9770, interval_left = 0.9472, interval_right = 1.0000
Q = 0.000251, term1 = 0.007580, term2 = 0.000078
🌟 New best Q found: 0.000251 at iter 52
best_Q = 0.0002512302598915994, final_Q = 0.000251

--- Iteration 53 ---
U1 - Qu_upper = 0.423951, U2 - Qv_upper = 0.300000
eta = 0.9781, interval_left = 0.9499, interval_right = 1.0000
Q = 0.000286, term1 = 0.007566, term2 = 0.000123
best_Q = 0.0002512302598915994, final_Q = 0.000286

--- Iteration 54 ---
U1 - Qu_upper = 0.406579, U2 - Qv_upper = 0.300000
eta = 0.9787, interval_left = 0.9524, interval_right = 1.0000
Q = 0.000244, term1 = 0.008460, term2 = 0.000065
🌟 New best Q found: 0.000244 at iter 54
best_Q = 0.0002435997739667073, final_Q = 0.000244

--- Iteration 55 ---
U1 - Qu_upper = 0.407644, U2 - Qv_upper = 0.300000
eta = 0.9798, interval_left = 0.9548, interval_right = 1.0000
Q = 0.000249, term1 = 0.008733, term2 = 0.000075
best_Q = 0.0002435997739667073, final_Q = 0.000249

--- Iteration 56 ---
U1 - Qu_upper = 0.406935, U2 - Qv_upper = 0.300000
eta = 0.9808, interval_left = 0.9570, interval_right = 1.0000
Q = 0.000244, term1 = 0.008255, term2 = 0.000087
best_Q = 0.0002435997739667073, final_Q = 0.000244

--- Iteration 57 ---
U1 - Qu_upper = 0.401668, U2 - Qv_upper = 0.300000
eta = 0.9816, interval_left = 0.9592, interval_right = 1.0000
Q = 0.000251, term1 = 0.008538, term2 = 0.000096
best_Q = 0.0002435997739667073, final_Q = 0.000251

--- Iteration 58 ---
U1 - Qu_upper = 0.374781, U2 - Qv_upper = 0.300000
eta = 0.9818, interval_left = 0.9612, interval_right = 1.0000
Q = 0.000301, term1 = 0.010860, term2 = 0.000105
best_Q = 0.0002435997739667073, final_Q = 0.000301

--- Iteration 59 ---
U1 - Qu_upper = 0.359470, U2 - Qv_upper = 0.300000
eta = 0.9824, interval_left = 0.9631, interval_right = 1.0000
Q = 0.000287, term1 = 0.012783, term2 = 0.000063
best_Q = 0.0002435997739667073, final_Q = 0.000287

--- Iteration 60 ---
U1 - Qu_upper = 0.362021, U2 - Qv_upper = 0.300000
eta = 0.9833, interval_left = 0.9650, interval_right = 1.0000
Q = 0.000247, term1 = 0.012567, term2 = 0.000038
best_Q = 0.0002435997739667073, final_Q = 0.000247

--- Iteration 61 ---
U1 - Qu_upper = 0.360075, U2 - Qv_upper = 0.300000
eta = 0.9841, interval_left = 0.9667, interval_right = 1.0000
Q = 0.000244, term1 = 0.012968, term2 = 0.000038
best_Q = 0.0002435997739667073, final_Q = 0.000244

--- Iteration 62 ---
U1 - Qu_upper = 0.368522, U2 - Qv_upper = 0.300000
eta = 0.9851, interval_left = 0.9684, interval_right = 1.0000
Q = 0.000223, term1 = 0.012393, term2 = 0.000038
🌟 New best Q found: 0.000223 at iter 62
best_Q = 0.00022274366347119212, final_Q = 0.000223

--- Iteration 63 ---
U1 - Qu_upper = 0.363957, U2 - Qv_upper = 0.300000
eta = 0.9857, interval_left = 0.9700, interval_right = 1.0000
Q = 0.000217, term1 = 0.012585, term2 = 0.000038
🌟 New best Q found: 0.000217 at iter 63
best_Q = 0.00021746859420090914, final_Q = 0.000217

--- Iteration 64 ---
U1 - Qu_upper = 0.379508, U2 - Qv_upper = 0.300000
eta = 0.9867, interval_left = 0.9715, interval_right = 1.0000
Q = 0.000195, term1 = 0.011891, term2 = 0.000038
🌟 New best Q found: 0.000195 at iter 64
best_Q = 0.00019541919755283743, final_Q = 0.000195

--- Iteration 65 ---
U1 - Qu_upper = 0.381719, U2 - Qv_upper = 0.300000
eta = 0.9875, interval_left = 0.9729, interval_right = 1.0000
Q = 0.000189, term1 = 0.012062, term2 = 0.000038
🌟 New best Q found: 0.000189 at iter 65
best_Q = 0.00018921616720035672, final_Q = 0.000189

--- Iteration 66 ---
U1 - Qu_upper = 0.381074, U2 - Qv_upper = 0.300000
eta = 0.9881, interval_left = 0.9743, interval_right = 1.0000
Q = 0.000178, term1 = 0.011750, term2 = 0.000038
🌟 New best Q found: 0.000178 at iter 66
best_Q = 0.00017808961274567991, final_Q = 0.000178

--- Iteration 67 ---
U1 - Qu_upper = 0.361799, U2 - Qv_upper = 0.300000
eta = 0.9883, interval_left = 0.9755, interval_right = 1.0000
Q = 0.000353, term1 = 0.013584, term2 = 0.000197
best_Q = 0.00017808961274567991, final_Q = 0.000353

--- Iteration 68 ---
U1 - Qu_upper = 0.356208, U2 - Qv_upper = 0.283594
eta = 0.9892, interval_left = 0.9768, interval_right = 1.0000
Q = 0.000616, term1 = 0.014022, term2 = 0.000469
best_Q = 0.00017808961274567991, final_Q = 0.000616

--- Iteration 69 ---
U1 - Qu_upper = 0.355345, U2 - Qv_upper = 0.300000
eta = 0.9894, interval_left = 0.9779, interval_right = 1.0000
Q = 0.000369, term1 = 0.014215, term2 = 0.000220
best_Q = 0.00017808961274567991, final_Q = 0.000369

--- Iteration 70 ---
U1 - Qu_upper = 0.357121, U2 - Qv_upper = 0.300000
eta = 0.9899, interval_left = 0.9790, interval_right = 1.0000
Q = 0.000199, term1 = 0.013571, term2 = 0.000063
best_Q = 0.00017808961274567991, final_Q = 0.000199

--- Iteration 71 ---
U1 - Qu_upper = 0.354890, U2 - Qv_upper = 0.300000
eta = 0.9904, interval_left = 0.9801, interval_right = 1.0000
Q = 0.000405, term1 = 0.013949, term2 = 0.000274
best_Q = 0.00017808961274567991, final_Q = 0.000405

--- Iteration 72 ---
U1 - Qu_upper = 0.355557, U2 - Qv_upper = 0.300000
eta = 0.9909, interval_left = 0.9811, interval_right = 1.0000
Q = 0.000230, term1 = 0.014018, term2 = 0.000103
best_Q = 0.00017808961274567991, final_Q = 0.000230

--- Iteration 73 ---
U1 - Qu_upper = 0.345513, U2 - Qv_upper = 0.300000
eta = 0.9912, interval_left = 0.9820, interval_right = 1.0000
Q = 0.000207, term1 = 0.015431, term2 = 0.000072
best_Q = 0.00017808961274567991, final_Q = 0.000207

--- Iteration 74 ---
U1 - Qu_upper = 0.347322, U2 - Qv_upper = 0.300000
eta = 0.9917, interval_left = 0.9829, interval_right = 1.0000
Q = 0.000183, term1 = 0.015235, term2 = 0.000057
best_Q = 0.00017808961274567991, final_Q = 0.000183

--- Iteration 75 ---
U1 - Qu_upper = 0.345045, U2 - Qv_upper = 0.300000
eta = 0.9921, interval_left = 0.9838, interval_right = 1.0000
Q = 0.000159, term1 = 0.015577, term2 = 0.000035
🌟 New best Q found: 0.000159 at iter 75
best_Q = 0.00015882750449236482, final_Q = 0.000159

--- Iteration 76 ---
U1 - Qu_upper = 0.331339, U2 - Qv_upper = 0.289471
eta = 0.9924, interval_left = 0.9846, interval_right = 1.0000
Q = 0.000570, term1 = 0.017398, term2 = 0.000441
best_Q = 0.00015882750449236482, final_Q = 0.000570

--- Iteration 77 ---
U1 - Qu_upper = 0.332597, U2 - Qv_upper = 0.300000
eta = 0.9927, interval_left = 0.9854, interval_right = 1.0000
Q = 0.000218, term1 = 0.017328, term2 = 0.000092
best_Q = 0.00015882750449236482, final_Q = 0.000218

--- Iteration 78 ---
U1 - Qu_upper = 0.341906, U2 - Qv_upper = 0.300000
eta = 0.9932, interval_left = 0.9861, interval_right = 1.0000
Q = 0.000145, term1 = 0.016348, term2 = 0.000033
🌟 New best Q found: 0.000145 at iter 78
best_Q = 0.00014469078450929374, final_Q = 0.000145

--- Iteration 79 ---
U1 - Qu_upper = 0.338245, U2 - Qv_upper = 0.265703
eta = 0.9939, interval_left = 0.9868, interval_right = 1.0000
Q = 0.000920, term1 = 0.016559, term2 = 0.000824
best_Q = 0.00014469078450929374, final_Q = 0.000920

--- Iteration 80 ---
U1 - Qu_upper = 0.342105, U2 - Qv_upper = 0.300000
eta = 0.9938, interval_left = 0.9874, interval_right = 1.0000
Q = 0.000202, term1 = 0.015993, term2 = 0.000104
best_Q = 0.00014469078450929374, final_Q = 0.000202

--- Iteration 81 ---
U1 - Qu_upper = 0.314345, U2 - Qv_upper = 0.293531
eta = 0.9939, interval_left = 0.9881, interval_right = 1.0000
Q = 0.000490, term1 = 0.020068, term2 = 0.000370
best_Q = 0.00014469078450929374, final_Q = 0.000490

--- Iteration 82 ---
U1 - Qu_upper = 0.329356, U2 - Qv_upper = 0.263498
eta = 0.9947, interval_left = 0.9887, interval_right = 1.0000
Q = 0.001038, term1 = 0.017657, term2 = 0.000950
best_Q = 0.00014469078450929374, final_Q = 0.001038

--- Iteration 83 ---
U1 - Qu_upper = 0.327346, U2 - Qv_upper = 0.300000
eta = 0.9946, interval_left = 0.9892, interval_right = 1.0000
Q = 0.000453, term1 = 0.017898, term2 = 0.000358
best_Q = 0.00014469078450929374, final_Q = 0.000453

--- Iteration 84 ---
U1 - Qu_upper = 0.315021, U2 - Qv_upper = 0.250731
eta = 0.9952, interval_left = 0.9898, interval_right = 1.0000
Q = 0.001484, term1 = 0.019953, term2 = 0.001396
best_Q = 0.00014469078450929374, final_Q = 0.001484

--- Iteration 85 ---
U1 - Qu_upper = 0.315477, U2 - Qv_upper = 0.300000
eta = 0.9950, interval_left = 0.9903, interval_right = 1.0000
Q = 0.000377, term1 = 0.019709, term2 = 0.000280
best_Q = 0.00014469078450929374, final_Q = 0.000377

--- Iteration 86 ---
U1 - Qu_upper = 0.309028, U2 - Qv_upper = 0.300000
eta = 0.9952, interval_left = 0.9908, interval_right = 1.0000
Q = 0.000254, term1 = 0.020813, term2 = 0.000155
best_Q = 0.00014469078450929374, final_Q = 0.000254

--- Iteration 87 ---
U1 - Qu_upper = 0.308321, U2 - Qv_upper = 0.300000
eta = 0.9954, interval_left = 0.9912, interval_right = 1.0000
Q = 0.000185, term1 = 0.020986, term2 = 0.000090
best_Q = 0.00014469078450929374, final_Q = 0.000185

--- Iteration 88 ---
U1 - Qu_upper = 0.310873, U2 - Qv_upper = 0.300000
eta = 0.9957, interval_left = 0.9917, interval_right = 1.0000
Q = 0.000351, term1 = 0.020965, term2 = 0.000262
best_Q = 0.00014469078450929374, final_Q = 0.000351

--- Iteration 89 ---
U1 - Qu_upper = 0.326749, U2 - Qv_upper = 0.300000
eta = 0.9960, interval_left = 0.9921, interval_right = 1.0000
Q = 0.000292, term1 = 0.018257, term2 = 0.000220
best_Q = 0.00014469078450929374, final_Q = 0.000292

--- Iteration 90 ---
U1 - Qu_upper = 0.331655, U2 - Qv_upper = 0.281545
eta = 0.9964, interval_left = 0.9925, interval_right = 1.0000
Q = 0.000609, term1 = 0.017566, term2 = 0.000547
best_Q = 0.00014469078450929374, final_Q = 0.000609

--- Iteration 91 ---
U1 - Qu_upper = 0.327520, U2 - Qv_upper = 0.261144
eta = 0.9967, interval_left = 0.9929, interval_right = 1.0000
Q = 0.001072, term1 = 0.018287, term2 = 0.001015
best_Q = 0.00014469078450929374, final_Q = 0.001072

--- Iteration 92 ---
U1 - Qu_upper = 0.315762, U2 - Qv_upper = 0.259199
eta = 0.9968, interval_left = 0.9932, interval_right = 1.0000
Q = 0.001138, term1 = 0.019976, term2 = 0.001077
best_Q = 0.00014469078450929374, final_Q = 0.001138

--- Iteration 93 ---
U1 - Qu_upper = 0.299902, U2 - Qv_upper = 0.300000
eta = 0.9966, interval_left = 0.9932, interval_right = 0.9997
Q = 0.000214, term1 = 0.022483, term2 = 0.000138
best_Q = 0.00014469078450929374, final_Q = 0.000214

--- Iteration 94 ---
U1 - Qu_upper = 0.309923, U2 - Qv_upper = 0.267129
eta = 0.9967, interval_left = 0.9935, interval_right = 0.9997
Q = 0.000938, term1 = 0.021132, term2 = 0.000871
best_Q = 0.00014469078450929374, final_Q = 0.000938

--- Iteration 95 ---
U1 - Qu_upper = 0.297757, U2 - Qv_upper = 0.300000
eta = 0.9966, interval_left = 0.9935, interval_right = 0.9994
Q = 0.000135, term1 = 0.022752, term2 = 0.000057
🌟 New best Q found: 0.000135 at iter 95
best_Q = 0.00013458382454700768, final_Q = 0.000135

--- Iteration 96 ---
U1 - Qu_upper = 0.313064, U2 - Qv_upper = 0.300000
eta = 0.9965, interval_left = 0.9938, interval_right = 0.9994
Q = 0.000148, term1 = 0.020034, term2 = 0.000079
best_Q = 0.00013458382454700768, final_Q = 0.000148

--- Iteration 97 ---
U1 - Qu_upper = 0.283015, U2 - Qv_upper = 0.300000
eta = 0.9965, interval_left = 0.9938, interval_right = 0.9991
Q = 0.000463, term1 = 0.025693, term2 = 0.000374
best_Q = 0.00013458382454700768, final_Q = 0.000463

--- Iteration 98 ---
U1 - Qu_upper = 0.317449, U2 - Qv_upper = 0.300000
eta = 0.9965, interval_left = 0.9941, interval_right = 0.9991
Q = 0.000105, term1 = 0.019592, term2 = 0.000037
🌟 New best Q found: 0.000105 at iter 98
best_Q = 0.00010450539411976933, final_Q = 0.000105

--- Iteration 99 ---
U1 - Qu_upper = 0.301600, U2 - Qv_upper = 0.300000
eta = 0.9966, interval_left = 0.9943, interval_right = 0.9991
Q = 0.000100, term1 = 0.021690, term2 = 0.000026
🌟 New best Q found: 0.000100 at iter 99
best_Q = 9.99567928374745e-05, final_Q = 0.000100
Optimization End
📁 Visualization directory ensured: /work3/s232263/DCE_Results/german_credit/MLP/DCE_u1=0.5,u2=0.3,l=0.2,r=1.0,mi=100,tk=1,nt=10/cone_all_Genetic_cp=0.8,gsp=0.5,mpc=0.3,mpo=0.8,mns=0.1,cs=1.2,ct=0.1,temp=2.0/seed_2025_20250805_071659/visualizations
Model saved to: /work3/s232263/DCE_Results/german_credit/MLP/DCE_u1=0.5,u2=0.3,l=0.2,r=1.0,mi=100,tk=1,nt=10/cone_all_Genetic_cp=0.8,gsp=0.5,mpc=0.3,mpo=0.8,mns=0.1,cs=1.2,ct=0.1,temp=2.0/seed_2025_20250805_071659/model.pkl
Best results saved to: /work3/s232263/DCE_Results/german_credit/MLP/DCE_u1=0.5,u2=0.3,l=0.2,r=1.0,mi=100,tk=1,nt=10/cone_all_Genetic_cp=0.8,gsp=0.5,mpc=0.3,mpo=0.8,mns=0.1,cs=1.2,ct=0.1,temp=2.0/seed_2025_20250805_071659
Final results saved to: /work3/s232263/DCE_Results/german_credit/MLP/DCE_u1=0.5,u2=0.3,l=0.2,r=1.0,mi=100,tk=1,nt=10/cone_all_Genetic_cp=0.8,gsp=0.5,mpc=0.3,mpo=0.8,mns=0.1,cs=1.2,ct=0.1,temp=2.0/seed_2025_20250805_071659
Optimization log saved to: /work3/s232263/DCE_Results/german_credit/MLP/DCE_u1=0.5,u2=0.3,l=0.2,r=1.0,mi=100,tk=1,nt=10/cone_all_Genetic_cp=0.8,gsp=0.5,mpc=0.3,mpo=0.8,mns=0.1,cs=1.2,ct=0.1,temp=2.0/seed_2025_20250805_071659
All results successfully saved to: /work3/s232263/DCE_Results/german_credit/MLP/DCE_u1=0.5,u2=0.3,l=0.2,r=1.0,mi=100,tk=1,nt=10/cone_all_Genetic_cp=0.8,gsp=0.5,mpc=0.3,mpo=0.8,mns=0.1,cs=1.2,ct=0.1,temp=2.0/seed_2025_20250805_071659
Visualizations will be saved to: /work3/s232263/DCE_Results/german_credit/MLP/DCE_u1=0.5,u2=0.3,l=0.2,r=1.0,mi=100,tk=1,nt=10/cone_all_Genetic_cp=0.8,gsp=0.5,mpc=0.3,mpo=0.8,mns=0.1,cs=1.2,ct=0.1,temp=2.0/seed_2025_20250805_071659/visualizations
✅ DCE explanation completed!
🎯 Best Q: 0.000100
📊 Final Q: 0.000100
🎉 Found feasible solution: True
💾 Results saved to: /work3/s232263/DCE_Results/german_credit/MLP/DCE_u1=0.5,u2=0.3,l=0.2,r=1.0,mi=100,tk=1,nt=10/cone_all_Genetic_cp=0.8,gsp=0.5,mpc=0.3,mpo=0.8,mns=0.1,cs=1.2,ct=0.1,temp=2.0/seed_2025_20250805_071659
📊 Calculating metrics...
✅ Data processed for metrics calculation
   Coverage Rate: 0.800
   MMD: 0.019
   OT Distance: 0.0348
   Percentile Differences:
     0-15%: 20.681%
     15-30%: 15.503%
     30-70%: 740.121%
     70-85%: 166.834%
     85-100%: 49.098%
   AReS Cost: 8.076
💾 Metrics saved to: /work3/s232263/DCE_Results/german_credit/MLP/DCE_u1=0.5,u2=0.3,l=0.2,r=1.0,mi=100,tk=1,nt=10/cone_all_Genetic_cp=0.8,gsp=0.5,mpc=0.3,mpo=0.8,mns=0.1,cs=1.2,ct=0.1,temp=2.0/seed_2025_20250805_071659/metrics_summary.json

============================================================
🎲 Running experiment: simulated_annealing (alias: sa_demo)
============================================================
🎯 Creating strategy: simulated_annealing (alias: sa_demo)
🧭 Full cone sampling mode (both categorical and continuous)
📐 Cone angle: 45.0° (0.785 rad)
🚀 Starting DCE explanation...
📍 Using original factual data as starting point (X_init=False)
Results will be saved to: /work3/s232263/DCE_Results/german_credit/MLP/DCE_u1=0.5,u2=0.3,l=0.2,r=1.0,mi=100,tk=1,nt=10/cone_all_SimulatedAnnealing_T0=1.5,Tf=0.01,td=None,cs=1.2,ct=0.1,temp=2.0/seed_2025_20250805_074304
📁 Initial data saved:
   - x_true.csv: (50, 9)
   - y_true.csv: (50, 1)
   - y_target.csv: (50,)
Training Start
Optimization Start

--- Iteration 0 ---
U1 - Qu_upper = 0.500000, U2 - Qv_upper = -0.081206
eta = 1.0000, interval_left = 0.2400, interval_right = 1.0000
Q = 0.061348, term1 = 0.000000, term2 = 0.061348
best_Q = inf, final_Q = 0.061348

--- Iteration 1 ---
U1 - Qu_upper = 0.442259, U2 - Qv_upper = -0.049824
eta = 1.0000, interval_left = 0.2780, interval_right = 1.0000
Q = 0.051782, term1 = 0.003081, term2 = 0.051782
best_Q = inf, final_Q = 0.051782

--- Iteration 2 ---
U1 - Qu_upper = 0.425566, U2 - Qv_upper = -0.015209
eta = 1.0000, interval_left = 0.3141, interval_right = 1.0000
Q = 0.041646, term1 = 0.005293, term2 = 0.041646
best_Q = inf, final_Q = 0.041646

--- Iteration 3 ---
U1 - Qu_upper = 0.433364, U2 - Qv_upper = 0.028234
eta = 0.9580, interval_left = 0.3484, interval_right = 1.0000
Q = 0.029974, term1 = 0.004995, term2 = 0.031067
🌟 New best Q found: 0.029974 at iter 3
best_Q = 0.029973575845360756, final_Q = 0.029974

--- Iteration 4 ---
U1 - Qu_upper = 0.394684, U2 - Qv_upper = 0.077874
eta = 0.8926, interval_left = 0.3810, interval_right = 1.0000
Q = 0.019746, term1 = 0.008853, term2 = 0.021056
🌟 New best Q found: 0.019746 at iter 4
best_Q = 0.019746098667383194, final_Q = 0.019746

--- Iteration 5 ---
U1 - Qu_upper = 0.331892, U2 - Qv_upper = 0.134379
eta = 0.8216, interval_left = 0.4119, interval_right = 1.0000
Q = 0.012782, term1 = 0.016519, term2 = 0.011971
🌟 New best Q found: 0.012782 at iter 5
best_Q = 0.012782085686922073, final_Q = 0.012782

--- Iteration 6 ---
U1 - Qu_upper = 0.279107, U2 - Qv_upper = 0.155680
eta = 0.7894, interval_left = 0.4413, interval_right = 1.0000
Q = 0.012415, term1 = 0.024900, term2 = 0.009085
🌟 New best Q found: 0.012415 at iter 6
best_Q = 0.012415304780006409, final_Q = 0.012415

--- Iteration 7 ---
U1 - Qu_upper = 0.267898, U2 - Qv_upper = 0.174605
eta = 0.7796, interval_left = 0.4693, interval_right = 1.0000
Q = 0.011371, term1 = 0.027112, term2 = 0.006920
🌟 New best Q found: 0.011371 at iter 7
best_Q = 0.011371063068509102, final_Q = 0.011371

--- Iteration 8 ---
U1 - Qu_upper = 0.231505, U2 - Qv_upper = 0.218109
eta = 0.7425, interval_left = 0.4958, interval_right = 1.0000
Q = 0.011562, term1 = 0.035000, term2 = 0.003436
best_Q = 0.011371063068509102, final_Q = 0.011562

--- Iteration 9 ---
U1 - Qu_upper = 0.237877, U2 - Qv_upper = 0.218111
eta = 0.7588, interval_left = 0.5210, interval_right = 1.0000
Q = 0.010687, term1 = 0.033501, term2 = 0.003436
🌟 New best Q found: 0.010687 at iter 9
best_Q = 0.010686771012842655, final_Q = 0.010687

--- Iteration 10 ---
U1 - Qu_upper = 0.256187, U2 - Qv_upper = 0.218102
eta = 0.7797, interval_left = 0.5450, interval_right = 1.0000
Q = 0.009233, term1 = 0.029753, term2 = 0.003437
🌟 New best Q found: 0.009233 at iter 10
best_Q = 0.009233166463673115, final_Q = 0.009233

--- Iteration 11 ---
U1 - Qu_upper = 0.237914, U2 - Qv_upper = 0.226921
eta = 0.7779, interval_left = 0.5677, interval_right = 1.0000
Q = 0.009724, term1 = 0.033655, term2 = 0.002890
best_Q = 0.009233166463673115, final_Q = 0.009724

--- Iteration 12 ---
U1 - Qu_upper = 0.266290, U2 - Qv_upper = 0.260290
eta = 0.7863, interval_left = 0.5893, interval_right = 1.0000
Q = 0.006877, term1 = 0.027575, term2 = 0.001252
🌟 New best Q found: 0.006877 at iter 12
best_Q = 0.006877007894217968, final_Q = 0.006877

--- Iteration 13 ---
U1 - Qu_upper = 0.259498, U2 - Qv_upper = 0.259261
eta = 0.7948, interval_left = 0.6099, interval_right = 1.0000
Q = 0.006960, term1 = 0.029061, term2 = 0.001252
best_Q = 0.006877007894217968, final_Q = 0.006960

--- Iteration 14 ---
U1 - Qu_upper = 0.271117, U2 - Qv_upper = 0.258485
eta = 0.8096, interval_left = 0.6294, interval_right = 1.0000
Q = 0.006141, term1 = 0.026853, term2 = 0.001269
🌟 New best Q found: 0.006141 at iter 14
best_Q = 0.0061409007757902145, final_Q = 0.006141

--- Iteration 15 ---
U1 - Qu_upper = 0.256280, U2 - Qv_upper = 0.269622
eta = 0.8100, interval_left = 0.6294, interval_right = 0.9815
Q = 0.006290, term1 = 0.029064, term2 = 0.000948
best_Q = 0.0061409007757902145, final_Q = 0.006290

--- Iteration 16 ---
U1 - Qu_upper = 0.273530, U2 - Qv_upper = 0.268640
eta = 0.8070, interval_left = 0.6470, interval_right = 0.9815
Q = 0.005780, term1 = 0.025966, term2 = 0.000953
🌟 New best Q found: 0.005780 at iter 16
best_Q = 0.005780118051916361, final_Q = 0.005780

--- Iteration 17 ---
U1 - Qu_upper = 0.281230, U2 - Qv_upper = 0.268664
eta = 0.8180, interval_left = 0.6637, interval_right = 0.9815
Q = 0.005407, term1 = 0.025435, term2 = 0.000953
🌟 New best Q found: 0.005407 at iter 17
best_Q = 0.005407499149441719, final_Q = 0.005407

--- Iteration 18 ---
U1 - Qu_upper = 0.292383, U2 - Qv_upper = 0.267407
eta = 0.8297, interval_left = 0.6796, interval_right = 0.9815
Q = 0.004736, term1 = 0.022850, term2 = 0.001017
🌟 New best Q found: 0.004736 at iter 18
best_Q = 0.004735962953418493, final_Q = 0.004736

--- Iteration 19 ---
U1 - Qu_upper = 0.289949, U2 - Qv_upper = 0.268640
eta = 0.8363, interval_left = 0.6947, interval_right = 0.9815
Q = 0.004727, term1 = 0.024006, term2 = 0.000953
🌟 New best Q found: 0.004727 at iter 19
best_Q = 0.004726802930235863, final_Q = 0.004727

--- Iteration 20 ---
U1 - Qu_upper = 0.264137, U2 - Qv_upper = 0.283856
eta = 0.8329, interval_left = 0.6947, interval_right = 0.9671
Q = 0.005355, term1 = 0.029223, term2 = 0.000567
best_Q = 0.004726802930235863, final_Q = 0.005355

--- Iteration 21 ---
U1 - Qu_upper = 0.229829, U2 - Qv_upper = 0.263095
eta = 0.8217, interval_left = 0.6947, interval_right = 0.9535
Q = 0.007458, term1 = 0.036385, term2 = 0.001182
best_Q = 0.004726802930235863, final_Q = 0.007458

--- Iteration 22 ---
U1 - Qu_upper = 0.221754, U2 - Qv_upper = 0.263091
eta = 0.8131, interval_left = 0.6947, interval_right = 0.9406
Q = 0.008128, term1 = 0.038339, term2 = 0.001182
best_Q = 0.004726802930235863, final_Q = 0.008128

--- Iteration 23 ---
U1 - Qu_upper = 0.225439, U2 - Qv_upper = 0.186919
eta = 0.8291, interval_left = 0.7070, interval_right = 0.9406
Q = 0.011226, term1 = 0.037293, term2 = 0.005854
best_Q = 0.004726802930235863, final_Q = 0.011226

--- Iteration 24 ---
U1 - Qu_upper = 0.212690, U2 - Qv_upper = 0.300000
eta = 0.8039, interval_left = 0.7070, interval_right = 0.9289
Q = 0.008080, term1 = 0.039318, term2 = 0.000459
best_Q = 0.004726802930235863, final_Q = 0.008080

--- Iteration 25 ---
U1 - Qu_upper = 0.197322, U2 - Qv_upper = 0.300000
eta = 0.7950, interval_left = 0.7070, interval_right = 0.9178
Q = 0.009428, term1 = 0.044146, term2 = 0.000477
best_Q = 0.004726802930235863, final_Q = 0.009428

--- Iteration 26 ---
U1 - Qu_upper = 0.204011, U2 - Qv_upper = 0.300000
eta = 0.7923, interval_left = 0.7070, interval_right = 0.9072
Q = 0.009203, term1 = 0.042491, term2 = 0.000477
best_Q = 0.004726802930235863, final_Q = 0.009203

--- Iteration 27 ---
U1 - Qu_upper = 0.225895, U2 - Qv_upper = 0.300000
eta = 0.7930, interval_left = 0.7070, interval_right = 0.8972
Q = 0.008029, term1 = 0.037578, term2 = 0.000316
best_Q = 0.004726802930235863, final_Q = 0.008029

--- Iteration 28 ---
U1 - Qu_upper = 0.240753, U2 - Qv_upper = 0.300000
eta = 0.7917, interval_left = 0.7070, interval_right = 0.8877
Q = 0.007290, term1 = 0.033864, term2 = 0.000298
best_Q = 0.004726802930235863, final_Q = 0.007290

--- Iteration 29 ---
U1 - Qu_upper = 0.245081, U2 - Qv_upper = 0.300000
eta = 0.7882, interval_left = 0.7070, interval_right = 0.8787
Q = 0.007286, term1 = 0.033295, term2 = 0.000299
best_Q = 0.004726802930235863, final_Q = 0.007286

--- Iteration 30 ---
U1 - Qu_upper = 0.206453, U2 - Qv_upper = 0.256760
eta = 0.7835, interval_left = 0.7070, interval_right = 0.8701
Q = 0.010041, term1 = 0.041968, term2 = 0.001219
best_Q = 0.004726802930235863, final_Q = 0.010041

--- Iteration 31 ---
U1 - Qu_upper = 0.211442, U2 - Qv_upper = 0.264058
eta = 0.7795, interval_left = 0.7070, interval_right = 0.8619
Q = 0.009614, term1 = 0.040627, term2 = 0.000841
best_Q = 0.004726802930235863, final_Q = 0.009614

--- Iteration 32 ---
U1 - Qu_upper = 0.179747, U2 - Qv_upper = 0.249045
eta = 0.7719, interval_left = 0.7070, interval_right = 0.8542
Q = 0.012167, term1 = 0.048734, term2 = 0.001363
best_Q = 0.004726802930235863, final_Q = 0.012167

--- Iteration 33 ---
U1 - Qu_upper = 0.193090, U2 - Qv_upper = 0.204242
eta = 0.7785, interval_left = 0.7070, interval_right = 0.8468
Q = 0.013182, term1 = 0.045166, term2 = 0.004083
best_Q = 0.004726802930235863, final_Q = 0.013182

--- Iteration 34 ---
U1 - Qu_upper = 0.172071, U2 - Qv_upper = 0.255028
eta = 0.7633, interval_left = 0.7070, interval_right = 0.8398
Q = 0.012860, term1 = 0.050677, term2 = 0.001134
best_Q = 0.004726802930235863, final_Q = 0.012860

--- Iteration 35 ---
U1 - Qu_upper = 0.176304, U2 - Qv_upper = 0.267177
eta = 0.7598, interval_left = 0.7070, interval_right = 0.8332
Q = 0.012533, term1 = 0.049815, term2 = 0.000746
best_Q = 0.004726802930235863, final_Q = 0.012533

--- Iteration 36 ---
U1 - Qu_upper = 0.185274, U2 - Qv_upper = 0.300000
eta = 0.7552, interval_left = 0.7070, interval_right = 0.8269
Q = 0.011717, term1 = 0.046715, term2 = 0.000370
best_Q = 0.004726802930235863, final_Q = 0.011717

--- Iteration 37 ---
U1 - Qu_upper = 0.198348, U2 - Qv_upper = 0.300000
eta = 0.7547, interval_left = 0.7070, interval_right = 0.8209
Q = 0.010974, term1 = 0.043599, term2 = 0.000370
best_Q = 0.004726802930235863, final_Q = 0.010974

--- Iteration 38 ---
U1 - Qu_upper = 0.199113, U2 - Qv_upper = 0.226221
eta = 0.7603, interval_left = 0.7070, interval_right = 0.8152
Q = 0.012416, term1 = 0.043364, term2 = 0.002658
best_Q = 0.004726802930235863, final_Q = 0.012416

--- Iteration 39 ---
U1 - Qu_upper = 0.215167, U2 - Qv_upper = 0.261291
eta = 0.7558, interval_left = 0.7070, interval_right = 0.8098
Q = 0.010226, term1 = 0.038973, term2 = 0.000940
best_Q = 0.004726802930235863, final_Q = 0.010226

--- Iteration 40 ---
U1 - Qu_upper = 0.211525, U2 - Qv_upper = 0.216213
eta = 0.7578, interval_left = 0.7070, interval_right = 0.8046
Q = 0.012111, term1 = 0.040157, term2 = 0.003149
best_Q = 0.004726802930235863, final_Q = 0.012111

--- Iteration 41 ---
U1 - Qu_upper = 0.210104, U2 - Qv_upper = 0.256088
eta = 0.7510, interval_left = 0.7070, interval_right = 0.7998
Q = 0.010902, term1 = 0.040569, term2 = 0.001065
best_Q = 0.004726802930235863, final_Q = 0.010902

--- Iteration 42 ---
U1 - Qu_upper = 0.211195, U2 - Qv_upper = 0.215154
eta = 0.7529, interval_left = 0.7070, interval_right = 0.7951
Q = 0.012282, term1 = 0.039952, term2 = 0.003203
best_Q = 0.004726802930235863, final_Q = 0.012282

--- Iteration 43 ---
U1 - Qu_upper = 0.192715, U2 - Qv_upper = 0.193936
eta = 0.7509, interval_left = 0.7070, interval_right = 0.7907
Q = 0.014698, term1 = 0.044470, term2 = 0.004822
best_Q = 0.004726802930235863, final_Q = 0.014698

--- Iteration 44 ---
U1 - Qu_upper = 0.185823, U2 - Qv_upper = 0.182234
eta = 0.7493, interval_left = 0.7112, interval_right = 0.7907
Q = 0.016077, term1 = 0.046579, term2 = 0.005869
best_Q = 0.004726802930235863, final_Q = 0.016077

--- Iteration 45 ---
U1 - Qu_upper = 0.156125, U2 - Qv_upper = 0.161110
eta = 0.7503, interval_left = 0.7112, interval_right = 0.7867
Q = 0.019585, term1 = 0.054129, term2 = 0.008089
best_Q = 0.004726802930235863, final_Q = 0.019585

--- Iteration 46 ---
U1 - Qu_upper = 0.166324, U2 - Qv_upper = 0.185863
eta = 0.7469, interval_left = 0.7112, interval_right = 0.7830
Q = 0.017391, term1 = 0.051621, term2 = 0.005789
best_Q = 0.004726802930235863, final_Q = 0.017391

--- Iteration 47 ---
U1 - Qu_upper = 0.180483, U2 - Qv_upper = 0.181538
eta = 0.7470, interval_left = 0.7112, interval_right = 0.7794
Q = 0.016776, term1 = 0.048004, term2 = 0.006197
best_Q = 0.004726802930235863, final_Q = 0.016776

--- Iteration 48 ---
U1 - Qu_upper = 0.170743, U2 - Qv_upper = 0.178986
eta = 0.7445, interval_left = 0.7112, interval_right = 0.7760
Q = 0.017945, term1 = 0.051317, term2 = 0.006491
best_Q = 0.004726802930235863, final_Q = 0.017945

--- Iteration 49 ---
U1 - Qu_upper = 0.139946, U2 - Qv_upper = 0.174379
eta = 0.7400, interval_left = 0.7112, interval_right = 0.7727
Q = 0.020739, term1 = 0.059976, term2 = 0.006954
best_Q = 0.004726802930235863, final_Q = 0.020739

--- Iteration 50 ---
U1 - Qu_upper = 0.121316, U2 - Qv_upper = 0.142807
eta = 0.7394, interval_left = 0.7112, interval_right = 0.7696
Q = 0.024860, term1 = 0.065379, term2 = 0.010581
best_Q = 0.004726802930235863, final_Q = 0.024860

--- Iteration 51 ---
U1 - Qu_upper = 0.117832, U2 - Qv_upper = 0.167161
eta = 0.7353, interval_left = 0.7112, interval_right = 0.7667
Q = 0.023008, term1 = 0.065983, term2 = 0.007540
best_Q = 0.004726802930235863, final_Q = 0.023008

--- Iteration 52 ---
U1 - Qu_upper = 0.117544, U2 - Qv_upper = 0.165718
eta = 0.7342, interval_left = 0.7112, interval_right = 0.7639
Q = 0.023161, term1 = 0.065878, term2 = 0.007698
best_Q = 0.004726802930235863, final_Q = 0.023161

--- Iteration 53 ---
U1 - Qu_upper = 0.126250, U2 - Qv_upper = 0.164424
eta = 0.7341, interval_left = 0.7112, interval_right = 0.7613
Q = 0.022771, term1 = 0.063785, term2 = 0.007915
best_Q = 0.004726802930235863, final_Q = 0.022771

--- Iteration 54 ---
U1 - Qu_upper = 0.128327, U2 - Qv_upper = 0.163170
eta = 0.7332, interval_left = 0.7112, interval_right = 0.7588
Q = 0.022907, term1 = 0.063685, term2 = 0.008072
best_Q = 0.004726802930235863, final_Q = 0.022907

--- Iteration 55 ---
U1 - Qu_upper = 0.097430, U2 - Qv_upper = 0.161883
eta = 0.7291, interval_left = 0.7112, interval_right = 0.7564
Q = 0.025812, term1 = 0.073100, term2 = 0.008239
best_Q = 0.004726802930235863, final_Q = 0.025812

--- Iteration 56 ---
U1 - Qu_upper = 0.066314, U2 - Qv_upper = 0.160093
eta = 0.7244, interval_left = 0.7112, interval_right = 0.7541
Q = 0.029127, term1 = 0.083511, term2 = 0.008438
best_Q = 0.004726802930235863, final_Q = 0.029127

--- Iteration 57 ---
U1 - Qu_upper = 0.064232, U2 - Qv_upper = 0.157175
eta = 0.7236, interval_left = 0.7112, interval_right = 0.7520
Q = 0.029803, term1 = 0.084873, term2 = 0.008771
best_Q = 0.004726802930235863, final_Q = 0.029803

--- Iteration 58 ---
U1 - Qu_upper = 0.050886, U2 - Qv_upper = 0.193402
eta = 0.7197, interval_left = 0.7112, interval_right = 0.7500
Q = 0.028972, term1 = 0.089998, term2 = 0.005201
best_Q = 0.004726802930235863, final_Q = 0.028972

--- Iteration 59 ---
U1 - Qu_upper = 0.060763, U2 - Qv_upper = 0.207044
eta = 0.7200, interval_left = 0.7112, interval_right = 0.7480
Q = 0.026944, term1 = 0.085916, term2 = 0.004007
best_Q = 0.004726802930235863, final_Q = 0.026944

--- Iteration 60 ---
U1 - Qu_upper = 0.072489, U2 - Qv_upper = 0.194293
eta = 0.7212, interval_left = 0.7112, interval_right = 0.7462
Q = 0.026528, term1 = 0.082102, term2 = 0.005042
best_Q = 0.004726802930235863, final_Q = 0.026528

--- Iteration 61 ---
U1 - Qu_upper = 0.035851, U2 - Qv_upper = 0.206598
eta = 0.7163, interval_left = 0.7112, interval_right = 0.7444
Q = 0.030008, term1 = 0.095631, term2 = 0.004021
best_Q = 0.004726802930235863, final_Q = 0.030008

--- Iteration 62 ---
U1 - Qu_upper = 0.039635, U2 - Qv_upper = 0.206660
eta = 0.7165, interval_left = 0.7112, interval_right = 0.7428
Q = 0.029556, term1 = 0.094040, term2 = 0.004044
best_Q = 0.004726802930235863, final_Q = 0.029556

--- Iteration 63 ---
U1 - Qu_upper = 0.035587, U2 - Qv_upper = 0.192514
eta = 0.7161, interval_left = 0.7112, interval_right = 0.7412
Q = 0.030956, term1 = 0.095806, term2 = 0.005245
best_Q = 0.004726802930235863, final_Q = 0.030956

--- Iteration 64 ---
U1 - Qu_upper = 0.054606, U2 - Qv_upper = 0.172891
eta = 0.7184, interval_left = 0.7112, interval_right = 0.7397
Q = 0.030133, term1 = 0.088570, term2 = 0.007223
best_Q = 0.004726802930235863, final_Q = 0.030133

--- Iteration 65 ---
U1 - Qu_upper = 0.035295, U2 - Qv_upper = 0.192809
eta = 0.7156, interval_left = 0.7112, interval_right = 0.7383
Q = 0.031028, term1 = 0.095894, term2 = 0.005245
best_Q = 0.004726802930235863, final_Q = 0.031028

--- Iteration 66 ---
U1 - Qu_upper = 0.049470, U2 - Qv_upper = 0.156861
eta = 0.7177, interval_left = 0.7112, interval_right = 0.7369
Q = 0.031993, term1 = 0.090859, term2 = 0.008834
best_Q = 0.004726802930235863, final_Q = 0.031993

--- Iteration 67 ---
U1 - Qu_upper = 0.064804, U2 - Qv_upper = 0.156169
eta = 0.7187, interval_left = 0.7112, interval_right = 0.7356
Q = 0.030398, term1 = 0.085293, term2 = 0.008913
best_Q = 0.004726802930235863, final_Q = 0.030398

--- Iteration 68 ---
U1 - Qu_upper = 0.045826, U2 - Qv_upper = 0.165524
eta = 0.7165, interval_left = 0.7112, interval_right = 0.7344
Q = 0.031440, term1 = 0.091418, term2 = 0.007704
best_Q = 0.004726802930235863, final_Q = 0.031440

--- Iteration 69 ---
U1 - Qu_upper = 0.020648, U2 - Qv_upper = 0.155402
eta = 0.7139, interval_left = 0.7112, interval_right = 0.7332
Q = 0.035249, term1 = 0.100737, term2 = 0.009002
best_Q = 0.004726802930235863, final_Q = 0.035249

--- Iteration 70 ---
U1 - Qu_upper = -0.002822, U2 - Qv_upper = 0.154682
eta = 0.7112, interval_left = 0.7112, interval_right = 0.7321
Q = 0.038005, term1 = 0.109175, term2 = 0.009099
best_Q = 0.004726802930235863, final_Q = 0.038005

--- Iteration 71 ---
U1 - Qu_upper = 0.021426, U2 - Qv_upper = 0.154371
eta = 0.7137, interval_left = 0.7112, interval_right = 0.7311
Q = 0.035730, term1 = 0.101989, term2 = 0.009152
best_Q = 0.004726802930235863, final_Q = 0.035730

--- Iteration 72 ---
U1 - Qu_upper = 0.016947, U2 - Qv_upper = 0.153407
eta = 0.7131, interval_left = 0.7112, interval_right = 0.7301
Q = 0.036222, term1 = 0.103237, term2 = 0.009265
best_Q = 0.004726802930235863, final_Q = 0.036222

--- Iteration 73 ---
U1 - Qu_upper = 0.027526, U2 - Qv_upper = 0.167321
eta = 0.7138, interval_left = 0.7112, interval_right = 0.7291
Q = 0.033718, term1 = 0.099078, term2 = 0.007516
best_Q = 0.004726802930235863, final_Q = 0.033718

--- Iteration 74 ---
U1 - Qu_upper = 0.041582, U2 - Qv_upper = 0.167321
eta = 0.7147, interval_left = 0.7112, interval_right = 0.7282
Q = 0.032006, term1 = 0.093367, term2 = 0.007516
best_Q = 0.004726802930235863, final_Q = 0.032006

--- Iteration 75 ---
U1 - Qu_upper = 0.060575, U2 - Qv_upper = 0.169218
eta = 0.7157, interval_left = 0.7112, interval_right = 0.7274
Q = 0.029870, term1 = 0.086754, term2 = 0.007270
best_Q = 0.004726802930235863, final_Q = 0.029870

--- Iteration 76 ---
U1 - Qu_upper = 0.041225, U2 - Qv_upper = 0.156848
eta = 0.7145, interval_left = 0.7112, interval_right = 0.7266
Q = 0.032923, term1 = 0.093028, term2 = 0.008911
best_Q = 0.004726802930235863, final_Q = 0.032923

--- Iteration 77 ---
U1 - Qu_upper = 0.021682, U2 - Qv_upper = 0.190433
eta = 0.7127, interval_left = 0.7112, interval_right = 0.7258
Q = 0.032902, term1 = 0.100719, term2 = 0.005568
best_Q = 0.004726802930235863, final_Q = 0.032902

--- Iteration 78 ---
U1 - Qu_upper = 0.012890, U2 - Qv_upper = 0.153130
eta = 0.7123, interval_left = 0.7112, interval_right = 0.7251
Q = 0.036659, term1 = 0.104289, term2 = 0.009343
best_Q = 0.004726802930235863, final_Q = 0.036659

--- Iteration 79 ---
U1 - Qu_upper = -0.016786, U2 - Qv_upper = 0.152743
eta = 0.7112, interval_left = 0.7112, interval_right = 0.7244
Q = 0.040649, term1 = 0.117606, term2 = 0.009393
best_Q = 0.004726802930235863, final_Q = 0.040649

--- Iteration 80 ---
U1 - Qu_upper = -0.018989, U2 - Qv_upper = 0.190127
eta = 0.7112, interval_left = 0.7112, interval_right = 0.7237
Q = 0.038186, term1 = 0.118369, term2 = 0.005620
best_Q = 0.004726802930235863, final_Q = 0.038186

--- Iteration 81 ---
U1 - Qu_upper = 0.009073, U2 - Qv_upper = 0.184939
eta = 0.7117, interval_left = 0.7112, interval_right = 0.7231
Q = 0.035232, term1 = 0.106837, term2 = 0.006233
best_Q = 0.004726802930235863, final_Q = 0.035232

--- Iteration 82 ---
U1 - Qu_upper = -0.002538, U2 - Qv_upper = 0.197749
eta = 0.7112, interval_left = 0.7112, interval_right = 0.7225
Q = 0.035614, term1 = 0.111297, term2 = 0.004875
best_Q = 0.004726802930235863, final_Q = 0.035614

--- Iteration 83 ---
U1 - Qu_upper = -0.022013, U2 - Qv_upper = 0.190128
eta = 0.7112, interval_left = 0.7112, interval_right = 0.7219
Q = 0.038484, term1 = 0.119401, term2 = 0.005620
best_Q = 0.004726802930235863, final_Q = 0.038484

--- Iteration 84 ---
U1 - Qu_upper = -0.027299, U2 - Qv_upper = 0.172246
eta = 0.7112, interval_left = 0.7112, interval_right = 0.7214
Q = 0.040721, term1 = 0.122392, term2 = 0.007550
best_Q = 0.004726802930235863, final_Q = 0.040721

--- Iteration 85 ---
U1 - Qu_upper = -0.045610, U2 - Qv_upper = 0.184342
eta = 0.7112, interval_left = 0.7112, interval_right = 0.7209
Q = 0.042860, term1 = 0.132697, term2 = 0.006372
best_Q = 0.004726802930235863, final_Q = 0.042860

--- Iteration 86 ---
U1 - Qu_upper = -0.009108, U2 - Qv_upper = 0.203569
eta = 0.7112, interval_left = 0.7112, interval_right = 0.7204
Q = 0.036226, term1 = 0.114859, term2 = 0.004290
best_Q = 0.004726802930235863, final_Q = 0.036226

--- Iteration 87 ---
U1 - Qu_upper = -0.001809, U2 - Qv_upper = 0.203569
eta = 0.7112, interval_left = 0.7112, interval_right = 0.7199
Q = 0.035217, term1 = 0.111364, term2 = 0.004290
best_Q = 0.004726802930235863, final_Q = 0.035217

--- Iteration 88 ---
U1 - Qu_upper = -0.020367, U2 - Qv_upper = 0.173960
eta = 0.7112, interval_left = 0.7112, interval_right = 0.7195
Q = 0.039839, term1 = 0.120333, term2 = 0.007146
best_Q = 0.004726802930235863, final_Q = 0.039839

--- Iteration 89 ---
U1 - Qu_upper = -0.001788, U2 - Qv_upper = 0.179999
eta = 0.7112, interval_left = 0.7112, interval_right = 0.7191
Q = 0.037055, term1 = 0.112433, term2 = 0.006440
best_Q = 0.004726802930235863, final_Q = 0.037055

--- Iteration 90 ---
U1 - Qu_upper = -0.003786, U2 - Qv_upper = 0.177894
eta = 0.7112, interval_left = 0.7112, interval_right = 0.7187
Q = 0.037774, term1 = 0.113865, term2 = 0.006870
best_Q = 0.004726802930235863, final_Q = 0.037774

--- Iteration 91 ---
U1 - Qu_upper = 0.002176, U2 - Qv_upper = 0.180746
eta = 0.7113, interval_left = 0.7112, interval_right = 0.7183
Q = 0.036751, term1 = 0.111588, term2 = 0.006369
best_Q = 0.004726802930235863, final_Q = 0.036751

--- Iteration 92 ---
U1 - Qu_upper = -0.014938, U2 - Qv_upper = 0.180600
eta = 0.7112, interval_left = 0.7112, interval_right = 0.7179
Q = 0.038485, term1 = 0.117558, term2 = 0.006369
best_Q = 0.004726802930235863, final_Q = 0.038485

--- Iteration 93 ---
U1 - Qu_upper = 0.000690, U2 - Qv_upper = 0.212946
eta = 0.7112, interval_left = 0.7112, interval_right = 0.7176
Q = 0.034540, term1 = 0.110777, term2 = 0.003579
best_Q = 0.004726802930235863, final_Q = 0.034540

--- Iteration 94 ---
U1 - Qu_upper = 0.002040, U2 - Qv_upper = 0.212609
eta = 0.7112, interval_left = 0.7112, interval_right = 0.7173
Q = 0.034354, term1 = 0.110149, term2 = 0.003579
best_Q = 0.004726802930235863, final_Q = 0.034354

--- Iteration 95 ---
U1 - Qu_upper = -0.017072, U2 - Qv_upper = 0.212609
eta = 0.7112, interval_left = 0.7112, interval_right = 0.7170
Q = 0.036295, term1 = 0.116847, term2 = 0.003579
best_Q = 0.004726802930235863, final_Q = 0.036295

--- Iteration 96 ---
U1 - Qu_upper = -0.019200, U2 - Qv_upper = 0.212609
eta = 0.7112, interval_left = 0.7112, interval_right = 0.7167
Q = 0.036830, term1 = 0.118698, term2 = 0.003579
best_Q = 0.004726802930235863, final_Q = 0.036830

--- Iteration 97 ---
U1 - Qu_upper = -0.010108, U2 - Qv_upper = 0.212658
eta = 0.7112, interval_left = 0.7112, interval_right = 0.7164
Q = 0.035614, term1 = 0.114501, term2 = 0.003574
best_Q = 0.004726802930235863, final_Q = 0.035614

--- Iteration 98 ---
U1 - Qu_upper = 0.007679, U2 - Qv_upper = 0.192643
eta = 0.7114, interval_left = 0.7112, interval_right = 0.7161
Q = 0.035098, term1 = 0.107542, term2 = 0.005704
best_Q = 0.004726802930235863, final_Q = 0.035098

--- Iteration 99 ---
U1 - Qu_upper = 0.005203, U2 - Qv_upper = 0.235308
eta = 0.7113, interval_left = 0.7112, interval_right = 0.7159
Q = 0.033201, term1 = 0.108550, term2 = 0.002613
best_Q = 0.004726802930235863, final_Q = 0.033201
Optimization End
📁 Visualization directory ensured: /work3/s232263/DCE_Results/german_credit/MLP/DCE_u1=0.5,u2=0.3,l=0.2,r=1.0,mi=100,tk=1,nt=10/cone_all_SimulatedAnnealing_T0=1.5,Tf=0.01,td=None,cs=1.2,ct=0.1,temp=2.0/seed_2025_20250805_074304/visualizations
Model saved to: /work3/s232263/DCE_Results/german_credit/MLP/DCE_u1=0.5,u2=0.3,l=0.2,r=1.0,mi=100,tk=1,nt=10/cone_all_SimulatedAnnealing_T0=1.5,Tf=0.01,td=None,cs=1.2,ct=0.1,temp=2.0/seed_2025_20250805_074304/model.pkl
Best results saved to: /work3/s232263/DCE_Results/german_credit/MLP/DCE_u1=0.5,u2=0.3,l=0.2,r=1.0,mi=100,tk=1,nt=10/cone_all_SimulatedAnnealing_T0=1.5,Tf=0.01,td=None,cs=1.2,ct=0.1,temp=2.0/seed_2025_20250805_074304
Final results saved to: /work3/s232263/DCE_Results/german_credit/MLP/DCE_u1=0.5,u2=0.3,l=0.2,r=1.0,mi=100,tk=1,nt=10/cone_all_SimulatedAnnealing_T0=1.5,Tf=0.01,td=None,cs=1.2,ct=0.1,temp=2.0/seed_2025_20250805_074304
Optimization log saved to: /work3/s232263/DCE_Results/german_credit/MLP/DCE_u1=0.5,u2=0.3,l=0.2,r=1.0,mi=100,tk=1,nt=10/cone_all_SimulatedAnnealing_T0=1.5,Tf=0.01,td=None,cs=1.2,ct=0.1,temp=2.0/seed_2025_20250805_074304
All results successfully saved to: /work3/s232263/DCE_Results/german_credit/MLP/DCE_u1=0.5,u2=0.3,l=0.2,r=1.0,mi=100,tk=1,nt=10/cone_all_SimulatedAnnealing_T0=1.5,Tf=0.01,td=None,cs=1.2,ct=0.1,temp=2.0/seed_2025_20250805_074304
Visualizations will be saved to: /work3/s232263/DCE_Results/german_credit/MLP/DCE_u1=0.5,u2=0.3,l=0.2,r=1.0,mi=100,tk=1,nt=10/cone_all_SimulatedAnnealing_T0=1.5,Tf=0.01,td=None,cs=1.2,ct=0.1,temp=2.0/seed_2025_20250805_074304/visualizations
✅ DCE explanation completed!
🎯 Best Q: 0.004727
📊 Final Q: 0.033201
🎉 Found feasible solution: True
💾 Results saved to: /work3/s232263/DCE_Results/german_credit/MLP/DCE_u1=0.5,u2=0.3,l=0.2,r=1.0,mi=100,tk=1,nt=10/cone_all_SimulatedAnnealing_T0=1.5,Tf=0.01,td=None,cs=1.2,ct=0.1,temp=2.0/seed_2025_20250805_074304
📊 Calculating metrics...
✅ Data processed for metrics calculation
   Coverage Rate: 0.780
   MMD: 0.010
   OT Distance: 0.0277
   Percentile Differences:
     0-15%: 68.014%
     15-30%: 48.394%
     30-70%: 206.481%
     70-85%: 216.280%
     85-100%: 48.648%
   AReS Cost: 6.876
💾 Metrics saved to: /work3/s232263/DCE_Results/german_credit/MLP/DCE_u1=0.5,u2=0.3,l=0.2,r=1.0,mi=100,tk=1,nt=10/cone_all_SimulatedAnnealing_T0=1.5,Tf=0.01,td=None,cs=1.2,ct=0.1,temp=2.0/seed_2025_20250805_074304/metrics_summary.json

============================================================
🎲 Running experiment: bayesian (alias: bo_demo)
============================================================
🎯 Creating strategy: bayesian (alias: bo_demo)
🧭 Full cone sampling mode (both categorical and continuous)
📐 Cone angle: 45.0° (0.785 rad)
🚀 Starting DCE explanation...
📍 Using original factual data as starting point (X_init=False)
Results will be saved to: /work3/s232263/DCE_Results/german_credit/MLP/DCE_u1=0.5,u2=0.3,l=0.2,r=1.0,mi=100,tk=1,nt=10/cone_all_Bayesian_cs=1.2,ct=0.1,temp=2.0/seed_2025_20250805_081035
📁 Initial data saved:
   - x_true.csv: (50, 9)
   - y_true.csv: (50, 1)
   - y_target.csv: (50,)
Training Start
Optimization Start

--- Iteration 0 ---
U1 - Qu_upper = 0.500000, U2 - Qv_upper = -0.081206
eta = 1.0000, interval_left = 0.2400, interval_right = 1.0000
Q = 0.061348, term1 = 0.000000, term2 = 0.061348
best_Q = inf, final_Q = 0.061348

--- Iteration 1 ---
U1 - Qu_upper = 0.465704, U2 - Qv_upper = -0.101913
eta = 1.0000, interval_left = 0.2780, interval_right = 1.0000
Q = 0.067969, term1 = 0.002775, term2 = 0.067969
best_Q = inf, final_Q = 0.067969

--- Iteration 2 ---
U1 - Qu_upper = 0.392022, U2 - Qv_upper = -0.071801
eta = 1.0000, interval_left = 0.3141, interval_right = 1.0000
Q = 0.057639, term1 = 0.008569, term2 = 0.057639
best_Q = inf, final_Q = 0.057639

--- Iteration 3 ---
U1 - Qu_upper = 0.334205, U2 - Qv_upper = -0.077477
eta = 1.0000, interval_left = 0.3484, interval_right = 1.0000
Q = 0.059340, term1 = 0.015575, term2 = 0.059340
best_Q = inf, final_Q = 0.059340

--- Iteration 4 ---
U1 - Qu_upper = 0.283486, U2 - Qv_upper = -0.024593
eta = 1.0000, interval_left = 0.3810, interval_right = 1.0000
Q = 0.043769, term1 = 0.023412, term2 = 0.043769
best_Q = inf, final_Q = 0.043769

--- Iteration 5 ---
U1 - Qu_upper = 0.217007, U2 - Qv_upper = 0.017990
eta = 0.9526, interval_left = 0.4119, interval_right = 1.0000
Q = 0.033342, term1 = 0.037730, term2 = 0.033124
🌟 New best Q found: 0.033342 at iter 5
best_Q = 0.03334185108542442, final_Q = 0.033342

--- Iteration 6 ---
U1 - Qu_upper = 0.198607, U2 - Qv_upper = 0.002087
eta = 0.9939, interval_left = 0.4413, interval_right = 1.0000
Q = 0.037149, term1 = 0.042240, term2 = 0.037118
best_Q = 0.03334185108542442, final_Q = 0.037149

--- Iteration 7 ---
U1 - Qu_upper = 0.136966, U2 - Qv_upper = 0.064854
eta = 0.8205, interval_left = 0.4693, interval_right = 1.0000
Q = 0.029884, term1 = 0.059436, term2 = 0.023417
🌟 New best Q found: 0.029884 at iter 7
best_Q = 0.029883621260523796, final_Q = 0.029884

--- Iteration 8 ---
U1 - Qu_upper = 0.092508, U2 - Qv_upper = 0.045112
eta = 0.8260, interval_left = 0.4958, interval_right = 1.0000
Q = 0.035313, term1 = 0.073418, term2 = 0.027287
best_Q = 0.029883621260523796, final_Q = 0.035313

--- Iteration 9 ---
U1 - Qu_upper = 0.081074, U2 - Qv_upper = -0.009811
eta = 1.0000, interval_left = 0.5210, interval_right = 1.0000
Q = 0.039693, term1 = 0.077630, term2 = 0.039693
best_Q = 0.029883621260523796, final_Q = 0.039693

--- Iteration 10 ---
U1 - Qu_upper = 0.062643, U2 - Qv_upper = 0.049660
eta = 0.7882, interval_left = 0.5450, interval_right = 1.0000
Q = 0.038460, term1 = 0.084314, term2 = 0.026138
best_Q = 0.029883621260523796, final_Q = 0.038460

--- Iteration 11 ---
U1 - Qu_upper = 0.053086, U2 - Qv_upper = 0.192649
eta = 0.6433, interval_left = 0.5450, interval_right = 0.9772
Q = 0.034820, term1 = 0.087728, term2 = 0.005478
best_Q = 0.029883621260523796, final_Q = 0.034820

--- Iteration 12 ---
U1 - Qu_upper = 0.017958, U2 - Qv_upper = 0.137464
eta = 0.5949, interval_left = 0.5450, interval_right = 0.9556
Q = 0.048202, term1 = 0.102079, term2 = 0.011515
best_Q = 0.029883621260523796, final_Q = 0.048202

--- Iteration 13 ---
U1 - Qu_upper = 0.045849, U2 - Qv_upper = 0.201825
eta = 0.6210, interval_left = 0.5450, interval_right = 0.9351
Q = 0.037137, term1 = 0.090510, term2 = 0.004561
best_Q = 0.029883621260523796, final_Q = 0.037137

--- Iteration 14 ---
U1 - Qu_upper = 0.035718, U2 - Qv_upper = 0.201825
eta = 0.6036, interval_left = 0.5450, interval_right = 0.9156
Q = 0.040323, term1 = 0.094784, term2 = 0.004561
best_Q = 0.029883621260523796, final_Q = 0.040323

--- Iteration 15 ---
U1 - Qu_upper = 0.067535, U2 - Qv_upper = 0.201825
eta = 0.6379, interval_left = 0.5450, interval_right = 0.8971
Q = 0.033081, term1 = 0.083321, term2 = 0.004561
best_Q = 0.029883621260523796, final_Q = 0.033081

--- Iteration 16 ---
U1 - Qu_upper = 0.054426, U2 - Qv_upper = 0.140355
eta = 0.6433, interval_left = 0.5450, interval_right = 0.8795
Q = 0.038561, term1 = 0.088242, term2 = 0.011019
best_Q = 0.029883621260523796, final_Q = 0.038561

--- Iteration 17 ---
U1 - Qu_upper = 0.075936, U2 - Qv_upper = 0.202308
eta = 0.6362, interval_left = 0.5450, interval_right = 0.8627
Q = 0.032139, term1 = 0.080507, term2 = 0.004486
best_Q = 0.029883621260523796, final_Q = 0.032139

--- Iteration 18 ---
U1 - Qu_upper = 0.101511, U2 - Qv_upper = 0.123129
eta = 0.6886, interval_left = 0.5450, interval_right = 0.8468
Q = 0.031540, term1 = 0.072061, term2 = 0.013211
best_Q = 0.029883621260523796, final_Q = 0.031540

--- Iteration 19 ---
U1 - Qu_upper = 0.118508, U2 - Qv_upper = 0.183690
eta = 0.6633, interval_left = 0.5450, interval_right = 0.8317
Q = 0.026447, term1 = 0.066520, term2 = 0.006109
🌟 New best Q found: 0.026447 at iter 19
best_Q = 0.026446880772709846, final_Q = 0.026447

--- Iteration 20 ---
U1 - Qu_upper = 0.095421, U2 - Qv_upper = 0.120952
eta = 0.6714, interval_left = 0.5450, interval_right = 0.8174
Q = 0.033428, term1 = 0.074141, term2 = 0.013505
best_Q = 0.026446880772709846, final_Q = 0.033428

--- Iteration 21 ---
U1 - Qu_upper = 0.114753, U2 - Qv_upper = 0.195361
eta = 0.6458, interval_left = 0.5450, interval_right = 0.8038
Q = 0.027317, term1 = 0.067865, term2 = 0.005076
best_Q = 0.026446880772709846, final_Q = 0.027317

--- Iteration 22 ---
U1 - Qu_upper = 0.106833, U2 - Qv_upper = 0.202791
eta = 0.6343, interval_left = 0.5450, interval_right = 0.7908
Q = 0.028512, term1 = 0.070223, term2 = 0.004460
best_Q = 0.026446880772709846, final_Q = 0.028512

--- Iteration 23 ---
U1 - Qu_upper = 0.095612, U2 - Qv_upper = 0.002651
eta = 0.7842, interval_left = 0.5573, interval_right = 0.7908
Q = 0.044327, term1 = 0.074200, term2 = 0.036107
best_Q = 0.026446880772709846, final_Q = 0.044327

--- Iteration 24 ---
U1 - Qu_upper = 0.095612, U2 - Qv_upper = 0.002651
eta = 0.7845, interval_left = 0.5689, interval_right = 0.7908
Q = 0.044314, term1 = 0.074200, term2 = 0.036107
best_Q = 0.026446880772709846, final_Q = 0.044314

--- Iteration 25 ---
U1 - Qu_upper = 0.095612, U2 - Qv_upper = 0.002651
eta = 0.7849, interval_left = 0.5800, interval_right = 0.7908
Q = 0.044302, term1 = 0.074200, term2 = 0.036107
best_Q = 0.026446880772709846, final_Q = 0.044302

--- Iteration 26 ---
U1 - Qu_upper = 0.101707, U2 - Qv_upper = 0.057175
eta = 0.7150, interval_left = 0.5906, interval_right = 0.7908
Q = 0.037826, term1 = 0.071694, term2 = 0.024326
best_Q = 0.026446880772709846, final_Q = 0.037826

--- Iteration 27 ---
U1 - Qu_upper = 0.101707, U2 - Qv_upper = 0.057175
eta = 0.7188, interval_left = 0.6006, interval_right = 0.7908
Q = 0.037647, term1 = 0.071694, term2 = 0.024326
best_Q = 0.026446880772709846, final_Q = 0.037647

--- Iteration 28 ---
U1 - Qu_upper = 0.137476, U2 - Qv_upper = 0.185149
eta = 0.6817, interval_left = 0.6006, interval_right = 0.7813
Q = 0.023338, term1 = 0.060432, term2 = 0.006015
🌟 New best Q found: 0.023338 at iter 28
best_Q = 0.02333802543580532, final_Q = 0.023338

--- Iteration 29 ---
U1 - Qu_upper = 0.131945, U2 - Qv_upper = 0.125147
eta = 0.6933, interval_left = 0.6096, interval_right = 0.7813
Q = 0.028334, term1 = 0.062539, term2 = 0.013206
best_Q = 0.02333802543580532, final_Q = 0.028334

--- Iteration 30 ---
U1 - Qu_upper = 0.148218, U2 - Qv_upper = 0.180696
eta = 0.6870, interval_left = 0.6096, interval_right = 0.7727
Q = 0.022481, term1 = 0.057660, term2 = 0.006454
🌟 New best Q found: 0.022481 at iter 30
best_Q = 0.022481203079223633, final_Q = 0.022481

--- Iteration 31 ---
U1 - Qu_upper = 0.138843, U2 - Qv_upper = 0.199835
eta = 0.6765, interval_left = 0.6096, interval_right = 0.7646
Q = 0.022617, term1 = 0.059920, term2 = 0.004779
best_Q = 0.022481203079223633, final_Q = 0.022617

--- Iteration 32 ---
U1 - Qu_upper = 0.138843, U2 - Qv_upper = 0.199835
eta = 0.6732, interval_left = 0.6096, interval_right = 0.7568
Q = 0.022802, term1 = 0.059920, term2 = 0.004779
best_Q = 0.022481203079223633, final_Q = 0.022802

--- Iteration 33 ---
U1 - Qu_upper = 0.129371, U2 - Qv_upper = 0.199835
eta = 0.6675, interval_left = 0.6096, interval_right = 0.7495
Q = 0.024138, term1 = 0.062997, term2 = 0.004779
best_Q = 0.022481203079223633, final_Q = 0.024138

--- Iteration 34 ---
U1 - Qu_upper = 0.103868, U2 - Qv_upper = 0.065211
eta = 0.6955, interval_left = 0.6166, interval_right = 0.7495
Q = 0.037822, term1 = 0.071582, term2 = 0.023044
best_Q = 0.022481203079223633, final_Q = 0.037822

--- Iteration 35 ---
U1 - Qu_upper = 0.103868, U2 - Qv_upper = 0.065211
eta = 0.6982, interval_left = 0.6233, interval_right = 0.7495
Q = 0.037691, term1 = 0.071582, term2 = 0.023044
best_Q = 0.022481203079223633, final_Q = 0.037691

--- Iteration 36 ---
U1 - Qu_upper = 0.120589, U2 - Qv_upper = 0.137640
eta = 0.6822, interval_left = 0.6233, interval_right = 0.7432
Q = 0.028884, term1 = 0.066121, term2 = 0.011538
best_Q = 0.022481203079223633, final_Q = 0.028884

--- Iteration 37 ---
U1 - Qu_upper = 0.142422, U2 - Qv_upper = 0.197518
eta = 0.6735, interval_left = 0.6233, interval_right = 0.7372
Q = 0.022783, term1 = 0.059920, term2 = 0.004779
best_Q = 0.022481203079223633, final_Q = 0.022783

--- Iteration 38 ---
U1 - Qu_upper = 0.149931, U2 - Qv_upper = 0.197518
eta = 0.6724, interval_left = 0.6233, interval_right = 0.7315
Q = 0.021914, term1 = 0.057087, term2 = 0.004779
🌟 New best Q found: 0.021914 at iter 38
best_Q = 0.021914303302764893, final_Q = 0.021914

--- Iteration 39 ---
U1 - Qu_upper = 0.111114, U2 - Qv_upper = 0.135430
eta = 0.6720, interval_left = 0.6233, interval_right = 0.7261
Q = 0.030210, term1 = 0.068471, term2 = 0.011538
best_Q = 0.021914303302764893, final_Q = 0.030210

--- Iteration 40 ---
U1 - Qu_upper = 0.081080, U2 - Qv_upper = 0.220344
eta = 0.6509, interval_left = 0.6233, interval_right = 0.7209
Q = 0.029507, term1 = 0.078621, term2 = 0.003168
best_Q = 0.021914303302764893, final_Q = 0.029507

--- Iteration 41 ---
U1 - Qu_upper = 0.103995, U2 - Qv_upper = 0.232261
eta = 0.6535, interval_left = 0.6233, interval_right = 0.7160
Q = 0.026274, term1 = 0.071111, term2 = 0.002496
best_Q = 0.021914303302764893, final_Q = 0.026274

--- Iteration 42 ---
U1 - Qu_upper = 0.061394, U2 - Qv_upper = 0.221101
eta = 0.6434, interval_left = 0.6233, interval_right = 0.7114
Q = 0.032605, term1 = 0.085723, term2 = 0.003168
best_Q = 0.021914303302764893, final_Q = 0.032605

--- Iteration 43 ---
U1 - Qu_upper = 0.055819, U2 - Qv_upper = -0.039691
eta = 0.7114, interval_left = 0.6277, interval_right = 0.7114
Q = 0.058580, term1 = 0.087382, term2 = 0.046897
best_Q = 0.021914303302764893, final_Q = 0.058580

--- Iteration 44 ---
U1 - Qu_upper = 0.104698, U2 - Qv_upper = 0.198810
eta = 0.6566, interval_left = 0.6277, interval_right = 0.7072
Q = 0.027495, term1 = 0.070920, term2 = 0.004779
best_Q = 0.021914303302764893, final_Q = 0.027495

--- Iteration 45 ---
U1 - Qu_upper = 0.060845, U2 - Qv_upper = 0.219109
eta = 0.6450, interval_left = 0.6277, interval_right = 0.7032
Q = 0.032479, term1 = 0.085723, term2 = 0.003168
best_Q = 0.021914303302764893, final_Q = 0.032479

--- Iteration 46 ---
U1 - Qu_upper = 0.108276, U2 - Qv_upper = 0.202238
eta = 0.6540, interval_left = 0.6277, interval_right = 0.6995
Q = 0.027007, term1 = 0.069671, term2 = 0.004437
best_Q = 0.021914303302764893, final_Q = 0.027007

--- Iteration 47 ---
U1 - Qu_upper = 0.105622, U2 - Qv_upper = 0.206877
eta = 0.6519, interval_left = 0.6277, interval_right = 0.6959
Q = 0.027244, term1 = 0.070493, term2 = 0.004153
best_Q = 0.021914303302764893, final_Q = 0.027244

--- Iteration 48 ---
U1 - Qu_upper = 0.073627, U2 - Qv_upper = 0.132238
eta = 0.6521, interval_left = 0.6277, interval_right = 0.6925
Q = 0.036328, term1 = 0.081911, term2 = 0.012005
best_Q = 0.021914303302764893, final_Q = 0.036328

--- Iteration 49 ---
U1 - Qu_upper = 0.061508, U2 - Qv_upper = 0.217641
eta = 0.6419, interval_left = 0.6277, interval_right = 0.6892
Q = 0.033047, term1 = 0.086171, term2 = 0.003416
best_Q = 0.021914303302764893, final_Q = 0.033047

--- Iteration 50 ---
U1 - Qu_upper = 0.025098, U2 - Qv_upper = 0.014241
eta = 0.6669, interval_left = 0.6307, interval_right = 0.6892
Q = 0.055389, term1 = 0.099017, term2 = 0.033602
best_Q = 0.021914303302764893, final_Q = 0.055389

--- Iteration 51 ---
U1 - Qu_upper = 0.041558, U2 - Qv_upper = 0.069042
eta = 0.6527, interval_left = 0.6307, interval_right = 0.6863
Q = 0.046781, term1 = 0.092839, term2 = 0.022275
best_Q = 0.021914303302764893, final_Q = 0.046781

--- Iteration 52 ---
U1 - Qu_upper = 0.069624, U2 - Qv_upper = 0.217607
eta = 0.6442, interval_left = 0.6307, interval_right = 0.6835
Q = 0.031618, term1 = 0.082680, term2 = 0.003416
best_Q = 0.021914303302764893, final_Q = 0.031618

--- Iteration 53 ---
U1 - Qu_upper = 0.057289, U2 - Qv_upper = 0.217607
eta = 0.6417, interval_left = 0.6307, interval_right = 0.6809
Q = 0.033295, term1 = 0.086816, term2 = 0.003416
best_Q = 0.021914303302764893, final_Q = 0.033295

--- Iteration 54 ---
U1 - Qu_upper = 0.037070, U2 - Qv_upper = 0.074190
eta = 0.6474, interval_left = 0.6307, interval_right = 0.6784
Q = 0.047022, term1 = 0.094603, term2 = 0.021113
best_Q = 0.021914303302764893, final_Q = 0.047022

--- Iteration 55 ---
U1 - Qu_upper = 0.063118, U2 - Qv_upper = 0.229366
eta = 0.6410, interval_left = 0.6307, interval_right = 0.6760
Q = 0.032396, term1 = 0.085436, term2 = 0.002692
best_Q = 0.021914303302764893, final_Q = 0.032396

--- Iteration 56 ---
U1 - Qu_upper = 0.069166, U2 - Qv_upper = 0.217832
eta = 0.6416, interval_left = 0.6307, interval_right = 0.6737
Q = 0.031821, term1 = 0.082680, term2 = 0.003416
best_Q = 0.021914303302764893, final_Q = 0.031821

--- Iteration 57 ---
U1 - Qu_upper = 0.034101, U2 - Qv_upper = 0.145886
eta = 0.6389, interval_left = 0.6307, interval_right = 0.6716
Q = 0.040855, term1 = 0.094951, term2 = 0.010278
best_Q = 0.021914303302764893, final_Q = 0.040855

--- Iteration 58 ---
U1 - Qu_upper = 0.052387, U2 - Qv_upper = 0.146770
eta = 0.6415, interval_left = 0.6307, interval_right = 0.6695
Q = 0.038135, term1 = 0.088173, term2 = 0.010169
best_Q = 0.021914303302764893, final_Q = 0.038135

--- Iteration 59 ---
U1 - Qu_upper = 0.081553, U2 - Qv_upper = 0.216378
eta = 0.6414, interval_left = 0.6307, interval_right = 0.6676
Q = 0.030551, term1 = 0.078582, term2 = 0.003693
best_Q = 0.021914303302764893, final_Q = 0.030551

--- Iteration 60 ---
U1 - Qu_upper = 0.110793, U2 - Qv_upper = 0.232073
eta = 0.6427, interval_left = 0.6307, interval_right = 0.6658
Q = 0.026507, term1 = 0.069242, term2 = 0.002745
best_Q = 0.021914303302764893, final_Q = 0.026507

--- Iteration 61 ---
U1 - Qu_upper = 0.053845, U2 - Qv_upper = 0.241421
eta = 0.6371, interval_left = 0.6307, interval_right = 0.6640
Q = 0.033459, term1 = 0.088657, term2 = 0.002021
best_Q = 0.021914303302764893, final_Q = 0.033459

--- Iteration 62 ---
U1 - Qu_upper = 0.064603, U2 - Qv_upper = 0.241421
eta = 0.6378, interval_left = 0.6307, interval_right = 0.6623
Q = 0.032158, term1 = 0.085217, term2 = 0.002021
best_Q = 0.021914303302764893, final_Q = 0.032158

--- Iteration 63 ---
U1 - Qu_upper = 0.076862, U2 - Qv_upper = 0.266942
eta = 0.6378, interval_left = 0.6307, interval_right = 0.6608
Q = 0.030007, term1 = 0.081102, term2 = 0.000991
best_Q = 0.021914303302764893, final_Q = 0.030007

--- Iteration 64 ---
U1 - Qu_upper = 0.129482, U2 - Qv_upper = 0.259465
eta = 0.6407, interval_left = 0.6307, interval_right = 0.6593
Q = 0.024028, term1 = 0.064586, term2 = 0.001287
best_Q = 0.021914303302764893, final_Q = 0.024028

--- Iteration 65 ---
U1 - Qu_upper = 0.111218, U2 - Qv_upper = 0.228262
eta = 0.6401, interval_left = 0.6307, interval_right = 0.6578
Q = 0.026908, term1 = 0.069881, term2 = 0.002745
best_Q = 0.021914303302764893, final_Q = 0.026908

--- Iteration 66 ---
U1 - Qu_upper = 0.116248, U2 - Qv_upper = 0.242837
eta = 0.6395, interval_left = 0.6307, interval_right = 0.6565
Q = 0.026306, term1 = 0.069406, term2 = 0.002011
best_Q = 0.021914303302764893, final_Q = 0.026306

--- Iteration 67 ---
U1 - Qu_upper = 0.110108, U2 - Qv_upper = 0.229670
eta = 0.6391, interval_left = 0.6307, interval_right = 0.6552
Q = 0.027218, term1 = 0.070553, term2 = 0.002745
best_Q = 0.021914303302764893, final_Q = 0.027218

--- Iteration 68 ---
U1 - Qu_upper = 0.095740, U2 - Qv_upper = 0.203274
eta = 0.6386, interval_left = 0.6307, interval_right = 0.6540
Q = 0.030141, term1 = 0.074996, term2 = 0.004754
best_Q = 0.021914303302764893, final_Q = 0.030141

--- Iteration 69 ---
U1 - Qu_upper = 0.113494, U2 - Qv_upper = 0.128542
eta = 0.6416, interval_left = 0.6307, interval_right = 0.6528
Q = 0.032685, term1 = 0.068343, term2 = 0.012770
best_Q = 0.021914303302764893, final_Q = 0.032685

--- Iteration 70 ---
U1 - Qu_upper = 0.097222, U2 - Qv_upper = 0.061100
eta = 0.6443, interval_left = 0.6318, interval_right = 0.6528
Q = 0.041572, term1 = 0.073689, term2 = 0.023840
best_Q = 0.021914303302764893, final_Q = 0.041572

--- Iteration 71 ---
U1 - Qu_upper = 0.127238, U2 - Qv_upper = 0.184377
eta = 0.6404, interval_left = 0.6318, interval_right = 0.6518
Q = 0.027037, term1 = 0.063968, term2 = 0.006300
best_Q = 0.021914303302764893, final_Q = 0.027037

--- Iteration 72 ---
U1 - Qu_upper = 0.079339, U2 - Qv_upper = 0.126958
eta = 0.6395, interval_left = 0.6318, interval_right = 0.6508
Q = 0.037268, term1 = 0.079845, term2 = 0.013266
best_Q = 0.021914303302764893, final_Q = 0.037268

--- Iteration 73 ---
U1 - Qu_upper = 0.053924, U2 - Qv_upper = -0.040071
eta = 0.6508, interval_left = 0.6328, interval_right = 0.6508
Q = 0.062025, term1 = 0.088999, term2 = 0.047548
best_Q = 0.021914303302764893, final_Q = 0.062025

--- Iteration 74 ---
U1 - Qu_upper = 0.085771, U2 - Qv_upper = 0.006324
eta = 0.6495, interval_left = 0.6337, interval_right = 0.6508
Q = 0.050483, term1 = 0.077719, term2 = 0.035787
best_Q = 0.021914303302764893, final_Q = 0.050483

--- Iteration 75 ---
U1 - Qu_upper = 0.085710, U2 - Qv_upper = 0.059805
eta = 0.6437, interval_left = 0.6345, interval_right = 0.6508
Q = 0.043230, term1 = 0.077318, term2 = 0.024366
best_Q = 0.021914303302764893, final_Q = 0.043230

--- Iteration 76 ---
U1 - Qu_upper = 0.124343, U2 - Qv_upper = 0.197445
eta = 0.6408, interval_left = 0.6345, interval_right = 0.6500
Q = 0.026681, term1 = 0.065223, term2 = 0.005077
best_Q = 0.021914303302764893, final_Q = 0.026681

--- Iteration 77 ---
U1 - Qu_upper = 0.080253, U2 - Qv_upper = 0.065473
eta = 0.6430, interval_left = 0.6353, interval_right = 0.6500
Q = 0.043036, term1 = 0.078921, term2 = 0.023114
best_Q = 0.021914303302764893, final_Q = 0.043036

--- Iteration 78 ---
U1 - Qu_upper = 0.088163, U2 - Qv_upper = 0.134479
eta = 0.6411, interval_left = 0.6353, interval_right = 0.6492
Q = 0.035248, term1 = 0.076650, term2 = 0.012072
best_Q = 0.021914303302764893, final_Q = 0.035248

--- Iteration 79 ---
U1 - Qu_upper = 0.122809, U2 - Qv_upper = 0.197445
eta = 0.6406, interval_left = 0.6353, interval_right = 0.6485
Q = 0.026885, term1 = 0.065764, term2 = 0.005077
best_Q = 0.021914303302764893, final_Q = 0.026885

--- Iteration 80 ---
U1 - Qu_upper = 0.107948, U2 - Qv_upper = 0.210549
eta = 0.6398, interval_left = 0.6353, interval_right = 0.6479
Q = 0.027933, term1 = 0.070413, term2 = 0.004017
best_Q = 0.021914303302764893, final_Q = 0.027933

--- Iteration 81 ---
U1 - Qu_upper = 0.144752, U2 - Qv_upper = 0.224871
eta = 0.6402, interval_left = 0.6353, interval_right = 0.6472
Q = 0.023382, term1 = 0.059615, term2 = 0.003021
best_Q = 0.021914303302764893, final_Q = 0.023382

--- Iteration 82 ---
U1 - Qu_upper = 0.144752, U2 - Qv_upper = 0.224871
eta = 0.6400, interval_left = 0.6353, interval_right = 0.6466
Q = 0.023396, term1 = 0.059615, term2 = 0.003021
best_Q = 0.021914303302764893, final_Q = 0.023396

--- Iteration 83 ---
U1 - Qu_upper = 0.131901, U2 - Qv_upper = 0.213363
eta = 0.6396, interval_left = 0.6353, interval_right = 0.6461
Q = 0.024997, term1 = 0.062238, term2 = 0.004017
best_Q = 0.021914303302764893, final_Q = 0.024997

--- Iteration 84 ---
U1 - Qu_upper = 0.120391, U2 - Qv_upper = 0.235351
eta = 0.6390, interval_left = 0.6353, interval_right = 0.6455
Q = 0.025360, term1 = 0.065890, term2 = 0.002459
best_Q = 0.021914303302764893, final_Q = 0.025360

--- Iteration 85 ---
U1 - Qu_upper = 0.107192, U2 - Qv_upper = 0.209314
eta = 0.6388, interval_left = 0.6353, interval_right = 0.6450
Q = 0.028123, term1 = 0.070171, term2 = 0.004344
best_Q = 0.021914303302764893, final_Q = 0.028123

--- Iteration 86 ---
U1 - Qu_upper = 0.124105, U2 - Qv_upper = 0.216613
eta = 0.6389, interval_left = 0.6353, interval_right = 0.6445
Q = 0.026225, term1 = 0.066171, term2 = 0.003643
best_Q = 0.021914303302764893, final_Q = 0.026225

--- Iteration 87 ---
U1 - Qu_upper = 0.131986, U2 - Qv_upper = 0.216613
eta = 0.6388, interval_left = 0.6353, interval_right = 0.6441
Q = 0.024910, term1 = 0.062521, term2 = 0.003643
best_Q = 0.021914303302764893, final_Q = 0.024910

--- Iteration 88 ---
U1 - Qu_upper = 0.131986, U2 - Qv_upper = 0.216613
eta = 0.6386, interval_left = 0.6353, interval_right = 0.6436
Q = 0.024920, term1 = 0.062521, term2 = 0.003643
best_Q = 0.021914303302764893, final_Q = 0.024920

--- Iteration 89 ---
U1 - Qu_upper = 0.091813, U2 - Qv_upper = 0.209314
eta = 0.6379, interval_left = 0.6353, interval_right = 0.6432
Q = 0.029745, term1 = 0.074483, term2 = 0.004344
best_Q = 0.021914303302764893, final_Q = 0.029745

--- Iteration 90 ---
U1 - Qu_upper = 0.074028, U2 - Qv_upper = 0.209314
eta = 0.6374, interval_left = 0.6353, interval_right = 0.6428
Q = 0.032239, term1 = 0.081271, term2 = 0.004344
best_Q = 0.021914303302764893, final_Q = 0.032239

--- Iteration 91 ---
U1 - Qu_upper = 0.073539, U2 - Qv_upper = 0.209314
eta = 0.6373, interval_left = 0.6353, interval_right = 0.6425
Q = 0.032349, term1 = 0.081548, term2 = 0.004344
best_Q = 0.021914303302764893, final_Q = 0.032349

--- Iteration 92 ---
U1 - Qu_upper = 0.075041, U2 - Qv_upper = 0.234353
eta = 0.6370, interval_left = 0.6353, interval_right = 0.6421
Q = 0.031019, term1 = 0.081147, term2 = 0.002459
best_Q = 0.021914303302764893, final_Q = 0.031019

--- Iteration 93 ---
U1 - Qu_upper = 0.075041, U2 - Qv_upper = 0.234353
eta = 0.6370, interval_left = 0.6353, interval_right = 0.6418
Q = 0.031026, term1 = 0.081147, term2 = 0.002459
best_Q = 0.021914303302764893, final_Q = 0.031026

--- Iteration 94 ---
U1 - Qu_upper = 0.057669, U2 - Qv_upper = 0.207532
eta = 0.6367, interval_left = 0.6353, interval_right = 0.6414
Q = 0.034493, term1 = 0.087333, term2 = 0.004344
best_Q = 0.021914303302764893, final_Q = 0.034493

--- Iteration 95 ---
U1 - Qu_upper = 0.075041, U2 - Qv_upper = 0.234353
eta = 0.6368, interval_left = 0.6353, interval_right = 0.6411
Q = 0.031038, term1 = 0.081147, term2 = 0.002459
best_Q = 0.021914303302764893, final_Q = 0.031038

--- Iteration 96 ---
U1 - Qu_upper = 0.073002, U2 - Qv_upper = 0.207532
eta = 0.6368, interval_left = 0.6353, interval_right = 0.6408
Q = 0.032383, term1 = 0.081548, term2 = 0.004344
best_Q = 0.021914303302764893, final_Q = 0.032383

--- Iteration 97 ---
U1 - Qu_upper = 0.073002, U2 - Qv_upper = 0.207532
eta = 0.6368, interval_left = 0.6353, interval_right = 0.6406
Q = 0.032389, term1 = 0.081548, term2 = 0.004344
best_Q = 0.021914303302764893, final_Q = 0.032389

--- Iteration 98 ---
U1 - Qu_upper = 0.098612, U2 - Qv_upper = 0.220347
eta = 0.6369, interval_left = 0.6353, interval_right = 0.6403
Q = 0.028723, term1 = 0.073321, term2 = 0.003301
best_Q = 0.021914303302764893, final_Q = 0.028723

--- Iteration 99 ---
U1 - Qu_upper = 0.099307, U2 - Qv_upper = 0.194207
eta = 0.6370, interval_left = 0.6353, interval_right = 0.6401
Q = 0.029787, term1 = 0.072398, term2 = 0.005506
best_Q = 0.021914303302764893, final_Q = 0.029787
Optimization End
📁 Visualization directory ensured: /work3/s232263/DCE_Results/german_credit/MLP/DCE_u1=0.5,u2=0.3,l=0.2,r=1.0,mi=100,tk=1,nt=10/cone_all_Bayesian_cs=1.2,ct=0.1,temp=2.0/seed_2025_20250805_081035/visualizations
Model saved to: /work3/s232263/DCE_Results/german_credit/MLP/DCE_u1=0.5,u2=0.3,l=0.2,r=1.0,mi=100,tk=1,nt=10/cone_all_Bayesian_cs=1.2,ct=0.1,temp=2.0/seed_2025_20250805_081035/model.pkl
Best results saved to: /work3/s232263/DCE_Results/german_credit/MLP/DCE_u1=0.5,u2=0.3,l=0.2,r=1.0,mi=100,tk=1,nt=10/cone_all_Bayesian_cs=1.2,ct=0.1,temp=2.0/seed_2025_20250805_081035
Final results saved to: /work3/s232263/DCE_Results/german_credit/MLP/DCE_u1=0.5,u2=0.3,l=0.2,r=1.0,mi=100,tk=1,nt=10/cone_all_Bayesian_cs=1.2,ct=0.1,temp=2.0/seed_2025_20250805_081035
Optimization log saved to: /work3/s232263/DCE_Results/german_credit/MLP/DCE_u1=0.5,u2=0.3,l=0.2,r=1.0,mi=100,tk=1,nt=10/cone_all_Bayesian_cs=1.2,ct=0.1,temp=2.0/seed_2025_20250805_081035
All results successfully saved to: /work3/s232263/DCE_Results/german_credit/MLP/DCE_u1=0.5,u2=0.3,l=0.2,r=1.0,mi=100,tk=1,nt=10/cone_all_Bayesian_cs=1.2,ct=0.1,temp=2.0/seed_2025_20250805_081035
Visualizations will be saved to: /work3/s232263/DCE_Results/german_credit/MLP/DCE_u1=0.5,u2=0.3,l=0.2,r=1.0,mi=100,tk=1,nt=10/cone_all_Bayesian_cs=1.2,ct=0.1,temp=2.0/seed_2025_20250805_081035/visualizations
✅ DCE explanation completed!
🎯 Best Q: 0.021914
📊 Final Q: 0.029787
🎉 Found feasible solution: True
💾 Results saved to: /work3/s232263/DCE_Results/german_credit/MLP/DCE_u1=0.5,u2=0.3,l=0.2,r=1.0,mi=100,tk=1,nt=10/cone_all_Bayesian_cs=1.2,ct=0.1,temp=2.0/seed_2025_20250805_081035
📊 Calculating metrics...
✅ Data processed for metrics calculation
   Coverage Rate: 0.720
   MMD: 0.021
   OT Distance: 0.0875
   Percentile Differences:
     0-15%: 59.854%
     15-30%: 42.685%
     30-70%: 316.085%
     70-85%: 385.563%
     85-100%: 41.807%
   AReS Cost: 6.432
💾 Metrics saved to: /work3/s232263/DCE_Results/german_credit/MLP/DCE_u1=0.5,u2=0.3,l=0.2,r=1.0,mi=100,tk=1,nt=10/cone_all_Bayesian_cs=1.2,ct=0.1,temp=2.0/seed_2025_20250805_081035/metrics_summary.json

============================================================
🎲 Running experiment: differential_evolution (alias: de_demo)
============================================================
🎯 Creating strategy: differential_evolution (alias: de_demo)
🧭 Full cone sampling mode (both categorical and continuous)
📐 Cone angle: 45.0° (0.785 rad)
🚀 Starting DCE explanation...
📍 Using original factual data as starting point (X_init=False)
Results will be saved to: /work3/s232263/DCE_Results/german_credit/MLP/DCE_u1=0.5,u2=0.3,l=0.2,r=1.0,mi=100,tk=1,nt=10/cone_all_DifferentialEvolution_F=0.5,CR=0.9,cs=1.2,ct=0.1,temp=2.0/seed_2025_20250805_083708
📁 Initial data saved:
   - x_true.csv: (50, 9)
   - y_true.csv: (50, 1)
   - y_target.csv: (50,)
Training Start
Optimization Start

--- Iteration 0 ---
U1 - Qu_upper = 0.500000, U2 - Qv_upper = -0.081206
eta = 1.0000, interval_left = 0.2400, interval_right = 1.0000
Q = 0.061348, term1 = 0.000000, term2 = 0.061348
best_Q = inf, final_Q = 0.061348

--- Iteration 1 ---
U1 - Qu_upper = 0.460003, U2 - Qv_upper = -0.049824
eta = 1.0000, interval_left = 0.2780, interval_right = 1.0000
Q = 0.051782, term1 = 0.002957, term2 = 0.051782
best_Q = inf, final_Q = 0.051782

--- Iteration 2 ---
U1 - Qu_upper = 0.425903, U2 - Qv_upper = -0.010838
eta = 1.0000, interval_left = 0.3141, interval_right = 1.0000
Q = 0.040056, term1 = 0.006641, term2 = 0.040056
best_Q = inf, final_Q = 0.040056

--- Iteration 3 ---
U1 - Qu_upper = 0.406302, U2 - Qv_upper = 0.033796
eta = 0.9473, interval_left = 0.3484, interval_right = 1.0000
Q = 0.028444, term1 = 0.007323, term2 = 0.029619
🌟 New best Q found: 0.028444 at iter 3
best_Q = 0.028444437310099602, final_Q = 0.028444

--- Iteration 4 ---
U1 - Qu_upper = 0.385857, U2 - Qv_upper = 0.084649
eta = 0.8828, interval_left = 0.3810, interval_right = 1.0000
Q = 0.018562, term1 = 0.009951, term2 = 0.019706
🌟 New best Q found: 0.018562 at iter 4
best_Q = 0.018562335520982742, final_Q = 0.018562

--- Iteration 5 ---
U1 - Qu_upper = 0.383082, U2 - Qv_upper = 0.143981
eta = 0.8309, interval_left = 0.4119, interval_right = 1.0000
Q = 0.010808, term1 = 0.010715, term2 = 0.010827
🌟 New best Q found: 0.010808 at iter 5
best_Q = 0.010808040387928486, final_Q = 0.010808

--- Iteration 6 ---
U1 - Qu_upper = 0.369444, U2 - Qv_upper = 0.165436
eta = 0.8181, interval_left = 0.4413, interval_right = 1.0000
Q = 0.008779, term1 = 0.012172, term2 = 0.008025
🌟 New best Q found: 0.008779 at iter 6
best_Q = 0.008779043331742287, final_Q = 0.008779

--- Iteration 7 ---
U1 - Qu_upper = 0.367221, U2 - Qv_upper = 0.183977
eta = 0.8135, interval_left = 0.4693, interval_right = 1.0000
Q = 0.007189, term1 = 0.012148, term2 = 0.006052
🌟 New best Q found: 0.007189 at iter 7
best_Q = 0.007188818883150816, final_Q = 0.007189

--- Iteration 8 ---
U1 - Qu_upper = 0.349960, U2 - Qv_upper = 0.223712
eta = 0.7930, interval_left = 0.4958, interval_right = 1.0000
Q = 0.005196, term1 = 0.014012, term2 = 0.002895
🌟 New best Q found: 0.005196 at iter 8
best_Q = 0.005196315702050924, final_Q = 0.005196

--- Iteration 9 ---
U1 - Qu_upper = 0.349822, U2 - Qv_upper = 0.235985
eta = 0.7969, interval_left = 0.5210, interval_right = 1.0000
Q = 0.004679, term1 = 0.014385, term2 = 0.002205
🌟 New best Q found: 0.004679 at iter 9
best_Q = 0.004679244942963123, final_Q = 0.004679

--- Iteration 10 ---
U1 - Qu_upper = 0.351757, U2 - Qv_upper = 0.268626
eta = 0.7926, interval_left = 0.5450, interval_right = 1.0000
Q = 0.003813, term1 = 0.014436, term2 = 0.001033
🌟 New best Q found: 0.003813 at iter 10
best_Q = 0.0038132125046104193, final_Q = 0.003813

--- Iteration 11 ---
U1 - Qu_upper = 0.375081, U2 - Qv_upper = 0.271431
eta = 0.8090, interval_left = 0.5677, interval_right = 1.0000
Q = 0.003008, term1 = 0.011651, term2 = 0.000967
🌟 New best Q found: 0.003008 at iter 11
best_Q = 0.0030079816933721304, final_Q = 0.003008

--- Iteration 12 ---
U1 - Qu_upper = 0.386191, U2 - Qv_upper = 0.281730
eta = 0.8177, interval_left = 0.5893, interval_right = 1.0000
Q = 0.002586, term1 = 0.011281, term2 = 0.000647
🌟 New best Q found: 0.002586 at iter 12
best_Q = 0.0025861200410872698, final_Q = 0.002586

--- Iteration 13 ---
U1 - Qu_upper = 0.386191, U2 - Qv_upper = 0.281730
eta = 0.8268, interval_left = 0.6099, interval_right = 1.0000
Q = 0.002489, term1 = 0.011281, term2 = 0.000647
🌟 New best Q found: 0.002489 at iter 13
best_Q = 0.0024891698267310858, final_Q = 0.002489

--- Iteration 14 ---
U1 - Qu_upper = 0.386191, U2 - Qv_upper = 0.281730
eta = 0.8354, interval_left = 0.6294, interval_right = 1.0000
Q = 0.002397, term1 = 0.011281, term2 = 0.000647
🌟 New best Q found: 0.002397 at iter 14
best_Q = 0.0023970669135451317, final_Q = 0.002397

--- Iteration 15 ---
U1 - Qu_upper = 0.386191, U2 - Qv_upper = 0.281730
eta = 0.8437, interval_left = 0.6479, interval_right = 1.0000
Q = 0.002310, term1 = 0.011281, term2 = 0.000647
🌟 New best Q found: 0.002310 at iter 15
best_Q = 0.002309569390490651, final_Q = 0.002310

--- Iteration 16 ---
U1 - Qu_upper = 0.386191, U2 - Qv_upper = 0.281730
eta = 0.8515, interval_left = 0.6655, interval_right = 1.0000
Q = 0.002226, term1 = 0.011281, term2 = 0.000647
🌟 New best Q found: 0.002226 at iter 16
best_Q = 0.002226446755230427, final_Q = 0.002226

--- Iteration 17 ---
U1 - Qu_upper = 0.386191, U2 - Qv_upper = 0.281730
eta = 0.8589, interval_left = 0.6822, interval_right = 1.0000
Q = 0.002147, term1 = 0.011281, term2 = 0.000647
🌟 New best Q found: 0.002147 at iter 17
best_Q = 0.0021474803797900677, final_Q = 0.002147

--- Iteration 18 ---
U1 - Qu_upper = 0.373503, U2 - Qv_upper = 0.300000
eta = 0.8585, interval_left = 0.6981, interval_right = 1.0000
Q = 0.002136, term1 = 0.012247, term2 = 0.000469
🌟 New best Q found: 0.002136 at iter 18
best_Q = 0.002135819522663951, final_Q = 0.002136

--- Iteration 19 ---
U1 - Qu_upper = 0.372686, U2 - Qv_upper = 0.300000
eta = 0.8654, interval_left = 0.7132, interval_right = 1.0000
Q = 0.002027, term1 = 0.012044, term2 = 0.000469
🌟 New best Q found: 0.002027 at iter 19
best_Q = 0.002027125097811222, final_Q = 0.002027

--- Iteration 20 ---
U1 - Qu_upper = 0.378224, U2 - Qv_upper = 0.300000
eta = 0.8731, interval_left = 0.7276, interval_right = 1.0000
Q = 0.001822, term1 = 0.011742, term2 = 0.000381
🌟 New best Q found: 0.001822 at iter 20
best_Q = 0.0018224610248580575, final_Q = 0.001822

--- Iteration 21 ---
U1 - Qu_upper = 0.381940, U2 - Qv_upper = 0.300000
eta = 0.8801, interval_left = 0.7412, interval_right = 1.0000
Q = 0.001575, term1 = 0.010998, term2 = 0.000291
🌟 New best Q found: 0.001575 at iter 21
best_Q = 0.0015745229320600629, final_Q = 0.001575

--- Iteration 22 ---
U1 - Qu_upper = 0.381940, U2 - Qv_upper = 0.300000
eta = 0.8861, interval_left = 0.7541, interval_right = 1.0000
Q = 0.001510, term1 = 0.010998, term2 = 0.000291
🌟 New best Q found: 0.001510 at iter 22
best_Q = 0.0015103563200682402, final_Q = 0.001510

--- Iteration 23 ---
U1 - Qu_upper = 0.381940, U2 - Qv_upper = 0.300000
eta = 0.8918, interval_left = 0.7664, interval_right = 1.0000
Q = 0.001449, term1 = 0.010998, term2 = 0.000291
🌟 New best Q found: 0.001449 at iter 23
best_Q = 0.001449397997930646, final_Q = 0.001449

--- Iteration 24 ---
U1 - Qu_upper = 0.381940, U2 - Qv_upper = 0.300000
eta = 0.8972, interval_left = 0.7781, interval_right = 1.0000
Q = 0.001391, term1 = 0.010998, term2 = 0.000291
🌟 New best Q found: 0.001391 at iter 24
best_Q = 0.0013914876617491245, final_Q = 0.001391

--- Iteration 25 ---
U1 - Qu_upper = 0.381940, U2 - Qv_upper = 0.300000
eta = 0.9024, interval_left = 0.7892, interval_right = 1.0000
Q = 0.001336, term1 = 0.010998, term2 = 0.000291
🌟 New best Q found: 0.001336 at iter 25
best_Q = 0.0013364729238674045, final_Q = 0.001336

--- Iteration 26 ---
U1 - Qu_upper = 0.381940, U2 - Qv_upper = 0.300000
eta = 0.9073, interval_left = 0.7997, interval_right = 1.0000
Q = 0.001284, term1 = 0.010998, term2 = 0.000291
🌟 New best Q found: 0.001284 at iter 26
best_Q = 0.0012842088472098112, final_Q = 0.001284

--- Iteration 27 ---
U1 - Qu_upper = 0.381940, U2 - Qv_upper = 0.300000
eta = 0.9119, interval_left = 0.8097, interval_right = 1.0000
Q = 0.001235, term1 = 0.010998, term2 = 0.000291
🌟 New best Q found: 0.001235 at iter 27
best_Q = 0.0012345579452812672, final_Q = 0.001235

--- Iteration 28 ---
U1 - Qu_upper = 0.381940, U2 - Qv_upper = 0.300000
eta = 0.9163, interval_left = 0.8193, interval_right = 1.0000
Q = 0.001187, term1 = 0.010998, term2 = 0.000291
🌟 New best Q found: 0.001187 at iter 28
best_Q = 0.0011873897165060043, final_Q = 0.001187

--- Iteration 29 ---
U1 - Qu_upper = 0.381940, U2 - Qv_upper = 0.300000
eta = 0.9205, interval_left = 0.8283, interval_right = 1.0000
Q = 0.001143, term1 = 0.010998, term2 = 0.000291
🌟 New best Q found: 0.001143 at iter 29
best_Q = 0.001142579596489668, final_Q = 0.001143

--- Iteration 30 ---
U1 - Qu_upper = 0.381940, U2 - Qv_upper = 0.300000
eta = 0.9245, interval_left = 0.8369, interval_right = 1.0000
Q = 0.001100, term1 = 0.010998, term2 = 0.000291
🌟 New best Q found: 0.001100 at iter 30
best_Q = 0.0011000102385878563, final_Q = 0.001100

--- Iteration 31 ---
U1 - Qu_upper = 0.381940, U2 - Qv_upper = 0.300000
eta = 0.9282, interval_left = 0.8450, interval_right = 1.0000
Q = 0.001060, term1 = 0.010998, term2 = 0.000291
🌟 New best Q found: 0.001060 at iter 31
best_Q = 0.0010595693020150065, final_Q = 0.001060

--- Iteration 32 ---
U1 - Qu_upper = 0.381940, U2 - Qv_upper = 0.300000
eta = 0.9318, interval_left = 0.8528, interval_right = 1.0000
Q = 0.001021, term1 = 0.010998, term2 = 0.000291
🌟 New best Q found: 0.001021 at iter 32
best_Q = 0.0010211504995822906, final_Q = 0.001021

--- Iteration 33 ---
U1 - Qu_upper = 0.381940, U2 - Qv_upper = 0.300000
eta = 0.9352, interval_left = 0.8601, interval_right = 1.0000
Q = 0.000985, term1 = 0.010998, term2 = 0.000291
🌟 New best Q found: 0.000985 at iter 33
best_Q = 0.0009846524335443974, final_Q = 0.000985

--- Iteration 34 ---
U1 - Qu_upper = 0.381940, U2 - Qv_upper = 0.300000
eta = 0.9385, interval_left = 0.8671, interval_right = 1.0000
Q = 0.000950, term1 = 0.010998, term2 = 0.000291
🌟 New best Q found: 0.000950 at iter 34
best_Q = 0.0009499794105067849, final_Q = 0.000950

--- Iteration 35 ---
U1 - Qu_upper = 0.381940, U2 - Qv_upper = 0.300000
eta = 0.9415, interval_left = 0.8738, interval_right = 1.0000
Q = 0.000917, term1 = 0.010998, term2 = 0.000291
🌟 New best Q found: 0.000917 at iter 35
best_Q = 0.0009170399862341583, final_Q = 0.000917

--- Iteration 36 ---
U1 - Qu_upper = 0.381940, U2 - Qv_upper = 0.300000
eta = 0.9445, interval_left = 0.8801, interval_right = 1.0000
Q = 0.000886, term1 = 0.010998, term2 = 0.000291
🌟 New best Q found: 0.000886 at iter 36
best_Q = 0.0008857476059347391, final_Q = 0.000886

--- Iteration 37 ---
U1 - Qu_upper = 0.381940, U2 - Qv_upper = 0.300000
eta = 0.9472, interval_left = 0.8861, interval_right = 1.0000
Q = 0.000856, term1 = 0.010998, term2 = 0.000291
🌟 New best Q found: 0.000856 at iter 37
best_Q = 0.0008560197311453521, final_Q = 0.000856

--- Iteration 38 ---
U1 - Qu_upper = 0.381940, U2 - Qv_upper = 0.300000
eta = 0.9499, interval_left = 0.8918, interval_right = 1.0000
Q = 0.000828, term1 = 0.010998, term2 = 0.000291
🌟 New best Q found: 0.000828 at iter 38
best_Q = 0.0008277783636003733, final_Q = 0.000828

--- Iteration 39 ---
U1 - Qu_upper = 0.381940, U2 - Qv_upper = 0.300000
eta = 0.9524, interval_left = 0.8972, interval_right = 1.0000
Q = 0.000801, term1 = 0.010998, term2 = 0.000291
🌟 New best Q found: 0.000801 at iter 39
best_Q = 0.0008009489392861724, final_Q = 0.000801

--- Iteration 40 ---
U1 - Qu_upper = 0.381940, U2 - Qv_upper = 0.300000
eta = 0.9548, interval_left = 0.9023, interval_right = 1.0000
Q = 0.000775, term1 = 0.010998, term2 = 0.000291
🌟 New best Q found: 0.000775 at iter 40
best_Q = 0.0007754610851407051, final_Q = 0.000775

--- Iteration 41 ---
U1 - Qu_upper = 0.381940, U2 - Qv_upper = 0.300000
eta = 0.9570, interval_left = 0.9072, interval_right = 1.0000
Q = 0.000751, term1 = 0.010998, term2 = 0.000291
🌟 New best Q found: 0.000751 at iter 41
best_Q = 0.0007512476295232773, final_Q = 0.000751

--- Iteration 42 ---
U1 - Qu_upper = 0.381940, U2 - Qv_upper = 0.300000
eta = 0.9592, interval_left = 0.9119, interval_right = 1.0000
Q = 0.000728, term1 = 0.010998, term2 = 0.000291
🌟 New best Q found: 0.000728 at iter 42
best_Q = 0.0007282447768375278, final_Q = 0.000728

--- Iteration 43 ---
U1 - Qu_upper = 0.381940, U2 - Qv_upper = 0.300000
eta = 0.9612, interval_left = 0.9163, interval_right = 1.0000
Q = 0.000706, term1 = 0.010998, term2 = 0.000291
🌟 New best Q found: 0.000706 at iter 43
best_Q = 0.0007063921075314283, final_Q = 0.000706

--- Iteration 44 ---
U1 - Qu_upper = 0.381940, U2 - Qv_upper = 0.300000
eta = 0.9632, interval_left = 0.9204, interval_right = 1.0000
Q = 0.000686, term1 = 0.010998, term2 = 0.000291
🌟 New best Q found: 0.000686 at iter 44
best_Q = 0.0006856320542283356, final_Q = 0.000686

--- Iteration 45 ---
U1 - Qu_upper = 0.381940, U2 - Qv_upper = 0.300000
eta = 0.9650, interval_left = 0.9244, interval_right = 1.0000
Q = 0.000666, term1 = 0.010998, term2 = 0.000291
🌟 New best Q found: 0.000666 at iter 45
best_Q = 0.0006659100763499737, final_Q = 0.000666

--- Iteration 46 ---
U1 - Qu_upper = 0.381940, U2 - Qv_upper = 0.300000
eta = 0.9668, interval_left = 0.9282, interval_right = 1.0000
Q = 0.000647, term1 = 0.010998, term2 = 0.000291
🌟 New best Q found: 0.000647 at iter 46
best_Q = 0.000647174078039825, final_Q = 0.000647

--- Iteration 47 ---
U1 - Qu_upper = 0.381940, U2 - Qv_upper = 0.300000
eta = 0.9684, interval_left = 0.9318, interval_right = 1.0000
Q = 0.000629, term1 = 0.010998, term2 = 0.000291
🌟 New best Q found: 0.000629 at iter 47
best_Q = 0.0006293749902397394, final_Q = 0.000629

--- Iteration 48 ---
U1 - Qu_upper = 0.381940, U2 - Qv_upper = 0.300000
eta = 0.9700, interval_left = 0.9352, interval_right = 1.0000
Q = 0.000612, term1 = 0.010998, term2 = 0.000291
🌟 New best Q found: 0.000612 at iter 48
best_Q = 0.000612465781159699, final_Q = 0.000612

--- Iteration 49 ---
U1 - Qu_upper = 0.381940, U2 - Qv_upper = 0.300000
eta = 0.9715, interval_left = 0.9384, interval_right = 1.0000
Q = 0.000596, term1 = 0.010998, term2 = 0.000291
🌟 New best Q found: 0.000596 at iter 49
best_Q = 0.0005964020383544266, final_Q = 0.000596

--- Iteration 50 ---
U1 - Qu_upper = 0.381940, U2 - Qv_upper = 0.300000
eta = 0.9729, interval_left = 0.9415, interval_right = 1.0000
Q = 0.000581, term1 = 0.010998, term2 = 0.000291
🌟 New best Q found: 0.000581 at iter 50
best_Q = 0.0005811415030620992, final_Q = 0.000581

--- Iteration 51 ---
U1 - Qu_upper = 0.381940, U2 - Qv_upper = 0.300000
eta = 0.9743, interval_left = 0.9444, interval_right = 1.0000
Q = 0.000567, term1 = 0.010998, term2 = 0.000291
🌟 New best Q found: 0.000567 at iter 51
best_Q = 0.0005666440119966865, final_Q = 0.000567

--- Iteration 52 ---
U1 - Qu_upper = 0.381940, U2 - Qv_upper = 0.300000
eta = 0.9756, interval_left = 0.9472, interval_right = 1.0000
Q = 0.000553, term1 = 0.010998, term2 = 0.000291
🌟 New best Q found: 0.000553 at iter 52
best_Q = 0.0005528713809326291, final_Q = 0.000553

--- Iteration 53 ---
U1 - Qu_upper = 0.381940, U2 - Qv_upper = 0.300000
eta = 0.9768, interval_left = 0.9499, interval_right = 1.0000
Q = 0.000540, term1 = 0.010998, term2 = 0.000291
🌟 New best Q found: 0.000540 at iter 53
best_Q = 0.0005397873464971781, final_Q = 0.000540

--- Iteration 54 ---
U1 - Qu_upper = 0.365085, U2 - Qv_upper = 0.300000
eta = 0.9774, interval_left = 0.9524, interval_right = 1.0000
Q = 0.000510, term1 = 0.013270, term2 = 0.000215
🌟 New best Q found: 0.000510 at iter 54
best_Q = 0.0005098952096886933, final_Q = 0.000510

--- Iteration 55 ---
U1 - Qu_upper = 0.362802, U2 - Qv_upper = 0.300000
eta = 0.9784, interval_left = 0.9548, interval_right = 1.0000
Q = 0.000434, term1 = 0.013678, term2 = 0.000143
🌟 New best Q found: 0.000434 at iter 55
best_Q = 0.0004344282206147909, final_Q = 0.000434

--- Iteration 56 ---
U1 - Qu_upper = 0.362802, U2 - Qv_upper = 0.300000
eta = 0.9795, interval_left = 0.9570, interval_right = 1.0000
Q = 0.000420, term1 = 0.013678, term2 = 0.000143
🌟 New best Q found: 0.000420 at iter 56
best_Q = 0.0004198375390842557, final_Q = 0.000420

--- Iteration 57 ---
U1 - Qu_upper = 0.363157, U2 - Qv_upper = 0.300000
eta = 0.9806, interval_left = 0.9592, interval_right = 1.0000
Q = 0.000404, term1 = 0.013660, term2 = 0.000141
🌟 New best Q found: 0.000404 at iter 57
best_Q = 0.00040397350676357746, final_Q = 0.000404

--- Iteration 58 ---
U1 - Qu_upper = 0.363157, U2 - Qv_upper = 0.300000
eta = 0.9815, interval_left = 0.9612, interval_right = 1.0000
Q = 0.000391, term1 = 0.013660, term2 = 0.000141
🌟 New best Q found: 0.000391 at iter 58
best_Q = 0.0003908283542841673, final_Q = 0.000391

--- Iteration 59 ---
U1 - Qu_upper = 0.363157, U2 - Qv_upper = 0.300000
eta = 0.9824, interval_left = 0.9631, interval_right = 1.0000
Q = 0.000378, term1 = 0.013660, term2 = 0.000141
🌟 New best Q found: 0.000378 at iter 59
best_Q = 0.0003783404245041311, final_Q = 0.000378

--- Iteration 60 ---
U1 - Qu_upper = 0.356423, U2 - Qv_upper = 0.300000
eta = 0.9832, interval_left = 0.9650, interval_right = 1.0000
Q = 0.000357, term1 = 0.014195, term2 = 0.000120
🌟 New best Q found: 0.000357 at iter 60
best_Q = 0.00035672986996360123, final_Q = 0.000357

--- Iteration 61 ---
U1 - Qu_upper = 0.348051, U2 - Qv_upper = 0.300000
eta = 0.9838, interval_left = 0.9667, interval_right = 1.0000
Q = 0.000346, term1 = 0.015387, term2 = 0.000098
🌟 New best Q found: 0.000346 at iter 61
best_Q = 0.0003456793783698231, final_Q = 0.000346

--- Iteration 62 ---
U1 - Qu_upper = 0.348051, U2 - Qv_upper = 0.300000
eta = 0.9846, interval_left = 0.9684, interval_right = 1.0000
Q = 0.000333, term1 = 0.015387, term2 = 0.000098
🌟 New best Q found: 0.000333 at iter 62
best_Q = 0.00033328839344903827, final_Q = 0.000333

--- Iteration 63 ---
U1 - Qu_upper = 0.348051, U2 - Qv_upper = 0.300000
eta = 0.9854, interval_left = 0.9700, interval_right = 1.0000
Q = 0.000322, term1 = 0.015387, term2 = 0.000098
🌟 New best Q found: 0.000322 at iter 63
best_Q = 0.0003215169417671859, final_Q = 0.000322

--- Iteration 64 ---
U1 - Qu_upper = 0.348051, U2 - Qv_upper = 0.300000
eta = 0.9861, interval_left = 0.9715, interval_right = 1.0000
Q = 0.000310, term1 = 0.015387, term2 = 0.000098
🌟 New best Q found: 0.000310 at iter 64
best_Q = 0.0003103340568486601, final_Q = 0.000310

--- Iteration 65 ---
U1 - Qu_upper = 0.348051, U2 - Qv_upper = 0.300000
eta = 0.9868, interval_left = 0.9729, interval_right = 1.0000
Q = 0.000300, term1 = 0.015387, term2 = 0.000098
🌟 New best Q found: 0.000300 at iter 65
best_Q = 0.0002997103438246995, final_Q = 0.000300

--- Iteration 66 ---
U1 - Qu_upper = 0.348051, U2 - Qv_upper = 0.300000
eta = 0.9875, interval_left = 0.9743, interval_right = 1.0000
Q = 0.000290, term1 = 0.015387, term2 = 0.000098
🌟 New best Q found: 0.000290 at iter 66
best_Q = 0.0002896178048104048, final_Q = 0.000290

--- Iteration 67 ---
U1 - Qu_upper = 0.348051, U2 - Qv_upper = 0.300000
eta = 0.9881, interval_left = 0.9755, interval_right = 1.0000
Q = 0.000280, term1 = 0.015387, term2 = 0.000098
🌟 New best Q found: 0.000280 at iter 67
best_Q = 0.00028002989711239934, final_Q = 0.000280

--- Iteration 68 ---
U1 - Qu_upper = 0.348051, U2 - Qv_upper = 0.300000
eta = 0.9887, interval_left = 0.9768, interval_right = 1.0000
Q = 0.000271, term1 = 0.015387, term2 = 0.000098
🌟 New best Q found: 0.000271 at iter 68
best_Q = 0.0002709213877096772, final_Q = 0.000271

--- Iteration 69 ---
U1 - Qu_upper = 0.348051, U2 - Qv_upper = 0.300000
eta = 0.9892, interval_left = 0.9779, interval_right = 1.0000
Q = 0.000262, term1 = 0.015387, term2 = 0.000098
🌟 New best Q found: 0.000262 at iter 69
best_Q = 0.00026226829504594207, final_Q = 0.000262

--- Iteration 70 ---
U1 - Qu_upper = 0.358359, U2 - Qv_upper = 0.300000
eta = 0.9899, interval_left = 0.9790, interval_right = 1.0000
Q = 0.000217, term1 = 0.013965, term2 = 0.000077
🌟 New best Q found: 0.000217 at iter 70
best_Q = 0.00021665947861038148, final_Q = 0.000217

--- Iteration 71 ---
U1 - Qu_upper = 0.358359, U2 - Qv_upper = 0.300000
eta = 0.9904, interval_left = 0.9801, interval_right = 1.0000
Q = 0.000210, term1 = 0.013965, term2 = 0.000077
🌟 New best Q found: 0.000210 at iter 71
best_Q = 0.0002096768730552867, final_Q = 0.000210

--- Iteration 72 ---
U1 - Qu_upper = 0.358359, U2 - Qv_upper = 0.300000
eta = 0.9909, interval_left = 0.9811, interval_right = 1.0000
Q = 0.000203, term1 = 0.013965, term2 = 0.000077
🌟 New best Q found: 0.000203 at iter 72
best_Q = 0.0002030433970503509, final_Q = 0.000203

--- Iteration 73 ---
U1 - Qu_upper = 0.358359, U2 - Qv_upper = 0.300000
eta = 0.9914, interval_left = 0.9820, interval_right = 1.0000
Q = 0.000197, term1 = 0.013965, term2 = 0.000077
🌟 New best Q found: 0.000197 at iter 73
best_Q = 0.00019674160284921527, final_Q = 0.000197

--- Iteration 74 ---
U1 - Qu_upper = 0.358359, U2 - Qv_upper = 0.300000
eta = 0.9918, interval_left = 0.9829, interval_right = 1.0000
Q = 0.000191, term1 = 0.013965, term2 = 0.000077
🌟 New best Q found: 0.000191 at iter 74
best_Q = 0.00019075488671660423, final_Q = 0.000191

--- Iteration 75 ---
U1 - Qu_upper = 0.358359, U2 - Qv_upper = 0.300000
eta = 0.9922, interval_left = 0.9838, interval_right = 1.0000
Q = 0.000185, term1 = 0.013965, term2 = 0.000077
🌟 New best Q found: 0.000185 at iter 75
best_Q = 0.00018506751803215593, final_Q = 0.000185

--- Iteration 76 ---
U1 - Qu_upper = 0.349559, U2 - Qv_upper = 0.300000
eta = 0.9925, interval_left = 0.9846, interval_right = 1.0000
Q = 0.000172, term1 = 0.015366, term2 = 0.000058
🌟 New best Q found: 0.000172 at iter 76
best_Q = 0.00017236892017535865, final_Q = 0.000172

--- Iteration 77 ---
U1 - Qu_upper = 0.349559, U2 - Qv_upper = 0.300000
eta = 0.9929, interval_left = 0.9854, interval_right = 1.0000
Q = 0.000167, term1 = 0.015366, term2 = 0.000058
🌟 New best Q found: 0.000167 at iter 77
best_Q = 0.0001666344905970618, final_Q = 0.000167

--- Iteration 78 ---
U1 - Qu_upper = 0.349559, U2 - Qv_upper = 0.300000
eta = 0.9932, interval_left = 0.9861, interval_right = 1.0000
Q = 0.000161, term1 = 0.015366, term2 = 0.000058
🌟 New best Q found: 0.000161 at iter 78
best_Q = 0.00016118676285259426, final_Q = 0.000161

--- Iteration 79 ---
U1 - Qu_upper = 0.349559, U2 - Qv_upper = 0.300000
eta = 0.9936, interval_left = 0.9868, interval_right = 1.0000
Q = 0.000156, term1 = 0.015366, term2 = 0.000058
🌟 New best Q found: 0.000156 at iter 79
best_Q = 0.00015601144696120173, final_Q = 0.000156

--- Iteration 80 ---
U1 - Qu_upper = 0.349559, U2 - Qv_upper = 0.300000
eta = 0.9939, interval_left = 0.9874, interval_right = 1.0000
Q = 0.000151, term1 = 0.015366, term2 = 0.000058
🌟 New best Q found: 0.000151 at iter 80
best_Q = 0.0001510948786744848, final_Q = 0.000151

--- Iteration 81 ---
U1 - Qu_upper = 0.349559, U2 - Qv_upper = 0.300000
eta = 0.9942, interval_left = 0.9881, interval_right = 1.0000
Q = 0.000146, term1 = 0.015366, term2 = 0.000058
🌟 New best Q found: 0.000146 at iter 81
best_Q = 0.00014642415044363588, final_Q = 0.000146

--- Iteration 82 ---
U1 - Qu_upper = 0.329104, U2 - Qv_upper = 0.300000
eta = 0.9943, interval_left = 0.9887, interval_right = 1.0000
Q = 0.000134, term1 = 0.018613, term2 = 0.000028
🌟 New best Q found: 0.000134 at iter 82
best_Q = 0.0001339329464826733, final_Q = 0.000134

--- Iteration 83 ---
U1 - Qu_upper = 0.329104, U2 - Qv_upper = 0.300000
eta = 0.9946, interval_left = 0.9892, interval_right = 1.0000
Q = 0.000129, term1 = 0.018613, term2 = 0.000028
🌟 New best Q found: 0.000129 at iter 83
best_Q = 0.00012864917516708374, final_Q = 0.000129

--- Iteration 84 ---
U1 - Qu_upper = 0.329104, U2 - Qv_upper = 0.300000
eta = 0.9949, interval_left = 0.9898, interval_right = 1.0000
Q = 0.000124, term1 = 0.018613, term2 = 0.000028
🌟 New best Q found: 0.000124 at iter 84
best_Q = 0.00012362960842438042, final_Q = 0.000124

--- Iteration 85 ---
U1 - Qu_upper = 0.329104, U2 - Qv_upper = 0.300000
eta = 0.9951, interval_left = 0.9903, interval_right = 1.0000
Q = 0.000119, term1 = 0.018613, term2 = 0.000028
🌟 New best Q found: 0.000119 at iter 85
best_Q = 0.00011886101128766313, final_Q = 0.000119

--- Iteration 86 ---
U1 - Qu_upper = 0.329104, U2 - Qv_upper = 0.300000
eta = 0.9954, interval_left = 0.9908, interval_right = 1.0000
Q = 0.000114, term1 = 0.018613, term2 = 0.000028
🌟 New best Q found: 0.000114 at iter 86
best_Q = 0.00011433084728196263, final_Q = 0.000114

--- Iteration 87 ---
U1 - Qu_upper = 0.329104, U2 - Qv_upper = 0.300000
eta = 0.9956, interval_left = 0.9912, interval_right = 1.0000
Q = 0.000110, term1 = 0.018613, term2 = 0.000028
🌟 New best Q found: 0.000110 at iter 87
best_Q = 0.00011002718383679166, final_Q = 0.000110

--- Iteration 88 ---
U1 - Qu_upper = 0.329104, U2 - Qv_upper = 0.300000
eta = 0.9958, interval_left = 0.9917, interval_right = 1.0000
Q = 0.000106, term1 = 0.018613, term2 = 0.000028
🌟 New best Q found: 0.000106 at iter 88
best_Q = 0.00010593871411401778, final_Q = 0.000106

--- Iteration 89 ---
U1 - Qu_upper = 0.329104, U2 - Qv_upper = 0.300000
eta = 0.9960, interval_left = 0.9921, interval_right = 1.0000
Q = 0.000102, term1 = 0.018613, term2 = 0.000028
🌟 New best Q found: 0.000102 at iter 89
best_Q = 0.00010205466242041439, final_Q = 0.000102

--- Iteration 90 ---
U1 - Qu_upper = 0.329104, U2 - Qv_upper = 0.300000
eta = 0.9962, interval_left = 0.9925, interval_right = 1.0000
Q = 0.000098, term1 = 0.018613, term2 = 0.000028
🌟 New best Q found: 0.000098 at iter 90
best_Q = 9.836480603553355e-05, final_Q = 0.000098

--- Iteration 91 ---
U1 - Qu_upper = 0.329104, U2 - Qv_upper = 0.300000
eta = 0.9964, interval_left = 0.9929, interval_right = 1.0000
Q = 0.000095, term1 = 0.018613, term2 = 0.000028
🌟 New best Q found: 0.000095 at iter 91
best_Q = 9.485945338383317e-05, final_Q = 0.000095

--- Iteration 92 ---
U1 - Qu_upper = 0.329104, U2 - Qv_upper = 0.300000
eta = 0.9966, interval_left = 0.9932, interval_right = 1.0000
Q = 0.000092, term1 = 0.018613, term2 = 0.000028
🌟 New best Q found: 0.000092 at iter 92
best_Q = 9.152936399914324e-05, final_Q = 0.000092

--- Iteration 93 ---
U1 - Qu_upper = 0.320063, U2 - Qv_upper = 0.300000
eta = 0.9967, interval_left = 0.9936, interval_right = 1.0000
Q = 0.000087, term1 = 0.020034, term2 = 0.000021
🌟 New best Q found: 0.000087 at iter 93
best_Q = 8.684616477694362e-05, final_Q = 0.000087

--- Iteration 94 ---
U1 - Qu_upper = 0.320063, U2 - Qv_upper = 0.300000
eta = 0.9969, interval_left = 0.9939, interval_right = 1.0000
Q = 0.000084, term1 = 0.020034, term2 = 0.000021
🌟 New best Q found: 0.000084 at iter 94
best_Q = 8.356251055374742e-05, final_Q = 0.000084

--- Iteration 95 ---
U1 - Qu_upper = 0.320063, U2 - Qv_upper = 0.300000
eta = 0.9970, interval_left = 0.9942, interval_right = 1.0000
Q = 0.000080, term1 = 0.020034, term2 = 0.000021
🌟 New best Q found: 0.000080 at iter 95
best_Q = 8.044303831411526e-05, final_Q = 0.000080

--- Iteration 96 ---
U1 - Qu_upper = 0.320063, U2 - Qv_upper = 0.300000
eta = 0.9972, interval_left = 0.9945, interval_right = 1.0000
Q = 0.000077, term1 = 0.020034, term2 = 0.000021
🌟 New best Q found: 0.000077 at iter 96
best_Q = 7.747953350190073e-05, final_Q = 0.000077

--- Iteration 97 ---
U1 - Qu_upper = 0.320063, U2 - Qv_upper = 0.300000
eta = 0.9973, interval_left = 0.9948, interval_right = 1.0000
Q = 0.000075, term1 = 0.020034, term2 = 0.000021
🌟 New best Q found: 0.000075 at iter 97
best_Q = 7.466421084245667e-05, final_Q = 0.000075

--- Iteration 98 ---
U1 - Qu_upper = 0.320063, U2 - Qv_upper = 0.300000
eta = 0.9975, interval_left = 0.9950, interval_right = 1.0000
Q = 0.000072, term1 = 0.020034, term2 = 0.000021
🌟 New best Q found: 0.000072 at iter 98
best_Q = 7.19896488590166e-05, final_Q = 0.000072

--- Iteration 99 ---
U1 - Qu_upper = 0.320063, U2 - Qv_upper = 0.300000
eta = 0.9976, interval_left = 0.9953, interval_right = 1.0000
Q = 0.000069, term1 = 0.020034, term2 = 0.000021
🌟 New best Q found: 0.000069 at iter 99
best_Q = 6.944882625248283e-05, final_Q = 0.000069
Optimization End
📁 Visualization directory ensured: /work3/s232263/DCE_Results/german_credit/MLP/DCE_u1=0.5,u2=0.3,l=0.2,r=1.0,mi=100,tk=1,nt=10/cone_all_DifferentialEvolution_F=0.5,CR=0.9,cs=1.2,ct=0.1,temp=2.0/seed_2025_20250805_083708/visualizations
Model saved to: /work3/s232263/DCE_Results/german_credit/MLP/DCE_u1=0.5,u2=0.3,l=0.2,r=1.0,mi=100,tk=1,nt=10/cone_all_DifferentialEvolution_F=0.5,CR=0.9,cs=1.2,ct=0.1,temp=2.0/seed_2025_20250805_083708/model.pkl
Best results saved to: /work3/s232263/DCE_Results/german_credit/MLP/DCE_u1=0.5,u2=0.3,l=0.2,r=1.0,mi=100,tk=1,nt=10/cone_all_DifferentialEvolution_F=0.5,CR=0.9,cs=1.2,ct=0.1,temp=2.0/seed_2025_20250805_083708
Final results saved to: /work3/s232263/DCE_Results/german_credit/MLP/DCE_u1=0.5,u2=0.3,l=0.2,r=1.0,mi=100,tk=1,nt=10/cone_all_DifferentialEvolution_F=0.5,CR=0.9,cs=1.2,ct=0.1,temp=2.0/seed_2025_20250805_083708
Optimization log saved to: /work3/s232263/DCE_Results/german_credit/MLP/DCE_u1=0.5,u2=0.3,l=0.2,r=1.0,mi=100,tk=1,nt=10/cone_all_DifferentialEvolution_F=0.5,CR=0.9,cs=1.2,ct=0.1,temp=2.0/seed_2025_20250805_083708
All results successfully saved to: /work3/s232263/DCE_Results/german_credit/MLP/DCE_u1=0.5,u2=0.3,l=0.2,r=1.0,mi=100,tk=1,nt=10/cone_all_DifferentialEvolution_F=0.5,CR=0.9,cs=1.2,ct=0.1,temp=2.0/seed_2025_20250805_083708
Visualizations will be saved to: /work3/s232263/DCE_Results/german_credit/MLP/DCE_u1=0.5,u2=0.3,l=0.2,r=1.0,mi=100,tk=1,nt=10/cone_all_DifferentialEvolution_F=0.5,CR=0.9,cs=1.2,ct=0.1,temp=2.0/seed_2025_20250805_083708/visualizations
✅ DCE explanation completed!
🎯 Best Q: 0.000069
📊 Final Q: 0.000069
🎉 Found feasible solution: True
💾 Results saved to: /work3/s232263/DCE_Results/german_credit/MLP/DCE_u1=0.5,u2=0.3,l=0.2,r=1.0,mi=100,tk=1,nt=10/cone_all_DifferentialEvolution_F=0.5,CR=0.9,cs=1.2,ct=0.1,temp=2.0/seed_2025_20250805_083708
📊 Calculating metrics...
✅ Data processed for metrics calculation
   Coverage Rate: 0.800
   MMD: 0.016
   OT Distance: 0.0401
   Percentile Differences:
     0-15%: 45.679%
     15-30%: 59.790%
     30-70%: 295.479%
     70-85%: 466.112%
     85-100%: 75.320%
   AReS Cost: 7.016
💾 Metrics saved to: /work3/s232263/DCE_Results/german_credit/MLP/DCE_u1=0.5,u2=0.3,l=0.2,r=1.0,mi=100,tk=1,nt=10/cone_all_DifferentialEvolution_F=0.5,CR=0.9,cs=1.2,ct=0.1,temp=2.0/seed_2025_20250805_083708/metrics_summary.json

================================================================================
📈 EXPERIMENT SUMMARY
================================================================================
🎯 Experiment: comprehensive_strategy_comparison
📊 Dataset: german_credit, Model: MLP
🎲 Seed: 2025

🎯 MONTE_CARLO (mc_demo):
   Best Q: 0.000776
   Final Q: 0.001265
   Feasible: True
   Core Metrics:
     Coverage Rate: 0.800
     MMD: 0.023
     OT Distance: 0.039
     AReS Cost: 9.987

🎯 GENETIC (ga_demo):
   Best Q: 0.000100
   Final Q: 0.000100
   Feasible: True
   Core Metrics:
     Coverage Rate: 0.800
     MMD: 0.019
     OT Distance: 0.035
     AReS Cost: 8.076

🎯 SIMULATED_ANNEALING (sa_demo):
   Best Q: 0.004727
   Final Q: 0.033201
   Feasible: True
   Core Metrics:
     Coverage Rate: 0.780
     MMD: 0.010
     OT Distance: 0.028
     AReS Cost: 6.876

🎯 BAYESIAN (bo_demo):
   Best Q: 0.021914
   Final Q: 0.029787
   Feasible: True
   Core Metrics:
     Coverage Rate: 0.720
     MMD: 0.021
     OT Distance: 0.088
     AReS Cost: 6.432

🎯 DIFFERENTIAL_EVOLUTION (de_demo):
   Best Q: 0.000069
   Final Q: 0.000069
   Feasible: True
   Core Metrics:
     Coverage Rate: 0.800
     MMD: 0.016
     OT Distance: 0.040
     AReS Cost: 7.016

✅ All experiments completed!
✅ Seed 2025 completed successfully!

================================================================================
🎲 SEED 5/5: 24874
================================================================================

🎲 Running experiment with seed: 24874
📊 Loading dataset: german_credit
✅ Training data: 800 samples
✅ Test data: 200 samples
📊 Generating explain data using method: standard
   Standard sampling: 50 samples
✅ Explanation data: 50 samples
🤖 Creating model: MLP

============================================================
🎲 Running experiment: monte_carlo (alias: mc_demo)
============================================================
🎯 Creating strategy: monte_carlo (alias: mc_demo)
🧭 Full cone sampling mode (both categorical and continuous)
📐 Cone angle: 45.0° (0.785 rad)
🚀 Starting DCE explanation...
📍 Using original factual data as starting point (X_init=False)
Results will be saved to: /work3/s232263/DCE_Results/german_credit/MLP/DCE_u1=0.5,u2=0.3,l=0.2,r=1.0,mi=100,tk=1,nt=10/cone_all_MonteCarlo_cs=1.2,ct=0.1,temp=2.0/seed_24874_20250805_090440
📁 Initial data saved:
   - x_true.csv: (50, 9)
   - y_true.csv: (50, 1)
   - y_target.csv: (50,)
Training Start
Optimization Start

--- Iteration 0 ---
U1 - Qu_upper = 0.500000, U2 - Qv_upper = -0.217549
eta = 1.0000, interval_left = 0.2400, interval_right = 1.0000
Q = 0.123702, term1 = 0.000000, term2 = 0.123702
best_Q = inf, final_Q = 0.123702

--- Iteration 1 ---
U1 - Qu_upper = 0.500000, U2 - Qv_upper = -0.181826
eta = 1.0000, interval_left = 0.2780, interval_right = 1.0000
Q = 0.106502, term1 = 0.001834, term2 = 0.106502
best_Q = inf, final_Q = 0.106502

--- Iteration 2 ---
U1 - Qu_upper = 0.429415, U2 - Qv_upper = -0.142504
eta = 1.0000, interval_left = 0.3141, interval_right = 1.0000
Q = 0.089503, term1 = 0.004671, term2 = 0.089503
best_Q = inf, final_Q = 0.089503

--- Iteration 3 ---
U1 - Qu_upper = 0.427293, U2 - Qv_upper = -0.105029
eta = 1.0000, interval_left = 0.3484, interval_right = 1.0000
Q = 0.070091, term1 = 0.005641, term2 = 0.070091
best_Q = inf, final_Q = 0.070091

--- Iteration 4 ---
U1 - Qu_upper = 0.400641, U2 - Qv_upper = -0.053085
eta = 1.0000, interval_left = 0.3810, interval_right = 1.0000
Q = 0.053686, term1 = 0.008792, term2 = 0.053686
best_Q = inf, final_Q = 0.053686

--- Iteration 5 ---
U1 - Qu_upper = 0.362494, U2 - Qv_upper = -0.023831
eta = 1.0000, interval_left = 0.4119, interval_right = 1.0000
Q = 0.044595, term1 = 0.012471, term2 = 0.044595
best_Q = inf, final_Q = 0.044595

--- Iteration 6 ---
U1 - Qu_upper = 0.342776, U2 - Qv_upper = 0.023212
eta = 0.9627, interval_left = 0.4413, interval_right = 1.0000
Q = 0.032216, term1 = 0.015791, term2 = 0.032852
🌟 New best Q found: 0.032216 at iter 6
best_Q = 0.032216060906648636, final_Q = 0.032216

--- Iteration 7 ---
U1 - Qu_upper = 0.337333, U2 - Qv_upper = 0.069254
eta = 0.9048, interval_left = 0.4693, interval_right = 1.0000
Q = 0.022153, term1 = 0.016168, term2 = 0.022783
🌟 New best Q found: 0.022153 at iter 7
best_Q = 0.022153392434120178, final_Q = 0.022153

--- Iteration 8 ---
U1 - Qu_upper = 0.339685, U2 - Qv_upper = 0.097560
eta = 0.8816, interval_left = 0.4958, interval_right = 1.0000
Q = 0.017208, term1 = 0.016410, term2 = 0.017315
🌟 New best Q found: 0.017208 at iter 8
best_Q = 0.017207790166139603, final_Q = 0.017208

--- Iteration 9 ---
U1 - Qu_upper = 0.340510, U2 - Qv_upper = 0.138428
eta = 0.8543, interval_left = 0.5210, interval_right = 1.0000
Q = 0.012004, term1 = 0.016378, term2 = 0.011258
🌟 New best Q found: 0.012004 at iter 9
best_Q = 0.012003948912024498, final_Q = 0.012004

--- Iteration 10 ---
U1 - Qu_upper = 0.335629, U2 - Qv_upper = 0.173666
eta = 0.8367, interval_left = 0.5450, interval_right = 1.0000
Q = 0.008338, term1 = 0.016838, term2 = 0.006679
🌟 New best Q found: 0.008338 at iter 10
best_Q = 0.0083384420722723, final_Q = 0.008338

--- Iteration 11 ---
U1 - Qu_upper = 0.337321, U2 - Qv_upper = 0.196739
eta = 0.8324, interval_left = 0.5677, interval_right = 1.0000
Q = 0.006674, term1 = 0.017174, term2 = 0.004559
🌟 New best Q found: 0.006674 at iter 11
best_Q = 0.006673811934888363, final_Q = 0.006674

--- Iteration 12 ---
U1 - Qu_upper = 0.335323, U2 - Qv_upper = 0.217883
eta = 0.8297, interval_left = 0.5893, interval_right = 1.0000
Q = 0.005391, term1 = 0.017345, term2 = 0.002938
🌟 New best Q found: 0.005391 at iter 12
best_Q = 0.005391065962612629, final_Q = 0.005391

--- Iteration 13 ---
U1 - Qu_upper = 0.332920, U2 - Qv_upper = 0.242225
eta = 0.8270, interval_left = 0.6099, interval_right = 1.0000
Q = 0.004349, term1 = 0.017802, term2 = 0.001536
🌟 New best Q found: 0.004349 at iter 13
best_Q = 0.004349208902567625, final_Q = 0.004349

--- Iteration 14 ---
U1 - Qu_upper = 0.343722, U2 - Qv_upper = 0.271772
eta = 0.8277, interval_left = 0.6294, interval_right = 1.0000
Q = 0.003228, term1 = 0.016513, term2 = 0.000463
🌟 New best Q found: 0.003228 at iter 14
best_Q = 0.0032282196916639805, final_Q = 0.003228

--- Iteration 15 ---
U1 - Qu_upper = 0.396685, U2 - Qv_upper = 0.271400
eta = 0.8494, interval_left = 0.6479, interval_right = 1.0000
Q = 0.002007, term1 = 0.010711, term2 = 0.000464
🌟 New best Q found: 0.002007 at iter 15
best_Q = 0.002007134957239032, final_Q = 0.002007

--- Iteration 16 ---
U1 - Qu_upper = 0.405632, U2 - Qv_upper = 0.279903
eta = 0.8562, interval_left = 0.6655, interval_right = 1.0000
Q = 0.001744, term1 = 0.010436, term2 = 0.000284
🌟 New best Q found: 0.001744 at iter 16
best_Q = 0.0017436333000659943, final_Q = 0.001744

--- Iteration 17 ---
U1 - Qu_upper = 0.403937, U2 - Qv_upper = 0.291041
eta = 0.8599, interval_left = 0.6822, interval_right = 1.0000
Q = 0.001572, term1 = 0.010496, term2 = 0.000118
🌟 New best Q found: 0.001572 at iter 17
best_Q = 0.0015720471274107695, final_Q = 0.001572

--- Iteration 18 ---
U1 - Qu_upper = 0.415108, U2 - Qv_upper = 0.291090
eta = 0.8690, interval_left = 0.6981, interval_right = 1.0000
Q = 0.001375, term1 = 0.009714, term2 = 0.000118
🌟 New best Q found: 0.001375 at iter 18
best_Q = 0.0013747907942160964, final_Q = 0.001375

--- Iteration 19 ---
U1 - Qu_upper = 0.425104, U2 - Qv_upper = 0.300000
eta = 0.8751, interval_left = 0.7132, interval_right = 1.0000
Q = 0.001180, term1 = 0.008968, term2 = 0.000068
🌟 New best Q found: 0.001180 at iter 19
best_Q = 0.001179650193080306, final_Q = 0.001180

--- Iteration 20 ---
U1 - Qu_upper = 0.410629, U2 - Qv_upper = 0.300000
eta = 0.8789, interval_left = 0.7276, interval_right = 1.0000
Q = 0.001222, term1 = 0.009507, term2 = 0.000081
best_Q = 0.001179650193080306, final_Q = 0.001222

--- Iteration 21 ---
U1 - Qu_upper = 0.414057, U2 - Qv_upper = 0.295139
eta = 0.8866, interval_left = 0.7412, interval_right = 1.0000
Q = 0.001137, term1 = 0.009293, term2 = 0.000094
🌟 New best Q found: 0.001137 at iter 21
best_Q = 0.0011369653511792421, final_Q = 0.001137

--- Iteration 22 ---
U1 - Qu_upper = 0.414411, U2 - Qv_upper = 0.287412
eta = 0.8940, interval_left = 0.7541, interval_right = 1.0000
Q = 0.001139, term1 = 0.009394, term2 = 0.000160
best_Q = 0.0011369653511792421, final_Q = 0.001139

--- Iteration 23 ---
U1 - Qu_upper = 0.418295, U2 - Qv_upper = 0.300000
eta = 0.8973, interval_left = 0.7664, interval_right = 1.0000
Q = 0.000978, term1 = 0.008906, term2 = 0.000071
🌟 New best Q found: 0.000978 at iter 23
best_Q = 0.000978010008111596, final_Q = 0.000978

--- Iteration 24 ---
U1 - Qu_upper = 0.424250, U2 - Qv_upper = 0.295063
eta = 0.9042, interval_left = 0.7781, interval_right = 1.0000
Q = 0.000891, term1 = 0.008411, term2 = 0.000094
🌟 New best Q found: 0.000891 at iter 24
best_Q = 0.0008911177865229547, final_Q = 0.000891

--- Iteration 25 ---
U1 - Qu_upper = 0.421995, U2 - Qv_upper = 0.300000
eta = 0.9078, interval_left = 0.7892, interval_right = 1.0000
Q = 0.000853, term1 = 0.008728, term2 = 0.000053
🌟 New best Q found: 0.000853 at iter 25
best_Q = 0.0008526666206307709, final_Q = 0.000853

--- Iteration 26 ---
U1 - Qu_upper = 0.416514, U2 - Qv_upper = 0.300000
eta = 0.9117, interval_left = 0.7997, interval_right = 1.0000
Q = 0.000822, term1 = 0.008969, term2 = 0.000034
🌟 New best Q found: 0.000822 at iter 26
best_Q = 0.0008223053300753236, final_Q = 0.000822

--- Iteration 27 ---
U1 - Qu_upper = 0.411640, U2 - Qv_upper = 0.300000
eta = 0.9156, interval_left = 0.8097, interval_right = 1.0000
Q = 0.000816, term1 = 0.009310, term2 = 0.000033
🌟 New best Q found: 0.000816 at iter 27
best_Q = 0.0008162576705217361, final_Q = 0.000816

--- Iteration 28 ---
U1 - Qu_upper = 0.405291, U2 - Qv_upper = 0.300000
eta = 0.9191, interval_left = 0.8193, interval_right = 1.0000
Q = 0.000796, term1 = 0.009435, term2 = 0.000035
🌟 New best Q found: 0.000796 at iter 28
best_Q = 0.0007955504697747529, final_Q = 0.000796

--- Iteration 29 ---
U1 - Qu_upper = 0.396918, U2 - Qv_upper = 0.300000
eta = 0.9222, interval_left = 0.8283, interval_right = 1.0000
Q = 0.000823, term1 = 0.010089, term2 = 0.000041
best_Q = 0.0007955504697747529, final_Q = 0.000823

--- Iteration 30 ---
U1 - Qu_upper = 0.412107, U2 - Qv_upper = 0.300000
eta = 0.9277, interval_left = 0.8369, interval_right = 1.0000
Q = 0.000687, term1 = 0.008975, term2 = 0.000041
🌟 New best Q found: 0.000687 at iter 30
best_Q = 0.0006871092482469976, final_Q = 0.000687

--- Iteration 31 ---
U1 - Qu_upper = 0.398924, U2 - Qv_upper = 0.300000
eta = 0.9300, interval_left = 0.8450, interval_right = 1.0000
Q = 0.000765, term1 = 0.010388, term2 = 0.000041
best_Q = 0.0006871092482469976, final_Q = 0.000765

--- Iteration 32 ---
U1 - Qu_upper = 0.403033, U2 - Qv_upper = 0.300000
eta = 0.9339, interval_left = 0.8528, interval_right = 1.0000
Q = 0.000709, term1 = 0.010148, term2 = 0.000041
best_Q = 0.0006871092482469976, final_Q = 0.000709

--- Iteration 33 ---
U1 - Qu_upper = 0.422179, U2 - Qv_upper = 0.300000
eta = 0.9388, interval_left = 0.8601, interval_right = 1.0000
Q = 0.000551, term1 = 0.008390, term2 = 0.000041
🌟 New best Q found: 0.000551 at iter 33
best_Q = 0.0005514155491255224, final_Q = 0.000551

--- Iteration 34 ---
U1 - Qu_upper = 0.399847, U2 - Qv_upper = 0.300000
eta = 0.9400, interval_left = 0.8671, interval_right = 1.0000
Q = 0.000636, term1 = 0.009966, term2 = 0.000041
best_Q = 0.0005514155491255224, final_Q = 0.000636

--- Iteration 35 ---
U1 - Qu_upper = 0.394915, U2 - Qv_upper = 0.300000
eta = 0.9426, interval_left = 0.8738, interval_right = 1.0000
Q = 0.000619, term1 = 0.010117, term2 = 0.000041
best_Q = 0.0005514155491255224, final_Q = 0.000619

--- Iteration 36 ---
U1 - Qu_upper = 0.387172, U2 - Qv_upper = 0.300000
eta = 0.9449, interval_left = 0.8801, interval_right = 1.0000
Q = 0.000670, term1 = 0.011461, term2 = 0.000041
best_Q = 0.0005514155491255224, final_Q = 0.000670

--- Iteration 37 ---
U1 - Qu_upper = 0.397961, U2 - Qv_upper = 0.300000
eta = 0.9485, interval_left = 0.8861, interval_right = 1.0000
Q = 0.000567, term1 = 0.010388, term2 = 0.000034
best_Q = 0.0005514155491255224, final_Q = 0.000567

--- Iteration 38 ---
U1 - Qu_upper = 0.398788, U2 - Qv_upper = 0.300000
eta = 0.9511, interval_left = 0.8918, interval_right = 1.0000
Q = 0.000535, term1 = 0.010372, term2 = 0.000029
🌟 New best Q found: 0.000535 at iter 38
best_Q = 0.0005348806153051555, final_Q = 0.000535

--- Iteration 39 ---
U1 - Qu_upper = 0.387840, U2 - Qv_upper = 0.300000
eta = 0.9528, interval_left = 0.8972, interval_right = 1.0000
Q = 0.000575, term1 = 0.011365, term2 = 0.000041
best_Q = 0.0005348806153051555, final_Q = 0.000575

--- Iteration 40 ---
U1 - Qu_upper = 0.395867, U2 - Qv_upper = 0.300000
eta = 0.9557, interval_left = 0.9023, interval_right = 1.0000
Q = 0.000520, term1 = 0.010883, term2 = 0.000040
🌟 New best Q found: 0.000520 at iter 40
best_Q = 0.0005203586770221591, final_Q = 0.000520

--- Iteration 41 ---
U1 - Qu_upper = 0.372251, U2 - Qv_upper = 0.300000
eta = 0.9564, interval_left = 0.9072, interval_right = 1.0000
Q = 0.000598, term1 = 0.012891, term2 = 0.000037
best_Q = 0.0005203586770221591, final_Q = 0.000598

--- Iteration 42 ---
U1 - Qu_upper = 0.384255, U2 - Qv_upper = 0.300000
eta = 0.9593, interval_left = 0.9119, interval_right = 1.0000
Q = 0.000532, term1 = 0.012191, term2 = 0.000037
best_Q = 0.0005203586770221591, final_Q = 0.000532

--- Iteration 43 ---
U1 - Qu_upper = 0.390358, U2 - Qv_upper = 0.300000
eta = 0.9617, interval_left = 0.9163, interval_right = 1.0000
Q = 0.000484, term1 = 0.011709, term2 = 0.000037
🌟 New best Q found: 0.000484 at iter 43
best_Q = 0.00048446221626363695, final_Q = 0.000484

--- Iteration 44 ---
U1 - Qu_upper = 0.393114, U2 - Qv_upper = 0.300000
eta = 0.9638, interval_left = 0.9204, interval_right = 1.0000
Q = 0.000455, term1 = 0.011562, term2 = 0.000037
🌟 New best Q found: 0.000455 at iter 44
best_Q = 0.00045510713243857026, final_Q = 0.000455

--- Iteration 45 ---
U1 - Qu_upper = 0.396785, U2 - Qv_upper = 0.300000
eta = 0.9657, interval_left = 0.9244, interval_right = 1.0000
Q = 0.000417, term1 = 0.011129, term2 = 0.000037
🌟 New best Q found: 0.000417 at iter 45
best_Q = 0.00041728204814717174, final_Q = 0.000417

--- Iteration 46 ---
U1 - Qu_upper = 0.410987, U2 - Qv_upper = 0.300000
eta = 0.9681, interval_left = 0.9282, interval_right = 1.0000
Q = 0.000364, term1 = 0.010278, term2 = 0.000037
🌟 New best Q found: 0.000364 at iter 46
best_Q = 0.0003639350470621139, final_Q = 0.000364

--- Iteration 47 ---
U1 - Qu_upper = 0.405314, U2 - Qv_upper = 0.300000
eta = 0.9695, interval_left = 0.9318, interval_right = 1.0000
Q = 0.000367, term1 = 0.010807, term2 = 0.000038
best_Q = 0.0003639350470621139, final_Q = 0.000367

--- Iteration 48 ---
U1 - Qu_upper = 0.404236, U2 - Qv_upper = 0.300000
eta = 0.9709, interval_left = 0.9352, interval_right = 1.0000
Q = 0.000348, term1 = 0.010797, term2 = 0.000035
🌟 New best Q found: 0.000348 at iter 48
best_Q = 0.00034780410351231694, final_Q = 0.000348

--- Iteration 49 ---
U1 - Qu_upper = 0.386301, U2 - Qv_upper = 0.300000
eta = 0.9717, interval_left = 0.9384, interval_right = 1.0000
Q = 0.000404, term1 = 0.012338, term2 = 0.000056
best_Q = 0.00034780410351231694, final_Q = 0.000404

--- Iteration 50 ---
U1 - Qu_upper = 0.388342, U2 - Qv_upper = 0.300000
eta = 0.9732, interval_left = 0.9415, interval_right = 1.0000
Q = 0.000366, term1 = 0.012406, term2 = 0.000035
best_Q = 0.00034780410351231694, final_Q = 0.000366

--- Iteration 51 ---
U1 - Qu_upper = 0.405285, U2 - Qv_upper = 0.300000
eta = 0.9751, interval_left = 0.9444, interval_right = 1.0000
Q = 0.000306, term1 = 0.011070, term2 = 0.000032
🌟 New best Q found: 0.000306 at iter 51
best_Q = 0.00030622072517871857, final_Q = 0.000306

--- Iteration 52 ---
U1 - Qu_upper = 0.390637, U2 - Qv_upper = 0.285426
eta = 0.9765, interval_left = 0.9472, interval_right = 1.0000
Q = 0.000487, term1 = 0.012454, term2 = 0.000200
best_Q = 0.00030622072517871857, final_Q = 0.000487

--- Iteration 53 ---
U1 - Qu_upper = 0.402800, U2 - Qv_upper = 0.300000
eta = 0.9775, interval_left = 0.9499, interval_right = 1.0000
Q = 0.000281, term1 = 0.011090, term2 = 0.000032
🌟 New best Q found: 0.000281 at iter 53
best_Q = 0.0002809982979670167, final_Q = 0.000281

--- Iteration 54 ---
U1 - Qu_upper = 0.396298, U2 - Qv_upper = 0.300000
eta = 0.9784, interval_left = 0.9524, interval_right = 1.0000
Q = 0.000281, term1 = 0.011132, term2 = 0.000041
🌟 New best Q found: 0.000281 at iter 54
best_Q = 0.0002807738783303648, final_Q = 0.000281

--- Iteration 55 ---
U1 - Qu_upper = 0.393439, U2 - Qv_upper = 0.296167
eta = 0.9795, interval_left = 0.9548, interval_right = 1.0000
Q = 0.000308, term1 = 0.011300, term2 = 0.000078
best_Q = 0.0002807738783303648, final_Q = 0.000308

--- Iteration 56 ---
U1 - Qu_upper = 0.387265, U2 - Qv_upper = 0.297883
eta = 0.9803, interval_left = 0.9570, interval_right = 1.0000
Q = 0.000336, term1 = 0.012300, term2 = 0.000095
best_Q = 0.0002807738783303648, final_Q = 0.000336

--- Iteration 57 ---
U1 - Qu_upper = 0.400613, U2 - Qv_upper = 0.300000
eta = 0.9816, interval_left = 0.9592, interval_right = 1.0000
Q = 0.000253, term1 = 0.010963, term2 = 0.000053
🌟 New best Q found: 0.000253 at iter 57
best_Q = 0.0002533993683755398, final_Q = 0.000253

--- Iteration 58 ---
U1 - Qu_upper = 0.394726, U2 - Qv_upper = 0.300000
eta = 0.9824, interval_left = 0.9612, interval_right = 1.0000
Q = 0.000249, term1 = 0.011640, term2 = 0.000045
🌟 New best Q found: 0.000249 at iter 58
best_Q = 0.0002490860933903605, final_Q = 0.000249

--- Iteration 59 ---
U1 - Qu_upper = 0.388381, U2 - Qv_upper = 0.300000
eta = 0.9831, interval_left = 0.9631, interval_right = 1.0000
Q = 0.000253, term1 = 0.013024, term2 = 0.000034
best_Q = 0.0002490860933903605, final_Q = 0.000253

--- Iteration 60 ---
U1 - Qu_upper = 0.390016, U2 - Qv_upper = 0.300000
eta = 0.9840, interval_left = 0.9650, interval_right = 1.0000
Q = 0.000263, term1 = 0.012854, term2 = 0.000058
best_Q = 0.0002490860933903605, final_Q = 0.000263

--- Iteration 61 ---
U1 - Qu_upper = 0.380641, U2 - Qv_upper = 0.300000
eta = 0.9846, interval_left = 0.9667, interval_right = 1.0000
Q = 0.000275, term1 = 0.013083, term2 = 0.000074
best_Q = 0.0002490860933903605, final_Q = 0.000275

--- Iteration 62 ---
U1 - Qu_upper = 0.383727, U2 - Qv_upper = 0.300000
eta = 0.9854, interval_left = 0.9684, interval_right = 1.0000
Q = 0.000263, term1 = 0.012702, term2 = 0.000079
best_Q = 0.0002490860933903605, final_Q = 0.000263

--- Iteration 63 ---
U1 - Qu_upper = 0.377134, U2 - Qv_upper = 0.300000
eta = 0.9860, interval_left = 0.9700, interval_right = 1.0000
Q = 0.000218, term1 = 0.012620, term2 = 0.000042
🌟 New best Q found: 0.000218 at iter 63
best_Q = 0.00021784144337289035, final_Q = 0.000218

--- Iteration 64 ---
U1 - Qu_upper = 0.365611, U2 - Qv_upper = 0.300000
eta = 0.9865, interval_left = 0.9715, interval_right = 1.0000
Q = 0.000240, term1 = 0.014643, term2 = 0.000043
best_Q = 0.00021784144337289035, final_Q = 0.000240

--- Iteration 65 ---
U1 - Qu_upper = 0.361556, U2 - Qv_upper = 0.300000
eta = 0.9871, interval_left = 0.9729, interval_right = 1.0000
Q = 0.000229, term1 = 0.015113, term2 = 0.000034
best_Q = 0.00021784144337289035, final_Q = 0.000229

--- Iteration 66 ---
U1 - Qu_upper = 0.352552, U2 - Qv_upper = 0.300000
eta = 0.9875, interval_left = 0.9743, interval_right = 1.0000
Q = 0.000226, term1 = 0.015908, term2 = 0.000028
best_Q = 0.00021784144337289035, final_Q = 0.000226

--- Iteration 67 ---
U1 - Qu_upper = 0.337890, U2 - Qv_upper = 0.300000
eta = 0.9879, interval_left = 0.9755, interval_right = 1.0000
Q = 0.000256, term1 = 0.019257, term2 = 0.000023
best_Q = 0.00021784144337289035, final_Q = 0.000256

--- Iteration 68 ---
U1 - Qu_upper = 0.344319, U2 - Qv_upper = 0.300000
eta = 0.9886, interval_left = 0.9768, interval_right = 1.0000
Q = 0.000245, term1 = 0.018463, term2 = 0.000035
best_Q = 0.00021784144337289035, final_Q = 0.000245

--- Iteration 69 ---
U1 - Qu_upper = 0.358181, U2 - Qv_upper = 0.290352
eta = 0.9896, interval_left = 0.9779, interval_right = 1.0000
Q = 0.000259, term1 = 0.016690, term2 = 0.000086
best_Q = 0.00021784144337289035, final_Q = 0.000259

--- Iteration 70 ---
U1 - Qu_upper = 0.347713, U2 - Qv_upper = 0.300000
eta = 0.9898, interval_left = 0.9790, interval_right = 1.0000
Q = 0.000219, term1 = 0.018350, term2 = 0.000031
best_Q = 0.00021784144337289035, final_Q = 0.000219

--- Iteration 71 ---
U1 - Qu_upper = 0.343219, U2 - Qv_upper = 0.300000
eta = 0.9902, interval_left = 0.9801, interval_right = 1.0000
Q = 0.000235, term1 = 0.018724, term2 = 0.000052
best_Q = 0.00021784144337289035, final_Q = 0.000235

--- Iteration 72 ---
U1 - Qu_upper = 0.343718, U2 - Qv_upper = 0.300000
eta = 0.9907, interval_left = 0.9811, interval_right = 1.0000
Q = 0.000207, term1 = 0.018637, term2 = 0.000034
🌟 New best Q found: 0.000207 at iter 72
best_Q = 0.00020671272068284452, final_Q = 0.000207

--- Iteration 73 ---
U1 - Qu_upper = 0.347801, U2 - Qv_upper = 0.300000
eta = 0.9912, interval_left = 0.9820, interval_right = 1.0000
Q = 0.000195, term1 = 0.018409, term2 = 0.000034
🌟 New best Q found: 0.000195 at iter 73
best_Q = 0.00019504768715705723, final_Q = 0.000195

--- Iteration 74 ---
U1 - Qu_upper = 0.342796, U2 - Qv_upper = 0.291363
eta = 0.9917, interval_left = 0.9829, interval_right = 1.0000
Q = 0.000246, term1 = 0.018435, term2 = 0.000094
best_Q = 0.00019504768715705723, final_Q = 0.000246

--- Iteration 75 ---
U1 - Qu_upper = 0.336854, U2 - Qv_upper = 0.300000
eta = 0.9920, interval_left = 0.9838, interval_right = 1.0000
Q = 0.000207, term1 = 0.019615, term2 = 0.000049
best_Q = 0.00019504768715705723, final_Q = 0.000207

--- Iteration 76 ---
U1 - Qu_upper = 0.346712, U2 - Qv_upper = 0.290455
eta = 0.9926, interval_left = 0.9846, interval_right = 1.0000
Q = 0.000245, term1 = 0.017631, term2 = 0.000116
best_Q = 0.00019504768715705723, final_Q = 0.000245

--- Iteration 77 ---
U1 - Qu_upper = 0.338581, U2 - Qv_upper = 0.300000
eta = 0.9928, interval_left = 0.9854, interval_right = 1.0000
Q = 0.000192, term1 = 0.018913, term2 = 0.000055
🌟 New best Q found: 0.000192 at iter 77
best_Q = 0.0001919536298373714, final_Q = 0.000192

--- Iteration 78 ---
U1 - Qu_upper = 0.343432, U2 - Qv_upper = 0.288691
eta = 0.9933, interval_left = 0.9861, interval_right = 1.0000
Q = 0.000249, term1 = 0.017848, term2 = 0.000131
best_Q = 0.0001919536298373714, final_Q = 0.000249

--- Iteration 79 ---
U1 - Qu_upper = 0.350575, U2 - Qv_upper = 0.288912
eta = 0.9937, interval_left = 0.9868, interval_right = 1.0000
Q = 0.000226, term1 = 0.016457, term2 = 0.000123
best_Q = 0.0001919536298373714, final_Q = 0.000226

--- Iteration 80 ---
U1 - Qu_upper = 0.347951, U2 - Qv_upper = 0.295769
eta = 0.9939, interval_left = 0.9874, interval_right = 1.0000
Q = 0.000221, term1 = 0.016794, term2 = 0.000120
best_Q = 0.0001919536298373714, final_Q = 0.000221

--- Iteration 81 ---
U1 - Qu_upper = 0.347155, U2 - Qv_upper = 0.300000
eta = 0.9942, interval_left = 0.9881, interval_right = 1.0000
Q = 0.000153, term1 = 0.017242, term2 = 0.000053
🌟 New best Q found: 0.000153 at iter 81
best_Q = 0.0001526261621620506, final_Q = 0.000153

--- Iteration 82 ---
U1 - Qu_upper = 0.353559, U2 - Qv_upper = 0.300000
eta = 0.9945, interval_left = 0.9887, interval_right = 1.0000
Q = 0.000131, term1 = 0.016077, term2 = 0.000043
🌟 New best Q found: 0.000131 at iter 82
best_Q = 0.0001311493688262999, final_Q = 0.000131

--- Iteration 83 ---
U1 - Qu_upper = 0.353644, U2 - Qv_upper = 0.300000
eta = 0.9948, interval_left = 0.9892, interval_right = 1.0000
Q = 0.000114, term1 = 0.015569, term2 = 0.000033
🌟 New best Q found: 0.000114 at iter 83
best_Q = 0.00011402099335100502, final_Q = 0.000114

--- Iteration 84 ---
U1 - Qu_upper = 0.353134, U2 - Qv_upper = 0.300000
eta = 0.9951, interval_left = 0.9898, interval_right = 1.0000
Q = 0.000109, term1 = 0.015634, term2 = 0.000031
🌟 New best Q found: 0.000109 at iter 84
best_Q = 0.0001085246040020138, final_Q = 0.000109

--- Iteration 85 ---
U1 - Qu_upper = 0.328568, U2 - Qv_upper = 0.300000
eta = 0.9951, interval_left = 0.9903, interval_right = 1.0000
Q = 0.000121, term1 = 0.019051, term2 = 0.000028
best_Q = 0.0001085246040020138, final_Q = 0.000121

--- Iteration 86 ---
U1 - Qu_upper = 0.361904, U2 - Qv_upper = 0.291348
eta = 0.9957, interval_left = 0.9908, interval_right = 1.0000
Q = 0.000164, term1 = 0.014923, term2 = 0.000100
best_Q = 0.0001085246040020138, final_Q = 0.000164

--- Iteration 87 ---
U1 - Qu_upper = 0.348647, U2 - Qv_upper = 0.289765
eta = 0.9958, interval_left = 0.9912, interval_right = 1.0000
Q = 0.000185, term1 = 0.016422, term2 = 0.000117
best_Q = 0.0001085246040020138, final_Q = 0.000185

--- Iteration 88 ---
U1 - Qu_upper = 0.337721, U2 - Qv_upper = 0.300000
eta = 0.9959, interval_left = 0.9917, interval_right = 1.0000
Q = 0.000131, term1 = 0.017807, term2 = 0.000058
best_Q = 0.0001085246040020138, final_Q = 0.000131

--- Iteration 89 ---
U1 - Qu_upper = 0.345880, U2 - Qv_upper = 0.300000
eta = 0.9961, interval_left = 0.9921, interval_right = 1.0000
Q = 0.000119, term1 = 0.017342, term2 = 0.000052
best_Q = 0.0001085246040020138, final_Q = 0.000119

--- Iteration 90 ---
U1 - Qu_upper = 0.364784, U2 - Qv_upper = 0.300000
eta = 0.9964, interval_left = 0.9925, interval_right = 1.0000
Q = 0.000097, term1 = 0.014843, term2 = 0.000044
🌟 New best Q found: 0.000097 at iter 90
best_Q = 9.695343760540709e-05, final_Q = 0.000097

--- Iteration 91 ---
U1 - Qu_upper = 0.382730, U2 - Qv_upper = 0.300000
eta = 0.9967, interval_left = 0.9929, interval_right = 1.0000
Q = 0.000090, term1 = 0.012590, term2 = 0.000049
🌟 New best Q found: 0.000090 at iter 91
best_Q = 9.024295286508277e-05, final_Q = 0.000090

--- Iteration 92 ---
U1 - Qu_upper = 0.377312, U2 - Qv_upper = 0.300000
eta = 0.9968, interval_left = 0.9932, interval_right = 1.0000
Q = 0.000079, term1 = 0.013287, term2 = 0.000038
🌟 New best Q found: 0.000079 at iter 92
best_Q = 7.942196680232882e-05, final_Q = 0.000079

--- Iteration 93 ---
U1 - Qu_upper = 0.366435, U2 - Qv_upper = 0.300000
eta = 0.9969, interval_left = 0.9936, interval_right = 1.0000
Q = 0.000086, term1 = 0.015002, term2 = 0.000040
best_Q = 7.942196680232882e-05, final_Q = 0.000086

--- Iteration 94 ---
U1 - Qu_upper = 0.359302, U2 - Qv_upper = 0.300000
eta = 0.9971, interval_left = 0.9939, interval_right = 1.0000
Q = 0.000076, term1 = 0.015146, term2 = 0.000032
🌟 New best Q found: 0.000076 at iter 94
best_Q = 7.634524081367999e-05, final_Q = 0.000076

--- Iteration 95 ---
U1 - Qu_upper = 0.363050, U2 - Qv_upper = 0.300000
eta = 0.9972, interval_left = 0.9942, interval_right = 1.0000
Q = 0.000091, term1 = 0.015501, term2 = 0.000048
best_Q = 7.634524081367999e-05, final_Q = 0.000091

--- Iteration 96 ---
U1 - Qu_upper = 0.366409, U2 - Qv_upper = 0.300000
eta = 0.9974, interval_left = 0.9945, interval_right = 1.0000
Q = 0.000061, term1 = 0.014850, term2 = 0.000023
🌟 New best Q found: 0.000061 at iter 96
best_Q = 6.140671030152589e-05, final_Q = 0.000061

--- Iteration 97 ---
U1 - Qu_upper = 0.360954, U2 - Qv_upper = 0.299248
eta = 0.9975, interval_left = 0.9948, interval_right = 1.0000
Q = 0.000097, term1 = 0.014965, term2 = 0.000059
best_Q = 6.140671030152589e-05, final_Q = 0.000097

--- Iteration 98 ---
U1 - Qu_upper = 0.355209, U2 - Qv_upper = 0.300000
eta = 0.9976, interval_left = 0.9950, interval_right = 1.0000
Q = 0.000063, term1 = 0.015677, term2 = 0.000026
best_Q = 6.140671030152589e-05, final_Q = 0.000063

--- Iteration 99 ---
U1 - Qu_upper = 0.349296, U2 - Qv_upper = 0.300000
eta = 0.9977, interval_left = 0.9953, interval_right = 1.0000
Q = 0.000078, term1 = 0.016064, term2 = 0.000041
best_Q = 6.140671030152589e-05, final_Q = 0.000078
Optimization End
📁 Visualization directory ensured: /work3/s232263/DCE_Results/german_credit/MLP/DCE_u1=0.5,u2=0.3,l=0.2,r=1.0,mi=100,tk=1,nt=10/cone_all_MonteCarlo_cs=1.2,ct=0.1,temp=2.0/seed_24874_20250805_090440/visualizations
Model saved to: /work3/s232263/DCE_Results/german_credit/MLP/DCE_u1=0.5,u2=0.3,l=0.2,r=1.0,mi=100,tk=1,nt=10/cone_all_MonteCarlo_cs=1.2,ct=0.1,temp=2.0/seed_24874_20250805_090440/model.pkl
Best results saved to: /work3/s232263/DCE_Results/german_credit/MLP/DCE_u1=0.5,u2=0.3,l=0.2,r=1.0,mi=100,tk=1,nt=10/cone_all_MonteCarlo_cs=1.2,ct=0.1,temp=2.0/seed_24874_20250805_090440
Final results saved to: /work3/s232263/DCE_Results/german_credit/MLP/DCE_u1=0.5,u2=0.3,l=0.2,r=1.0,mi=100,tk=1,nt=10/cone_all_MonteCarlo_cs=1.2,ct=0.1,temp=2.0/seed_24874_20250805_090440
Optimization log saved to: /work3/s232263/DCE_Results/german_credit/MLP/DCE_u1=0.5,u2=0.3,l=0.2,r=1.0,mi=100,tk=1,nt=10/cone_all_MonteCarlo_cs=1.2,ct=0.1,temp=2.0/seed_24874_20250805_090440
All results successfully saved to: /work3/s232263/DCE_Results/german_credit/MLP/DCE_u1=0.5,u2=0.3,l=0.2,r=1.0,mi=100,tk=1,nt=10/cone_all_MonteCarlo_cs=1.2,ct=0.1,temp=2.0/seed_24874_20250805_090440
Visualizations will be saved to: /work3/s232263/DCE_Results/german_credit/MLP/DCE_u1=0.5,u2=0.3,l=0.2,r=1.0,mi=100,tk=1,nt=10/cone_all_MonteCarlo_cs=1.2,ct=0.1,temp=2.0/seed_24874_20250805_090440/visualizations
✅ DCE explanation completed!
🎯 Best Q: 0.000061
📊 Final Q: 0.000078
🎉 Found feasible solution: True
💾 Results saved to: /work3/s232263/DCE_Results/german_credit/MLP/DCE_u1=0.5,u2=0.3,l=0.2,r=1.0,mi=100,tk=1,nt=10/cone_all_MonteCarlo_cs=1.2,ct=0.1,temp=2.0/seed_24874_20250805_090440
📊 Calculating metrics...
✅ Data processed for metrics calculation
   Coverage Rate: 0.840
   MMD: 0.027
   OT Distance: 0.0646
   Percentile Differences:
     0-15%: 89.816%
     15-30%: 111.132%
     30-70%: 110.677%
     70-85%: 145.232%
     85-100%: 67.685%
   AReS Cost: 11.008
💾 Metrics saved to: /work3/s232263/DCE_Results/german_credit/MLP/DCE_u1=0.5,u2=0.3,l=0.2,r=1.0,mi=100,tk=1,nt=10/cone_all_MonteCarlo_cs=1.2,ct=0.1,temp=2.0/seed_24874_20250805_090440/metrics_summary.json

============================================================
🎲 Running experiment: genetic (alias: ga_demo)
============================================================
🎯 Creating strategy: genetic (alias: ga_demo)
🧭 Full cone sampling mode (both categorical and continuous)
📐 Cone angle: 45.0° (0.785 rad)
🚀 Starting DCE explanation...
📍 Using original factual data as starting point (X_init=False)
Results will be saved to: /work3/s232263/DCE_Results/german_credit/MLP/DCE_u1=0.5,u2=0.3,l=0.2,r=1.0,mi=100,tk=1,nt=10/cone_all_Genetic_cp=0.8,gsp=0.5,mpc=0.3,mpo=0.8,mns=0.1,cs=1.2,ct=0.1,temp=2.0/seed_24874_20250805_093050
📁 Initial data saved:
   - x_true.csv: (50, 9)
   - y_true.csv: (50, 1)
   - y_target.csv: (50,)
Training Start
Optimization Start

--- Iteration 0 ---
U1 - Qu_upper = 0.500000, U2 - Qv_upper = -0.217549
eta = 1.0000, interval_left = 0.2400, interval_right = 1.0000
Q = 0.123702, term1 = 0.000000, term2 = 0.123702
best_Q = inf, final_Q = 0.123702

--- Iteration 1 ---
U1 - Qu_upper = 0.500000, U2 - Qv_upper = -0.181826
eta = 1.0000, interval_left = 0.2780, interval_right = 1.0000
Q = 0.106502, term1 = 0.001837, term2 = 0.106502
best_Q = inf, final_Q = 0.106502

--- Iteration 2 ---
U1 - Qu_upper = 0.481628, U2 - Qv_upper = -0.143428
eta = 1.0000, interval_left = 0.3141, interval_right = 1.0000
Q = 0.089503, term1 = 0.002567, term2 = 0.089503
best_Q = inf, final_Q = 0.089503

--- Iteration 3 ---
U1 - Qu_upper = 0.470557, U2 - Qv_upper = -0.105029
eta = 1.0000, interval_left = 0.3484, interval_right = 1.0000
Q = 0.070091, term1 = 0.003481, term2 = 0.070091
best_Q = inf, final_Q = 0.070091

--- Iteration 4 ---
U1 - Qu_upper = 0.451916, U2 - Qv_upper = -0.053660
eta = 1.0000, interval_left = 0.3810, interval_right = 1.0000
Q = 0.053686, term1 = 0.004119, term2 = 0.053686
best_Q = inf, final_Q = 0.053686

--- Iteration 5 ---
U1 - Qu_upper = 0.401946, U2 - Qv_upper = -0.024216
eta = 1.0000, interval_left = 0.4119, interval_right = 1.0000
Q = 0.044595, term1 = 0.008385, term2 = 0.044595
best_Q = inf, final_Q = 0.044595

--- Iteration 6 ---
U1 - Qu_upper = 0.392380, U2 - Qv_upper = 0.023212
eta = 0.9672, interval_left = 0.4413, interval_right = 1.0000
Q = 0.032089, term1 = 0.009612, term2 = 0.032852
🌟 New best Q found: 0.032089 at iter 6
best_Q = 0.03208903968334198, final_Q = 0.032089

--- Iteration 7 ---
U1 - Qu_upper = 0.379010, U2 - Qv_upper = 0.069132
eta = 0.9138, interval_left = 0.4693, interval_right = 1.0000
Q = 0.021759, term1 = 0.010558, term2 = 0.022815
🌟 New best Q found: 0.021759 at iter 7
best_Q = 0.02175876870751381, final_Q = 0.021759

--- Iteration 8 ---
U1 - Qu_upper = 0.378954, U2 - Qv_upper = 0.097435
eta = 0.8914, interval_left = 0.4958, interval_right = 1.0000
Q = 0.016611, term1 = 0.010557, term2 = 0.017348
🌟 New best Q found: 0.016611 at iter 8
best_Q = 0.01661081612110138, final_Q = 0.016611

--- Iteration 9 ---
U1 - Qu_upper = 0.389440, U2 - Qv_upper = 0.138246
eta = 0.8679, interval_left = 0.5210, interval_right = 1.0000
Q = 0.011053, term1 = 0.009517, term2 = 0.011287
🌟 New best Q found: 0.011053 at iter 9
best_Q = 0.011053460650146008, final_Q = 0.011053

--- Iteration 10 ---
U1 - Qu_upper = 0.381482, U2 - Qv_upper = 0.173135
eta = 0.8505, interval_left = 0.5450, interval_right = 1.0000
Q = 0.007290, term1 = 0.010533, term2 = 0.006720
🌟 New best Q found: 0.007290 at iter 10
best_Q = 0.0072899386286735535, final_Q = 0.007290

--- Iteration 11 ---
U1 - Qu_upper = 0.382931, U2 - Qv_upper = 0.196075
eta = 0.8459, interval_left = 0.5677, interval_right = 1.0000
Q = 0.005604, term1 = 0.011173, term2 = 0.004589
🌟 New best Q found: 0.005604 at iter 11
best_Q = 0.0056037758477032185, final_Q = 0.005604

--- Iteration 12 ---
U1 - Qu_upper = 0.382857, U2 - Qv_upper = 0.215812
eta = 0.8442, interval_left = 0.5893, interval_right = 1.0000
Q = 0.004288, term1 = 0.011056, term2 = 0.003039
🌟 New best Q found: 0.004288 at iter 12
best_Q = 0.00428796699270606, final_Q = 0.004288

--- Iteration 13 ---
U1 - Qu_upper = 0.375724, U2 - Qv_upper = 0.240424
eta = 0.8398, interval_left = 0.6099, interval_right = 1.0000
Q = 0.003391, term1 = 0.012703, term2 = 0.001614
🌟 New best Q found: 0.003391 at iter 13
best_Q = 0.0033909762278199196, final_Q = 0.003391

--- Iteration 14 ---
U1 - Qu_upper = 0.379631, U2 - Qv_upper = 0.265479
eta = 0.8394, interval_left = 0.6294, interval_right = 1.0000
Q = 0.002521, term1 = 0.012591, term2 = 0.000595
🌟 New best Q found: 0.002521 at iter 14
best_Q = 0.0025209086015820503, final_Q = 0.002521

--- Iteration 15 ---
U1 - Qu_upper = 0.398852, U2 - Qv_upper = 0.276171
eta = 0.8484, interval_left = 0.6479, interval_right = 1.0000
Q = 0.001859, term1 = 0.010432, term2 = 0.000326
🌟 New best Q found: 0.001859 at iter 15
best_Q = 0.0018587112426757812, final_Q = 0.001859

--- Iteration 16 ---
U1 - Qu_upper = 0.424175, U2 - Qv_upper = 0.276192
eta = 0.8611, interval_left = 0.6655, interval_right = 1.0000
Q = 0.001371, term1 = 0.007853, term2 = 0.000326
🌟 New best Q found: 0.001371 at iter 16
best_Q = 0.0013711396604776382, final_Q = 0.001371

--- Iteration 17 ---
U1 - Qu_upper = 0.422002, U2 - Qv_upper = 0.283955
eta = 0.8655, interval_left = 0.6822, interval_right = 1.0000
Q = 0.001242, term1 = 0.008238, term2 = 0.000154
🌟 New best Q found: 0.001242 at iter 17
best_Q = 0.0012418325059115887, final_Q = 0.001242

--- Iteration 18 ---
U1 - Qu_upper = 0.414842, U2 - Qv_upper = 0.300000
eta = 0.8666, interval_left = 0.6981, interval_right = 1.0000
Q = 0.001142, term1 = 0.008356, term2 = 0.000031
🌟 New best Q found: 0.001142 at iter 18
best_Q = 0.0011415033368393779, final_Q = 0.001142

--- Iteration 19 ---
U1 - Qu_upper = 0.417615, U2 - Qv_upper = 0.300000
eta = 0.8738, interval_left = 0.7132, interval_right = 1.0000
Q = 0.001060, term1 = 0.008179, term2 = 0.000031
🌟 New best Q found: 0.001060 at iter 19
best_Q = 0.0010596523061394691, final_Q = 0.001060

--- Iteration 20 ---
U1 - Qu_upper = 0.426389, U2 - Qv_upper = 0.300000
eta = 0.8816, interval_left = 0.7276, interval_right = 1.0000
Q = 0.000974, term1 = 0.007988, term2 = 0.000031
🌟 New best Q found: 0.000974 at iter 20
best_Q = 0.0009737674845382571, final_Q = 0.000974

--- Iteration 21 ---
U1 - Qu_upper = 0.426792, U2 - Qv_upper = 0.300000
eta = 0.8875, interval_left = 0.7412, interval_right = 1.0000
Q = 0.000918, term1 = 0.007917, term2 = 0.000031
🌟 New best Q found: 0.000918 at iter 21
best_Q = 0.0009180429624393582, final_Q = 0.000918

--- Iteration 22 ---
U1 - Qu_upper = 0.430785, U2 - Qv_upper = 0.300000
eta = 0.8937, interval_left = 0.7541, interval_right = 1.0000
Q = 0.000856, term1 = 0.007795, term2 = 0.000031
🌟 New best Q found: 0.000856 at iter 22
best_Q = 0.0008560750866308808, final_Q = 0.000856

--- Iteration 23 ---
U1 - Qu_upper = 0.426788, U2 - Qv_upper = 0.300000
eta = 0.8985, interval_left = 0.7664, interval_right = 1.0000
Q = 0.000801, term1 = 0.007616, term2 = 0.000031
🌟 New best Q found: 0.000801 at iter 23
best_Q = 0.0008010333403944969, final_Q = 0.000801

--- Iteration 24 ---
U1 - Qu_upper = 0.421270, U2 - Qv_upper = 0.300000
eta = 0.9028, interval_left = 0.7781, interval_right = 1.0000
Q = 0.000797, term1 = 0.007907, term2 = 0.000032
🌟 New best Q found: 0.000797 at iter 24
best_Q = 0.0007969436701387167, final_Q = 0.000797

--- Iteration 25 ---
U1 - Qu_upper = 0.429690, U2 - Qv_upper = 0.300000
eta = 0.9088, interval_left = 0.7892, interval_right = 1.0000
Q = 0.000733, term1 = 0.007721, term2 = 0.000032
🌟 New best Q found: 0.000733 at iter 25
best_Q = 0.0007332637323997915, final_Q = 0.000733

--- Iteration 26 ---
U1 - Qu_upper = 0.428319, U2 - Qv_upper = 0.300000
eta = 0.9132, interval_left = 0.7997, interval_right = 1.0000
Q = 0.000680, term1 = 0.007501, term2 = 0.000032
🌟 New best Q found: 0.000680 at iter 26
best_Q = 0.0006803381256759167, final_Q = 0.000680

--- Iteration 27 ---
U1 - Qu_upper = 0.434712, U2 - Qv_upper = 0.300000
eta = 0.9182, interval_left = 0.8097, interval_right = 1.0000
Q = 0.000665, term1 = 0.007773, term2 = 0.000032
🌟 New best Q found: 0.000665 at iter 27
best_Q = 0.0006648150738328695, final_Q = 0.000665

--- Iteration 28 ---
U1 - Qu_upper = 0.419827, U2 - Qv_upper = 0.300000
eta = 0.9207, interval_left = 0.8193, interval_right = 1.0000
Q = 0.000719, term1 = 0.008692, term2 = 0.000032
best_Q = 0.0006648150738328695, final_Q = 0.000719

--- Iteration 29 ---
U1 - Qu_upper = 0.413526, U2 - Qv_upper = 0.300000
eta = 0.9240, interval_left = 0.8283, interval_right = 1.0000
Q = 0.000702, term1 = 0.008839, term2 = 0.000032
best_Q = 0.0006648150738328695, final_Q = 0.000702

--- Iteration 30 ---
U1 - Qu_upper = 0.418555, U2 - Qv_upper = 0.300000
eta = 0.9283, interval_left = 0.8369, interval_right = 1.0000
Q = 0.000617, term1 = 0.008180, term2 = 0.000033
🌟 New best Q found: 0.000617 at iter 30
best_Q = 0.000616703589912504, final_Q = 0.000617

--- Iteration 31 ---
U1 - Qu_upper = 0.429486, U2 - Qv_upper = 0.297149
eta = 0.9333, interval_left = 0.8450, interval_right = 1.0000
Q = 0.000543, term1 = 0.007368, term2 = 0.000055
🌟 New best Q found: 0.000543 at iter 31
best_Q = 0.0005426645511761308, final_Q = 0.000543

--- Iteration 32 ---
U1 - Qu_upper = 0.435619, U2 - Qv_upper = 0.296287
eta = 0.9373, interval_left = 0.8528, interval_right = 1.0000
Q = 0.000500, term1 = 0.007125, term2 = 0.000057
🌟 New best Q found: 0.000500 at iter 32
best_Q = 0.0005001561949029565, final_Q = 0.000500

--- Iteration 33 ---
U1 - Qu_upper = 0.429670, U2 - Qv_upper = 0.300000
eta = 0.9395, interval_left = 0.8601, interval_right = 1.0000
Q = 0.000501, term1 = 0.007758, term2 = 0.000033
best_Q = 0.0005001561949029565, final_Q = 0.000501

--- Iteration 34 ---
U1 - Qu_upper = 0.415275, U2 - Qv_upper = 0.300000
eta = 0.9413, interval_left = 0.8671, interval_right = 1.0000
Q = 0.000480, term1 = 0.007625, term2 = 0.000034
🌟 New best Q found: 0.000480 at iter 34
best_Q = 0.00047961363452486694, final_Q = 0.000480

--- Iteration 35 ---
U1 - Qu_upper = 0.412084, U2 - Qv_upper = 0.300000
eta = 0.9440, interval_left = 0.8738, interval_right = 1.0000
Q = 0.000463, term1 = 0.007766, term2 = 0.000030
🌟 New best Q found: 0.000463 at iter 35
best_Q = 0.00046338990796357393, final_Q = 0.000463

--- Iteration 36 ---
U1 - Qu_upper = 0.412306, U2 - Qv_upper = 0.300000
eta = 0.9468, interval_left = 0.8801, interval_right = 1.0000
Q = 0.000479, term1 = 0.008462, term2 = 0.000031
best_Q = 0.00046338990796357393, final_Q = 0.000479

--- Iteration 37 ---
U1 - Qu_upper = 0.417944, U2 - Qv_upper = 0.300000
eta = 0.9499, interval_left = 0.8861, interval_right = 1.0000
Q = 0.000440, term1 = 0.008202, term2 = 0.000031
🌟 New best Q found: 0.000440 at iter 37
best_Q = 0.0004400186880957335, final_Q = 0.000440

--- Iteration 38 ---
U1 - Qu_upper = 0.424197, U2 - Qv_upper = 0.300000
eta = 0.9528, interval_left = 0.8918, interval_right = 1.0000
Q = 0.000397, term1 = 0.007803, term2 = 0.000031
🌟 New best Q found: 0.000397 at iter 38
best_Q = 0.00039744554669596255, final_Q = 0.000397

--- Iteration 39 ---
U1 - Qu_upper = 0.424197, U2 - Qv_upper = 0.300000
eta = 0.9552, interval_left = 0.8972, interval_right = 1.0000
Q = 0.000379, term1 = 0.007803, term2 = 0.000031
🌟 New best Q found: 0.000379 at iter 39
best_Q = 0.00037910646642558277, final_Q = 0.000379

--- Iteration 40 ---
U1 - Qu_upper = 0.410064, U2 - Qv_upper = 0.300000
eta = 0.9566, interval_left = 0.9023, interval_right = 1.0000
Q = 0.000397, term1 = 0.008468, term2 = 0.000031
best_Q = 0.00037910646642558277, final_Q = 0.000397

--- Iteration 41 ---
U1 - Qu_upper = 0.419307, U2 - Qv_upper = 0.300000
eta = 0.9593, interval_left = 0.9072, interval_right = 1.0000
Q = 0.000352, term1 = 0.007927, term2 = 0.000031
🌟 New best Q found: 0.000352 at iter 41
best_Q = 0.0003521532635204494, final_Q = 0.000352

--- Iteration 42 ---
U1 - Qu_upper = 0.406270, U2 - Qv_upper = 0.300000
eta = 0.9606, interval_left = 0.9119, interval_right = 1.0000
Q = 0.000389, term1 = 0.009121, term2 = 0.000031
best_Q = 0.0003521532635204494, final_Q = 0.000389

--- Iteration 43 ---
U1 - Qu_upper = 0.415800, U2 - Qv_upper = 0.300000
eta = 0.9631, interval_left = 0.9163, interval_right = 1.0000
Q = 0.000337, term1 = 0.008378, term2 = 0.000028
🌟 New best Q found: 0.000337 at iter 43
best_Q = 0.000336857745423913, final_Q = 0.000337

--- Iteration 44 ---
U1 - Qu_upper = 0.409404, U2 - Qv_upper = 0.298184
eta = 0.9647, interval_left = 0.9204, interval_right = 1.0000
Q = 0.000378, term1 = 0.009107, term2 = 0.000059
best_Q = 0.000336857745423913, final_Q = 0.000378

--- Iteration 45 ---
U1 - Qu_upper = 0.408314, U2 - Qv_upper = 0.300000
eta = 0.9663, interval_left = 0.9244, interval_right = 1.0000
Q = 0.000342, term1 = 0.008791, term2 = 0.000048
best_Q = 0.000336857745423913, final_Q = 0.000342

--- Iteration 46 ---
U1 - Qu_upper = 0.397771, U2 - Qv_upper = 0.300000
eta = 0.9675, interval_left = 0.9282, interval_right = 1.0000
Q = 0.000361, term1 = 0.009921, term2 = 0.000040
best_Q = 0.000336857745423913, final_Q = 0.000361

--- Iteration 47 ---
U1 - Qu_upper = 0.407979, U2 - Qv_upper = 0.300000
eta = 0.9696, interval_left = 0.9318, interval_right = 1.0000
Q = 0.000305, term1 = 0.009291, term2 = 0.000023
🌟 New best Q found: 0.000305 at iter 47
best_Q = 0.0003051741514354944, final_Q = 0.000305

--- Iteration 48 ---
U1 - Qu_upper = 0.408748, U2 - Qv_upper = 0.300000
eta = 0.9711, interval_left = 0.9352, interval_right = 1.0000
Q = 0.000291, term1 = 0.009265, term2 = 0.000024
🌟 New best Q found: 0.000291 at iter 48
best_Q = 0.0002905734581872821, final_Q = 0.000291

--- Iteration 49 ---
U1 - Qu_upper = 0.408800, U2 - Qv_upper = 0.300000
eta = 0.9726, interval_left = 0.9384, interval_right = 1.0000
Q = 0.000286, term1 = 0.009163, term2 = 0.000036
🌟 New best Q found: 0.000286 at iter 49
best_Q = 0.00028625965933315456, final_Q = 0.000286

--- Iteration 50 ---
U1 - Qu_upper = 0.407315, U2 - Qv_upper = 0.300000
eta = 0.9739, interval_left = 0.9415, interval_right = 1.0000
Q = 0.000264, term1 = 0.009480, term2 = 0.000017
🌟 New best Q found: 0.000264 at iter 50
best_Q = 0.00026390686980448663, final_Q = 0.000264

--- Iteration 51 ---
U1 - Qu_upper = 0.408392, U2 - Qv_upper = 0.300000
eta = 0.9752, interval_left = 0.9444, interval_right = 1.0000
Q = 0.000255, term1 = 0.009652, term2 = 0.000017
🌟 New best Q found: 0.000255 at iter 51
best_Q = 0.0002554455422796309, final_Q = 0.000255

--- Iteration 52 ---
U1 - Qu_upper = 0.409291, U2 - Qv_upper = 0.300000
eta = 0.9765, interval_left = 0.9472, interval_right = 1.0000
Q = 0.000242, term1 = 0.009632, term2 = 0.000016
🌟 New best Q found: 0.000242 at iter 52
best_Q = 0.00024221469357144088, final_Q = 0.000242

--- Iteration 53 ---
U1 - Qu_upper = 0.413653, U2 - Qv_upper = 0.298429
eta = 0.9779, interval_left = 0.9499, interval_right = 1.0000
Q = 0.000239, term1 = 0.008950, term2 = 0.000042
🌟 New best Q found: 0.000239 at iter 53
best_Q = 0.00023910205345600843, final_Q = 0.000239

--- Iteration 54 ---
U1 - Qu_upper = 0.421068, U2 - Qv_upper = 0.300000
eta = 0.9791, interval_left = 0.9524, interval_right = 1.0000
Q = 0.000200, term1 = 0.008197, term2 = 0.000029
🌟 New best Q found: 0.000200 at iter 54
best_Q = 0.0001998483930947259, final_Q = 0.000200

--- Iteration 55 ---
U1 - Qu_upper = 0.397857, U2 - Qv_upper = 0.300000
eta = 0.9795, interval_left = 0.9548, interval_right = 1.0000
Q = 0.000226, term1 = 0.010306, term2 = 0.000015
best_Q = 0.0001998483930947259, final_Q = 0.000226

--- Iteration 56 ---
U1 - Qu_upper = 0.386155, U2 - Qv_upper = 0.298191
eta = 0.9803, interval_left = 0.9570, interval_right = 1.0000
Q = 0.000249, term1 = 0.011049, term2 = 0.000032
best_Q = 0.0001998483930947259, final_Q = 0.000249

--- Iteration 57 ---
U1 - Qu_upper = 0.386729, U2 - Qv_upper = 0.300000
eta = 0.9812, interval_left = 0.9592, interval_right = 1.0000
Q = 0.000221, term1 = 0.010990, term2 = 0.000015
best_Q = 0.0001998483930947259, final_Q = 0.000221

--- Iteration 58 ---
U1 - Qu_upper = 0.395816, U2 - Qv_upper = 0.296029
eta = 0.9825, interval_left = 0.9612, interval_right = 1.0000
Q = 0.000224, term1 = 0.010381, term2 = 0.000044
best_Q = 0.0001998483930947259, final_Q = 0.000224

--- Iteration 59 ---
U1 - Qu_upper = 0.400551, U2 - Qv_upper = 0.293626
eta = 0.9836, interval_left = 0.9631, interval_right = 1.0000
Q = 0.000219, term1 = 0.009902, term2 = 0.000058
best_Q = 0.0001998483930947259, final_Q = 0.000219

--- Iteration 60 ---
U1 - Qu_upper = 0.395120, U2 - Qv_upper = 0.294761
eta = 0.9843, interval_left = 0.9650, interval_right = 1.0000
Q = 0.000215, term1 = 0.010522, term2 = 0.000050
best_Q = 0.0001998483930947259, final_Q = 0.000215

--- Iteration 61 ---
U1 - Qu_upper = 0.397688, U2 - Qv_upper = 0.300000
eta = 0.9849, interval_left = 0.9667, interval_right = 1.0000
Q = 0.000171, term1 = 0.010416, term2 = 0.000014
🌟 New best Q found: 0.000171 at iter 61
best_Q = 0.00017099973047152162, final_Q = 0.000171

--- Iteration 62 ---
U1 - Qu_upper = 0.396579, U2 - Qv_upper = 0.296690
eta = 0.9858, interval_left = 0.9684, interval_right = 1.0000
Q = 0.000187, term1 = 0.010102, term2 = 0.000044
best_Q = 0.00017099973047152162, final_Q = 0.000187

--- Iteration 63 ---
U1 - Qu_upper = 0.393712, U2 - Qv_upper = 0.300000
eta = 0.9863, interval_left = 0.9700, interval_right = 1.0000
Q = 0.000162, term1 = 0.010677, term2 = 0.000016
🌟 New best Q found: 0.000162 at iter 63
best_Q = 0.00016191956819966435, final_Q = 0.000162

--- Iteration 64 ---
U1 - Qu_upper = 0.388990, U2 - Qv_upper = 0.296834
eta = 0.9870, interval_left = 0.9715, interval_right = 1.0000
Q = 0.000184, term1 = 0.010856, term2 = 0.000044
best_Q = 0.00016191956819966435, final_Q = 0.000184

--- Iteration 65 ---
U1 - Qu_upper = 0.393562, U2 - Qv_upper = 0.300000
eta = 0.9877, interval_left = 0.9729, interval_right = 1.0000
Q = 0.000150, term1 = 0.010059, term2 = 0.000026
🌟 New best Q found: 0.000150 at iter 65
best_Q = 0.000149961793795228, final_Q = 0.000150

--- Iteration 66 ---
U1 - Qu_upper = 0.401722, U2 - Qv_upper = 0.300000
eta = 0.9884, interval_left = 0.9743, interval_right = 1.0000
Q = 0.000124, term1 = 0.009449, term2 = 0.000014
🌟 New best Q found: 0.000124 at iter 66
best_Q = 0.00012371805496513844, final_Q = 0.000124

--- Iteration 67 ---
U1 - Qu_upper = 0.409050, U2 - Qv_upper = 0.300000
eta = 0.9891, interval_left = 0.9755, interval_right = 1.0000
Q = 0.000110, term1 = 0.008861, term2 = 0.000013
🌟 New best Q found: 0.000110 at iter 67
best_Q = 0.00010952950833598152, final_Q = 0.000110

--- Iteration 68 ---
U1 - Qu_upper = 0.422330, U2 - Qv_upper = 0.300000
eta = 0.9898, interval_left = 0.9768, interval_right = 1.0000
Q = 0.000096, term1 = 0.008100, term2 = 0.000014
🌟 New best Q found: 0.000096 at iter 68
best_Q = 9.570336260367185e-05, final_Q = 0.000096

--- Iteration 69 ---
U1 - Qu_upper = 0.419553, U2 - Qv_upper = 0.300000
eta = 0.9903, interval_left = 0.9779, interval_right = 1.0000
Q = 0.000115, term1 = 0.009106, term2 = 0.000027
best_Q = 9.570336260367185e-05, final_Q = 0.000115

--- Iteration 70 ---
U1 - Qu_upper = 0.419743, U2 - Qv_upper = 0.297078
eta = 0.9909, interval_left = 0.9790, interval_right = 1.0000
Q = 0.000137, term1 = 0.009158, term2 = 0.000053
best_Q = 9.570336260367185e-05, final_Q = 0.000137

--- Iteration 71 ---
U1 - Qu_upper = 0.421029, U2 - Qv_upper = 0.297253
eta = 0.9913, interval_left = 0.9801, interval_right = 1.0000
Q = 0.000131, term1 = 0.009110, term2 = 0.000052
best_Q = 9.570336260367185e-05, final_Q = 0.000131

--- Iteration 72 ---
U1 - Qu_upper = 0.416110, U2 - Qv_upper = 0.300000
eta = 0.9917, interval_left = 0.9811, interval_right = 1.0000
Q = 0.000134, term1 = 0.008816, term2 = 0.000061
best_Q = 9.570336260367185e-05, final_Q = 0.000134

--- Iteration 73 ---
U1 - Qu_upper = 0.389552, U2 - Qv_upper = 0.300000
eta = 0.9918, interval_left = 0.9820, interval_right = 1.0000
Q = 0.000110, term1 = 0.011529, term2 = 0.000015
best_Q = 9.570336260367185e-05, final_Q = 0.000110

--- Iteration 74 ---
U1 - Qu_upper = 0.389888, U2 - Qv_upper = 0.300000
eta = 0.9922, interval_left = 0.9829, interval_right = 1.0000
Q = 0.000100, term1 = 0.011231, term2 = 0.000013
best_Q = 9.570336260367185e-05, final_Q = 0.000100

--- Iteration 75 ---
U1 - Qu_upper = 0.404489, U2 - Qv_upper = 0.300000
eta = 0.9927, interval_left = 0.9838, interval_right = 1.0000
Q = 0.000089, term1 = 0.010367, term2 = 0.000014
🌟 New best Q found: 0.000089 at iter 75
best_Q = 8.938039536587894e-05, final_Q = 0.000089

--- Iteration 76 ---
U1 - Qu_upper = 0.405475, U2 - Qv_upper = 0.300000
eta = 0.9931, interval_left = 0.9846, interval_right = 1.0000
Q = 0.000083, term1 = 0.010044, term2 = 0.000013
🌟 New best Q found: 0.000083 at iter 76
best_Q = 8.26708710519597e-05, final_Q = 0.000083

--- Iteration 77 ---
U1 - Qu_upper = 0.401936, U2 - Qv_upper = 0.300000
eta = 0.9934, interval_left = 0.9854, interval_right = 1.0000
Q = 0.000080, term1 = 0.010422, term2 = 0.000011
🌟 New best Q found: 0.000080 at iter 77
best_Q = 7.962611562106758e-05, final_Q = 0.000080

--- Iteration 78 ---
U1 - Qu_upper = 0.393559, U2 - Qv_upper = 0.300000
eta = 0.9937, interval_left = 0.9861, interval_right = 1.0000
Q = 0.000083, term1 = 0.011336, term2 = 0.000011
best_Q = 7.962611562106758e-05, final_Q = 0.000083

--- Iteration 79 ---
U1 - Qu_upper = 0.390375, U2 - Qv_upper = 0.300000
eta = 0.9940, interval_left = 0.9868, interval_right = 1.0000
Q = 0.000079, term1 = 0.011331, term2 = 0.000011
🌟 New best Q found: 0.000079 at iter 79
best_Q = 7.94720763224177e-05, final_Q = 0.000079

--- Iteration 80 ---
U1 - Qu_upper = 0.382371, U2 - Qv_upper = 0.300000
eta = 0.9942, interval_left = 0.9874, interval_right = 1.0000
Q = 0.000081, term1 = 0.011991, term2 = 0.000011
best_Q = 7.94720763224177e-05, final_Q = 0.000081

--- Iteration 81 ---
U1 - Qu_upper = 0.381139, U2 - Qv_upper = 0.300000
eta = 0.9945, interval_left = 0.9881, interval_right = 1.0000
Q = 0.000083, term1 = 0.012458, term2 = 0.000014
best_Q = 7.94720763224177e-05, final_Q = 0.000083

--- Iteration 82 ---
U1 - Qu_upper = 0.373206, U2 - Qv_upper = 0.300000
eta = 0.9947, interval_left = 0.9887, interval_right = 1.0000
Q = 0.000113, term1 = 0.013003, term2 = 0.000044
best_Q = 7.94720763224177e-05, final_Q = 0.000113

--- Iteration 83 ---
U1 - Qu_upper = 0.373002, U2 - Qv_upper = 0.300000
eta = 0.9950, interval_left = 0.9892, interval_right = 1.0000
Q = 0.000081, term1 = 0.012965, term2 = 0.000016
best_Q = 7.94720763224177e-05, final_Q = 0.000081

--- Iteration 84 ---
U1 - Qu_upper = 0.360679, U2 - Qv_upper = 0.300000
eta = 0.9951, interval_left = 0.9898, interval_right = 1.0000
Q = 0.000094, term1 = 0.014713, term2 = 0.000022
best_Q = 7.94720763224177e-05, final_Q = 0.000094

--- Iteration 85 ---
U1 - Qu_upper = 0.363711, U2 - Qv_upper = 0.300000
eta = 0.9954, interval_left = 0.9903, interval_right = 1.0000
Q = 0.000078, term1 = 0.014299, term2 = 0.000012
🌟 New best Q found: 0.000078 at iter 85
best_Q = 7.837492739781737e-05, final_Q = 0.000078

--- Iteration 86 ---
U1 - Qu_upper = 0.342202, U2 - Qv_upper = 0.300000
eta = 0.9955, interval_left = 0.9908, interval_right = 1.0000
Q = 0.000094, term1 = 0.016400, term2 = 0.000020
best_Q = 7.837492739781737e-05, final_Q = 0.000094

--- Iteration 87 ---
U1 - Qu_upper = 0.355332, U2 - Qv_upper = 0.297725
eta = 0.9958, interval_left = 0.9912, interval_right = 1.0000
Q = 0.000098, term1 = 0.014449, term2 = 0.000037
best_Q = 7.837492739781737e-05, final_Q = 0.000098

--- Iteration 88 ---
U1 - Qu_upper = 0.352100, U2 - Qv_upper = 0.289681
eta = 0.9960, interval_left = 0.9917, interval_right = 1.0000
Q = 0.000144, term1 = 0.014739, term2 = 0.000086
best_Q = 7.837492739781737e-05, final_Q = 0.000144

--- Iteration 89 ---
U1 - Qu_upper = 0.360803, U2 - Qv_upper = 0.300000
eta = 0.9962, interval_left = 0.9921, interval_right = 1.0000
Q = 0.000100, term1 = 0.014094, term2 = 0.000047
best_Q = 7.837492739781737e-05, final_Q = 0.000100

--- Iteration 90 ---
U1 - Qu_upper = 0.360755, U2 - Qv_upper = 0.289501
eta = 0.9965, interval_left = 0.9925, interval_right = 1.0000
Q = 0.000141, term1 = 0.013994, term2 = 0.000092
best_Q = 7.837492739781737e-05, final_Q = 0.000141

--- Iteration 91 ---
U1 - Qu_upper = 0.353777, U2 - Qv_upper = 0.288909
eta = 0.9966, interval_left = 0.9929, interval_right = 1.0000
Q = 0.000148, term1 = 0.015051, term2 = 0.000097
best_Q = 7.837492739781737e-05, final_Q = 0.000148

--- Iteration 92 ---
U1 - Qu_upper = 0.337289, U2 - Qv_upper = 0.292731
eta = 0.9967, interval_left = 0.9932, interval_right = 1.0000
Q = 0.000134, term1 = 0.017521, term2 = 0.000076
best_Q = 7.837492739781737e-05, final_Q = 0.000134

--- Iteration 93 ---
U1 - Qu_upper = 0.345194, U2 - Qv_upper = 0.290758
eta = 0.9969, interval_left = 0.9936, interval_right = 1.0000
Q = 0.000132, term1 = 0.016360, term2 = 0.000082
best_Q = 7.837492739781737e-05, final_Q = 0.000132

--- Iteration 94 ---
U1 - Qu_upper = 0.335177, U2 - Qv_upper = 0.300000
eta = 0.9970, interval_left = 0.9939, interval_right = 1.0000
Q = 0.000100, term1 = 0.017886, term2 = 0.000045
best_Q = 7.837492739781737e-05, final_Q = 0.000100

--- Iteration 95 ---
U1 - Qu_upper = 0.340756, U2 - Qv_upper = 0.300000
eta = 0.9971, interval_left = 0.9942, interval_right = 1.0000
Q = 0.000069, term1 = 0.016944, term2 = 0.000021
🌟 New best Q found: 0.000069 at iter 95
best_Q = 6.938783917576075e-05, final_Q = 0.000069

--- Iteration 96 ---
U1 - Qu_upper = 0.352408, U2 - Qv_upper = 0.300000
eta = 0.9973, interval_left = 0.9945, interval_right = 1.0000
Q = 0.000061, term1 = 0.015788, term2 = 0.000019
🌟 New best Q found: 0.000061 at iter 96
best_Q = 6.095301068853587e-05, final_Q = 0.000061

--- Iteration 97 ---
U1 - Qu_upper = 0.322237, U2 - Qv_upper = 0.300000
eta = 0.9973, interval_left = 0.9948, interval_right = 1.0000
Q = 0.000070, term1 = 0.019474, term2 = 0.000018
best_Q = 6.095301068853587e-05, final_Q = 0.000070

--- Iteration 98 ---
U1 - Qu_upper = 0.331059, U2 - Qv_upper = 0.295891
eta = 0.9975, interval_left = 0.9950, interval_right = 1.0000
Q = 0.000114, term1 = 0.018610, term2 = 0.000068
best_Q = 6.095301068853587e-05, final_Q = 0.000114

--- Iteration 99 ---
U1 - Qu_upper = 0.331059, U2 - Qv_upper = 0.295891
eta = 0.9976, interval_left = 0.9953, interval_right = 1.0000
Q = 0.000111, term1 = 0.018610, term2 = 0.000068
best_Q = 6.095301068853587e-05, final_Q = 0.000111
Optimization End
📁 Visualization directory ensured: /work3/s232263/DCE_Results/german_credit/MLP/DCE_u1=0.5,u2=0.3,l=0.2,r=1.0,mi=100,tk=1,nt=10/cone_all_Genetic_cp=0.8,gsp=0.5,mpc=0.3,mpo=0.8,mns=0.1,cs=1.2,ct=0.1,temp=2.0/seed_24874_20250805_093050/visualizations
Model saved to: /work3/s232263/DCE_Results/german_credit/MLP/DCE_u1=0.5,u2=0.3,l=0.2,r=1.0,mi=100,tk=1,nt=10/cone_all_Genetic_cp=0.8,gsp=0.5,mpc=0.3,mpo=0.8,mns=0.1,cs=1.2,ct=0.1,temp=2.0/seed_24874_20250805_093050/model.pkl
Best results saved to: /work3/s232263/DCE_Results/german_credit/MLP/DCE_u1=0.5,u2=0.3,l=0.2,r=1.0,mi=100,tk=1,nt=10/cone_all_Genetic_cp=0.8,gsp=0.5,mpc=0.3,mpo=0.8,mns=0.1,cs=1.2,ct=0.1,temp=2.0/seed_24874_20250805_093050
Final results saved to: /work3/s232263/DCE_Results/german_credit/MLP/DCE_u1=0.5,u2=0.3,l=0.2,r=1.0,mi=100,tk=1,nt=10/cone_all_Genetic_cp=0.8,gsp=0.5,mpc=0.3,mpo=0.8,mns=0.1,cs=1.2,ct=0.1,temp=2.0/seed_24874_20250805_093050
Optimization log saved to: /work3/s232263/DCE_Results/german_credit/MLP/DCE_u1=0.5,u2=0.3,l=0.2,r=1.0,mi=100,tk=1,nt=10/cone_all_Genetic_cp=0.8,gsp=0.5,mpc=0.3,mpo=0.8,mns=0.1,cs=1.2,ct=0.1,temp=2.0/seed_24874_20250805_093050
All results successfully saved to: /work3/s232263/DCE_Results/german_credit/MLP/DCE_u1=0.5,u2=0.3,l=0.2,r=1.0,mi=100,tk=1,nt=10/cone_all_Genetic_cp=0.8,gsp=0.5,mpc=0.3,mpo=0.8,mns=0.1,cs=1.2,ct=0.1,temp=2.0/seed_24874_20250805_093050
Visualizations will be saved to: /work3/s232263/DCE_Results/german_credit/MLP/DCE_u1=0.5,u2=0.3,l=0.2,r=1.0,mi=100,tk=1,nt=10/cone_all_Genetic_cp=0.8,gsp=0.5,mpc=0.3,mpo=0.8,mns=0.1,cs=1.2,ct=0.1,temp=2.0/seed_24874_20250805_093050/visualizations
✅ DCE explanation completed!
🎯 Best Q: 0.000061
📊 Final Q: 0.000111
🎉 Found feasible solution: True
💾 Results saved to: /work3/s232263/DCE_Results/german_credit/MLP/DCE_u1=0.5,u2=0.3,l=0.2,r=1.0,mi=100,tk=1,nt=10/cone_all_Genetic_cp=0.8,gsp=0.5,mpc=0.3,mpo=0.8,mns=0.1,cs=1.2,ct=0.1,temp=2.0/seed_24874_20250805_093050
📊 Calculating metrics...
✅ Data processed for metrics calculation
   Coverage Rate: 0.820
   MMD: 0.024
   OT Distance: 0.0522
   Percentile Differences:
     0-15%: 8.724%
     15-30%: 100.788%
     30-70%: 220.197%
     70-85%: 62.074%
     85-100%: 11.566%
   AReS Cost: 8.123
💾 Metrics saved to: /work3/s232263/DCE_Results/german_credit/MLP/DCE_u1=0.5,u2=0.3,l=0.2,r=1.0,mi=100,tk=1,nt=10/cone_all_Genetic_cp=0.8,gsp=0.5,mpc=0.3,mpo=0.8,mns=0.1,cs=1.2,ct=0.1,temp=2.0/seed_24874_20250805_093050/metrics_summary.json

============================================================
🎲 Running experiment: simulated_annealing (alias: sa_demo)
============================================================
🎯 Creating strategy: simulated_annealing (alias: sa_demo)
🧭 Full cone sampling mode (both categorical and continuous)
📐 Cone angle: 45.0° (0.785 rad)
🚀 Starting DCE explanation...
📍 Using original factual data as starting point (X_init=False)
Results will be saved to: /work3/s232263/DCE_Results/german_credit/MLP/DCE_u1=0.5,u2=0.3,l=0.2,r=1.0,mi=100,tk=1,nt=10/cone_all_SimulatedAnnealing_T0=1.5,Tf=0.01,td=None,cs=1.2,ct=0.1,temp=2.0/seed_24874_20250805_095655
📁 Initial data saved:
   - x_true.csv: (50, 9)
   - y_true.csv: (50, 1)
   - y_target.csv: (50,)
Training Start
Optimization Start

--- Iteration 0 ---
U1 - Qu_upper = 0.500000, U2 - Qv_upper = -0.217549
eta = 1.0000, interval_left = 0.2400, interval_right = 1.0000
Q = 0.123702, term1 = 0.000000, term2 = 0.123702
best_Q = inf, final_Q = 0.123702

--- Iteration 1 ---
U1 - Qu_upper = 0.500000, U2 - Qv_upper = -0.181858
eta = 1.0000, interval_left = 0.2780, interval_right = 1.0000
Q = 0.106514, term1 = 0.001569, term2 = 0.106514
best_Q = inf, final_Q = 0.106514

--- Iteration 2 ---
U1 - Qu_upper = 0.497105, U2 - Qv_upper = -0.142521
eta = 1.0000, interval_left = 0.3141, interval_right = 1.0000
Q = 0.089515, term1 = 0.003168, term2 = 0.089515
best_Q = inf, final_Q = 0.089515

--- Iteration 3 ---
U1 - Qu_upper = 0.468018, U2 - Qv_upper = -0.105070
eta = 1.0000, interval_left = 0.3484, interval_right = 1.0000
Q = 0.070104, term1 = 0.004486, term2 = 0.070104
best_Q = inf, final_Q = 0.070104

--- Iteration 4 ---
U1 - Qu_upper = 0.455231, U2 - Qv_upper = -0.053101
eta = 1.0000, interval_left = 0.3810, interval_right = 1.0000
Q = 0.053699, term1 = 0.005258, term2 = 0.053699
best_Q = inf, final_Q = 0.053699

--- Iteration 5 ---
U1 - Qu_upper = 0.417168, U2 - Qv_upper = -0.039242
eta = 1.0000, interval_left = 0.4119, interval_right = 1.0000
Q = 0.049863, term1 = 0.008127, term2 = 0.049863
best_Q = inf, final_Q = 0.049863

--- Iteration 6 ---
U1 - Qu_upper = 0.370044, U2 - Qv_upper = 0.001102
eta = 0.9983, interval_left = 0.4413, interval_right = 1.0000
Q = 0.037962, term1 = 0.013134, term2 = 0.038006
🌟 New best Q found: 0.037962 at iter 6
best_Q = 0.037962473928928375, final_Q = 0.037962

--- Iteration 7 ---
U1 - Qu_upper = 0.357787, U2 - Qv_upper = 0.048781
eta = 0.9330, interval_left = 0.4693, interval_right = 1.0000
Q = 0.026912, term1 = 0.014213, term2 = 0.027825
🌟 New best Q found: 0.026912 at iter 7
best_Q = 0.02691221982240677, final_Q = 0.026912

--- Iteration 8 ---
U1 - Qu_upper = 0.339757, U2 - Qv_upper = 0.073985
eta = 0.9051, interval_left = 0.4958, interval_right = 1.0000
Q = 0.021601, term1 = 0.016885, term2 = 0.022096
🌟 New best Q found: 0.021601 at iter 8
best_Q = 0.02160119079053402, final_Q = 0.021601

--- Iteration 9 ---
U1 - Qu_upper = 0.355140, U2 - Qv_upper = 0.097342
eta = 0.8915, interval_left = 0.5210, interval_right = 1.0000
Q = 0.017079, term1 = 0.014720, term2 = 0.017366
🌟 New best Q found: 0.017079 at iter 9
best_Q = 0.017078882083296776, final_Q = 0.017079

--- Iteration 10 ---
U1 - Qu_upper = 0.286301, U2 - Qv_upper = 0.127000
eta = 0.8528, interval_left = 0.5450, interval_right = 1.0000
Q = 0.014839, term1 = 0.024896, term2 = 0.013103
🌟 New best Q found: 0.014839 at iter 10
best_Q = 0.01483907550573349, final_Q = 0.014839

--- Iteration 11 ---
U1 - Qu_upper = 0.298978, U2 - Qv_upper = 0.158362
eta = 0.8424, interval_left = 0.5677, interval_right = 1.0000
Q = 0.010662, term1 = 0.022567, term2 = 0.008435
🌟 New best Q found: 0.010662 at iter 11
best_Q = 0.010661836713552475, final_Q = 0.010662

--- Iteration 12 ---
U1 - Qu_upper = 0.229325, U2 - Qv_upper = 0.179102
eta = 0.8104, interval_left = 0.5893, interval_right = 1.0000
Q = 0.011833, term1 = 0.035727, term2 = 0.006244
best_Q = 0.010661836713552475, final_Q = 0.011833

--- Iteration 13 ---
U1 - Qu_upper = 0.222622, U2 - Qv_upper = 0.196844
eta = 0.8073, interval_left = 0.6099, interval_right = 1.0000
Q = 0.010875, term1 = 0.037544, term2 = 0.004508
best_Q = 0.010661836713552475, final_Q = 0.010875

--- Iteration 14 ---
U1 - Qu_upper = 0.305583, U2 - Qv_upper = 0.217305
eta = 0.8379, interval_left = 0.6294, interval_right = 1.0000
Q = 0.005992, term1 = 0.021667, term2 = 0.002959
🌟 New best Q found: 0.005992 at iter 14
best_Q = 0.005992146208882332, final_Q = 0.005992

--- Iteration 15 ---
U1 - Qu_upper = 0.303481, U2 - Qv_upper = 0.241647
eta = 0.8357, interval_left = 0.6479, interval_right = 1.0000
Q = 0.004979, term1 = 0.022438, term2 = 0.001547
🌟 New best Q found: 0.004979 at iter 15
best_Q = 0.004979459568858147, final_Q = 0.004979

--- Iteration 16 ---
U1 - Qu_upper = 0.296069, U2 - Qv_upper = 0.141018
eta = 0.8864, interval_left = 0.6655, interval_right = 1.0000
Q = 0.011772, term1 = 0.023295, term2 = 0.010295
best_Q = 0.004979459568858147, final_Q = 0.011772

--- Iteration 17 ---
U1 - Qu_upper = 0.294566, U2 - Qv_upper = 0.271501
eta = 0.8396, interval_left = 0.6822, interval_right = 1.0000
Q = 0.004235, term1 = 0.023945, term2 = 0.000468
🌟 New best Q found: 0.004235 at iter 17
best_Q = 0.0042345826514065266, final_Q = 0.004235

--- Iteration 18 ---
U1 - Qu_upper = 0.287594, U2 - Qv_upper = 0.275607
eta = 0.8445, interval_left = 0.6981, interval_right = 1.0000
Q = 0.004194, term1 = 0.025070, term2 = 0.000350
🌟 New best Q found: 0.004194 at iter 18
best_Q = 0.004193857312202454, final_Q = 0.004194

--- Iteration 19 ---
U1 - Qu_upper = 0.264730, U2 - Qv_upper = 0.277073
eta = 0.8456, interval_left = 0.6981, interval_right = 0.9849
Q = 0.004840, term1 = 0.029374, term2 = 0.000361
best_Q = 0.004193857312202454, final_Q = 0.004840

--- Iteration 20 ---
U1 - Qu_upper = 0.258736, U2 - Qv_upper = 0.276888
eta = 0.8367, interval_left = 0.6981, interval_right = 0.9706
Q = 0.005334, term1 = 0.030792, term2 = 0.000363
best_Q = 0.004193857312202454, final_Q = 0.005334

--- Iteration 21 ---
U1 - Qu_upper = 0.243739, U2 - Qv_upper = 0.284439
eta = 0.8238, interval_left = 0.6981, interval_right = 0.9569
Q = 0.006251, term1 = 0.034334, term2 = 0.000247
best_Q = 0.004193857312202454, final_Q = 0.006251

--- Iteration 22 ---
U1 - Qu_upper = 0.244216, U2 - Qv_upper = 0.281779
eta = 0.8183, interval_left = 0.6981, interval_right = 0.9440
Q = 0.006400, term1 = 0.033853, term2 = 0.000303
best_Q = 0.004193857312202454, final_Q = 0.006400

--- Iteration 23 ---
U1 - Qu_upper = 0.284579, U2 - Qv_upper = 0.281779
eta = 0.8217, interval_left = 0.7104, interval_right = 0.9440
Q = 0.004817, term1 = 0.025613, term2 = 0.000303
best_Q = 0.004193857312202454, final_Q = 0.004817

--- Iteration 24 ---
U1 - Qu_upper = 0.302008, U2 - Qv_upper = 0.281639
eta = 0.8313, interval_left = 0.7221, interval_right = 0.9440
Q = 0.004131, term1 = 0.022968, term2 = 0.000308
🌟 New best Q found: 0.004131 at iter 24
best_Q = 0.004130834713578224, final_Q = 0.004131

--- Iteration 25 ---
U1 - Qu_upper = 0.333982, U2 - Qv_upper = 0.281700
eta = 0.8425, interval_left = 0.7332, interval_right = 0.9440
Q = 0.003065, term1 = 0.017825, term2 = 0.000305
🌟 New best Q found: 0.003065 at iter 25
best_Q = 0.0030649949330836535, final_Q = 0.003065

--- Iteration 26 ---
U1 - Qu_upper = 0.314037, U2 - Qv_upper = 0.286551
eta = 0.8434, interval_left = 0.7437, interval_right = 0.9440
Q = 0.003378, term1 = 0.020546, term2 = 0.000191
best_Q = 0.0030649949330836535, final_Q = 0.003378

--- Iteration 27 ---
U1 - Qu_upper = 0.296595, U2 - Qv_upper = 0.285936
eta = 0.8457, interval_left = 0.7537, interval_right = 0.9440
Q = 0.003758, term1 = 0.023243, term2 = 0.000203
best_Q = 0.0030649949330836535, final_Q = 0.003758

--- Iteration 28 ---
U1 - Qu_upper = 0.279056, U2 - Qv_upper = 0.283900
eta = 0.8481, interval_left = 0.7537, interval_right = 0.9345
Q = 0.004178, term1 = 0.026380, term2 = 0.000200
best_Q = 0.0030649949330836535, final_Q = 0.004178

--- Iteration 29 ---
U1 - Qu_upper = 0.279881, U2 - Qv_upper = 0.283591
eta = 0.8435, interval_left = 0.7537, interval_right = 0.9255
Q = 0.004235, term1 = 0.025935, term2 = 0.000209
best_Q = 0.0030649949330836535, final_Q = 0.004235

--- Iteration 30 ---
U1 - Qu_upper = 0.303719, U2 - Qv_upper = 0.112595
eta = 0.8790, interval_left = 0.7623, interval_right = 0.9255
Q = 0.015159, term1 = 0.022425, term2 = 0.014159
best_Q = 0.0030649949330836535, final_Q = 0.015159

--- Iteration 31 ---
U1 - Qu_upper = 0.256098, U2 - Qv_upper = 0.282761
eta = 0.8399, interval_left = 0.7623, interval_right = 0.9173
Q = 0.005174, term1 = 0.031311, term2 = 0.000190
best_Q = 0.0030649949330836535, final_Q = 0.005174

--- Iteration 32 ---
U1 - Qu_upper = 0.274095, U2 - Qv_upper = 0.282602
eta = 0.8386, interval_left = 0.7623, interval_right = 0.9095
Q = 0.004668, term1 = 0.027927, term2 = 0.000193
best_Q = 0.0030649949330836535, final_Q = 0.004668

--- Iteration 33 ---
U1 - Qu_upper = 0.272458, U2 - Qv_upper = 0.280695
eta = 0.8348, interval_left = 0.7623, interval_right = 0.9022
Q = 0.004854, term1 = 0.028208, term2 = 0.000234
best_Q = 0.0030649949330836535, final_Q = 0.004854

--- Iteration 34 ---
U1 - Qu_upper = 0.231403, U2 - Qv_upper = 0.280644
eta = 0.8255, interval_left = 0.7623, interval_right = 0.8952
Q = 0.006479, term1 = 0.036020, term2 = 0.000235
best_Q = 0.0030649949330836535, final_Q = 0.006479

--- Iteration 35 ---
U1 - Qu_upper = 0.238058, U2 - Qv_upper = 0.278342
eta = 0.8236, interval_left = 0.7623, interval_right = 0.8886
Q = 0.006417, term1 = 0.035054, term2 = 0.000282
best_Q = 0.0030649949330836535, final_Q = 0.006417

--- Iteration 36 ---
U1 - Qu_upper = 0.227943, U2 - Qv_upper = 0.275105
eta = 0.8195, interval_left = 0.7623, interval_right = 0.8822
Q = 0.007007, term1 = 0.037226, term2 = 0.000351
best_Q = 0.0030649949330836535, final_Q = 0.007007

--- Iteration 37 ---
U1 - Qu_upper = 0.212619, U2 - Qv_upper = 0.275238
eta = 0.8146, interval_left = 0.7623, interval_right = 0.8762
Q = 0.007713, term1 = 0.040052, term2 = 0.000353
best_Q = 0.0030649949330836535, final_Q = 0.007713

--- Iteration 38 ---
U1 - Qu_upper = 0.204421, U2 - Qv_upper = 0.275238
eta = 0.8109, interval_left = 0.7623, interval_right = 0.8705
Q = 0.008339, term1 = 0.042579, term2 = 0.000353
best_Q = 0.0030649949330836535, final_Q = 0.008339

--- Iteration 39 ---
U1 - Qu_upper = 0.176851, U2 - Qv_upper = 0.276569
eta = 0.8045, interval_left = 0.7623, interval_right = 0.8651
Q = 0.009955, term1 = 0.049619, term2 = 0.000319
best_Q = 0.0030649949330836535, final_Q = 0.009955

--- Iteration 40 ---
U1 - Qu_upper = 0.224104, U2 - Qv_upper = 0.279355
eta = 0.8081, interval_left = 0.7623, interval_right = 0.8600
Q = 0.007539, term1 = 0.038210, term2 = 0.000255
best_Q = 0.0030649949330836535, final_Q = 0.007539

--- Iteration 41 ---
U1 - Qu_upper = 0.222383, U2 - Qv_upper = 0.279266
eta = 0.8056, interval_left = 0.7623, interval_right = 0.8551
Q = 0.007662, term1 = 0.038325, term2 = 0.000263
best_Q = 0.0030649949330836535, final_Q = 0.007662

--- Iteration 42 ---
U1 - Qu_upper = 0.189971, U2 - Qv_upper = 0.141780
eta = 0.8155, interval_left = 0.7670, interval_right = 0.8551
Q = 0.016627, term1 = 0.045431, term2 = 0.010109
best_Q = 0.0030649949330836535, final_Q = 0.016627

--- Iteration 43 ---
U1 - Qu_upper = 0.240046, U2 - Qv_upper = 0.279083
eta = 0.8077, interval_left = 0.7670, interval_right = 0.8507
Q = 0.006869, term1 = 0.034601, term2 = 0.000267
best_Q = 0.0030649949330836535, final_Q = 0.006869

--- Iteration 44 ---
U1 - Qu_upper = 0.208154, U2 - Qv_upper = 0.265525
eta = 0.8038, interval_left = 0.7670, interval_right = 0.8465
Q = 0.008631, term1 = 0.041648, term2 = 0.000570
best_Q = 0.0030649949330836535, final_Q = 0.008631

--- Iteration 45 ---
U1 - Qu_upper = 0.204294, U2 - Qv_upper = 0.250626
eta = 0.8027, interval_left = 0.7670, interval_right = 0.8425
Q = 0.009241, term1 = 0.042553, term2 = 0.001052
best_Q = 0.0030649949330836535, final_Q = 0.009241

--- Iteration 46 ---
U1 - Qu_upper = 0.227750, U2 - Qv_upper = 0.250437
eta = 0.8030, interval_left = 0.7670, interval_right = 0.8388
Q = 0.008177, term1 = 0.037182, term2 = 0.001060
best_Q = 0.0030649949330836535, final_Q = 0.008177

--- Iteration 47 ---
U1 - Qu_upper = 0.192349, U2 - Qv_upper = 0.238813
eta = 0.7990, interval_left = 0.7670, interval_right = 0.8352
Q = 0.010469, term1 = 0.045701, term2 = 0.001606
best_Q = 0.0030649949330836535, final_Q = 0.010469

--- Iteration 48 ---
U1 - Qu_upper = 0.157029, U2 - Qv_upper = 0.235698
eta = 0.7942, interval_left = 0.7670, interval_right = 0.8318
Q = 0.012889, term1 = 0.055730, term2 = 0.001790
best_Q = 0.0030649949330836535, final_Q = 0.012889

--- Iteration 49 ---
U1 - Qu_upper = 0.208035, U2 - Qv_upper = 0.236114
eta = 0.7973, interval_left = 0.7670, interval_right = 0.8285
Q = 0.009873, term1 = 0.041796, term2 = 0.001758
best_Q = 0.0030649949330836535, final_Q = 0.009873

--- Iteration 50 ---
U1 - Qu_upper = 0.183073, U2 - Qv_upper = 0.224990
eta = 0.7946, interval_left = 0.7670, interval_right = 0.8254
Q = 0.011817, term1 = 0.048074, term2 = 0.002443
best_Q = 0.0030649949330836535, final_Q = 0.011817

--- Iteration 51 ---
U1 - Qu_upper = 0.198173, U2 - Qv_upper = 0.221098
eta = 0.7946, interval_left = 0.7670, interval_right = 0.8225
Q = 0.011206, term1 = 0.044063, term2 = 0.002713
best_Q = 0.0030649949330836535, final_Q = 0.011206

--- Iteration 52 ---
U1 - Qu_upper = 0.209136, U2 - Qv_upper = 0.217149
eta = 0.7942, interval_left = 0.7670, interval_right = 0.8197
Q = 0.010846, term1 = 0.041246, term2 = 0.002970
best_Q = 0.0030649949330836535, final_Q = 0.010846

--- Iteration 53 ---
U1 - Qu_upper = 0.164628, U2 - Qv_upper = 0.216183
eta = 0.7898, interval_left = 0.7670, interval_right = 0.8171
Q = 0.013512, term1 = 0.052871, term2 = 0.003035
best_Q = 0.0030649949330836535, final_Q = 0.013512

--- Iteration 54 ---
U1 - Qu_upper = 0.149868, U2 - Qv_upper = 0.232072
eta = 0.7866, interval_left = 0.7670, interval_right = 0.8146
Q = 0.013737, term1 = 0.056750, term2 = 0.002071
best_Q = 0.0030649949330836535, final_Q = 0.013737

--- Iteration 55 ---
U1 - Qu_upper = 0.127054, U2 - Qv_upper = 0.231529
eta = 0.7838, interval_left = 0.7670, interval_right = 0.8122
Q = 0.015456, term1 = 0.063886, term2 = 0.002101
best_Q = 0.0030649949330836535, final_Q = 0.015456

--- Iteration 56 ---
U1 - Qu_upper = 0.134371, U2 - Qv_upper = 0.231440
eta = 0.7836, interval_left = 0.7670, interval_right = 0.8100
Q = 0.015139, term1 = 0.062328, term2 = 0.002106
best_Q = 0.0030649949330836535, final_Q = 0.015139

--- Iteration 57 ---
U1 - Qu_upper = 0.141344, U2 - Qv_upper = 0.254204
eta = 0.7823, interval_left = 0.7670, interval_right = 0.8078
Q = 0.013979, term1 = 0.060242, term2 = 0.001107
best_Q = 0.0030649949330836535, final_Q = 0.013979

--- Iteration 58 ---
U1 - Qu_upper = 0.172620, U2 - Qv_upper = 0.257832
eta = 0.7833, interval_left = 0.7670, interval_right = 0.8058
Q = 0.011754, term1 = 0.050939, term2 = 0.000917
best_Q = 0.0030649949330836535, final_Q = 0.011754

--- Iteration 59 ---
U1 - Qu_upper = 0.163016, U2 - Qv_upper = 0.225090
eta = 0.7833, interval_left = 0.7670, interval_right = 0.8038
Q = 0.013633, term1 = 0.053745, term2 = 0.002533
best_Q = 0.0030649949330836535, final_Q = 0.013633

--- Iteration 60 ---
U1 - Qu_upper = 0.136276, U2 - Qv_upper = 0.257605
eta = 0.7797, interval_left = 0.7670, interval_right = 0.8020
Q = 0.014241, term1 = 0.061377, term2 = 0.000925
best_Q = 0.0030649949330836535, final_Q = 0.014241

--- Iteration 61 ---
U1 - Qu_upper = 0.160920, U2 - Qv_upper = 0.257605
eta = 0.7804, interval_left = 0.7670, interval_right = 0.8002
Q = 0.012666, term1 = 0.054400, term2 = 0.000925
best_Q = 0.0030649949330836535, final_Q = 0.012666

--- Iteration 62 ---
U1 - Qu_upper = 0.153832, U2 - Qv_upper = 0.257605
eta = 0.7794, interval_left = 0.7670, interval_right = 0.7986
Q = 0.013153, term1 = 0.056359, term2 = 0.000925
best_Q = 0.0030649949330836535, final_Q = 0.013153

--- Iteration 63 ---
U1 - Qu_upper = 0.169203, U2 - Qv_upper = 0.257605
eta = 0.7795, interval_left = 0.7670, interval_right = 0.7970
Q = 0.012270, term1 = 0.052377, term2 = 0.000925
best_Q = 0.0030649949330836535, final_Q = 0.012270

--- Iteration 64 ---
U1 - Qu_upper = 0.158019, U2 - Qv_upper = 0.143134
eta = 0.7827, interval_left = 0.7685, interval_right = 0.7970
Q = 0.019955, term1 = 0.055554, term2 = 0.010073
best_Q = 0.0030649949330836535, final_Q = 0.019955

--- Iteration 65 ---
U1 - Qu_upper = 0.160857, U2 - Qv_upper = 0.257605
eta = 0.7794, interval_left = 0.7685, interval_right = 0.7956
Q = 0.012682, term1 = 0.054229, term2 = 0.000925
best_Q = 0.0030649949330836535, final_Q = 0.012682

--- Iteration 66 ---
U1 - Qu_upper = 0.166411, U2 - Qv_upper = 0.262508
eta = 0.7790, interval_left = 0.7685, interval_right = 0.7942
Q = 0.012133, term1 = 0.052361, term2 = 0.000718
best_Q = 0.0030649949330836535, final_Q = 0.012133

--- Iteration 67 ---
U1 - Qu_upper = 0.145211, U2 - Qv_upper = 0.262508
eta = 0.7776, interval_left = 0.7685, interval_right = 0.7929
Q = 0.013602, term1 = 0.058656, term2 = 0.000718
best_Q = 0.0030649949330836535, final_Q = 0.013602

--- Iteration 68 ---
U1 - Qu_upper = 0.133881, U2 - Qv_upper = 0.114769
eta = 0.7816, interval_left = 0.7697, interval_right = 0.7929
Q = 0.024350, term1 = 0.061780, term2 = 0.013893
best_Q = 0.0030649949330836535, final_Q = 0.024350

--- Iteration 69 ---
U1 - Qu_upper = 0.173670, U2 - Qv_upper = 0.262508
eta = 0.7789, interval_left = 0.7697, interval_right = 0.7918
Q = 0.011692, term1 = 0.050360, term2 = 0.000718
best_Q = 0.0030649949330836535, final_Q = 0.011692

--- Iteration 70 ---
U1 - Qu_upper = 0.165126, U2 - Qv_upper = 0.262508
eta = 0.7782, interval_left = 0.7697, interval_right = 0.7907
Q = 0.012228, term1 = 0.052612, term2 = 0.000718
best_Q = 0.0030649949330836535, final_Q = 0.012228

--- Iteration 71 ---
U1 - Qu_upper = 0.209565, U2 - Qv_upper = 0.262508
eta = 0.7790, interval_left = 0.7697, interval_right = 0.7896
Q = 0.009770, term1 = 0.041675, term2 = 0.000718
best_Q = 0.0030649949330836535, final_Q = 0.009770

--- Iteration 72 ---
U1 - Qu_upper = 0.194999, U2 - Qv_upper = 0.163534
eta = 0.7805, interval_left = 0.7707, interval_right = 0.7896
Q = 0.015884, term1 = 0.045190, term2 = 0.007643
best_Q = 0.0030649949330836535, final_Q = 0.015884

--- Iteration 73 ---
U1 - Qu_upper = 0.178637, U2 - Qv_upper = 0.262496
eta = 0.7783, interval_left = 0.7707, interval_right = 0.7887
Q = 0.011457, term1 = 0.049163, term2 = 0.000719
best_Q = 0.0030649949330836535, final_Q = 0.011457

--- Iteration 74 ---
U1 - Qu_upper = 0.183088, U2 - Qv_upper = 0.117728
eta = 0.7816, interval_left = 0.7716, interval_right = 0.7887
Q = 0.021068, term1 = 0.048217, term2 = 0.013483
best_Q = 0.0030649949330836535, final_Q = 0.021068

--- Iteration 75 ---
U1 - Qu_upper = 0.219116, U2 - Qv_upper = 0.262505
eta = 0.7794, interval_left = 0.7716, interval_right = 0.7878
Q = 0.009286, term1 = 0.039549, term2 = 0.000717
best_Q = 0.0030649949330836535, final_Q = 0.009286

--- Iteration 76 ---
U1 - Qu_upper = 0.176671, U2 - Qv_upper = 0.254746
eta = 0.7782, interval_left = 0.7716, interval_right = 0.7870
Q = 0.011959, term1 = 0.050301, term2 = 0.001032
best_Q = 0.0030649949330836535, final_Q = 0.011959

--- Iteration 77 ---
U1 - Qu_upper = 0.227389, U2 - Qv_upper = 0.254746
eta = 0.7789, interval_left = 0.7716, interval_right = 0.7862
Q = 0.009249, term1 = 0.038187, term2 = 0.001032
best_Q = 0.0030649949330836535, final_Q = 0.009249

--- Iteration 78 ---
U1 - Qu_upper = 0.221064, U2 - Qv_upper = 0.254534
eta = 0.7784, interval_left = 0.7716, interval_right = 0.7855
Q = 0.009557, term1 = 0.039466, term2 = 0.001041
best_Q = 0.0030649949330836535, final_Q = 0.009557

--- Iteration 79 ---
U1 - Qu_upper = 0.173013, U2 - Qv_upper = 0.245135
eta = 0.7773, interval_left = 0.7716, interval_right = 0.7848
Q = 0.012512, term1 = 0.050992, term2 = 0.001490
best_Q = 0.0030649949330836535, final_Q = 0.012512

--- Iteration 80 ---
U1 - Qu_upper = 0.195735, U2 - Qv_upper = 0.127945
eta = 0.7796, interval_left = 0.7722, interval_right = 0.7848
Q = 0.019606, term1 = 0.045910, term2 = 0.012169
best_Q = 0.0030649949330836535, final_Q = 0.019606

--- Iteration 81 ---
U1 - Qu_upper = 0.168854, U2 - Qv_upper = 0.245009
eta = 0.7774, interval_left = 0.7722, interval_right = 0.7842
Q = 0.012744, term1 = 0.052365, term2 = 0.001397
best_Q = 0.0030649949330836535, final_Q = 0.012744

--- Iteration 82 ---
U1 - Qu_upper = 0.142102, U2 - Qv_upper = 0.238190
eta = 0.7767, interval_left = 0.7722, interval_right = 0.7836
Q = 0.014720, term1 = 0.059792, term2 = 0.001763
best_Q = 0.0030649949330836535, final_Q = 0.014720

--- Iteration 83 ---
U1 - Qu_upper = 0.149937, U2 - Qv_upper = 0.236130
eta = 0.7766, interval_left = 0.7722, interval_right = 0.7830
Q = 0.014437, term1 = 0.057834, term2 = 0.001956
best_Q = 0.0030649949330836535, final_Q = 0.014437

--- Iteration 84 ---
U1 - Qu_upper = 0.145392, U2 - Qv_upper = 0.235723
eta = 0.7763, interval_left = 0.7722, interval_right = 0.7825
Q = 0.014690, term1 = 0.058789, term2 = 0.001985
best_Q = 0.0030649949330836535, final_Q = 0.014690

--- Iteration 85 ---
U1 - Qu_upper = 0.139190, U2 - Qv_upper = 0.235573
eta = 0.7760, interval_left = 0.7722, interval_right = 0.7820
Q = 0.015193, term1 = 0.060931, term2 = 0.001993
best_Q = 0.0030649949330836535, final_Q = 0.015193

--- Iteration 86 ---
U1 - Qu_upper = 0.099741, U2 - Qv_upper = 0.235296
eta = 0.7751, interval_left = 0.7722, interval_right = 0.7815
Q = 0.018113, term1 = 0.073613, term2 = 0.002013
best_Q = 0.0030649949330836535, final_Q = 0.018113

--- Iteration 87 ---
U1 - Qu_upper = 0.095242, U2 - Qv_upper = 0.235042
eta = 0.7749, interval_left = 0.7722, interval_right = 0.7810
Q = 0.018522, term1 = 0.075312, term2 = 0.002026
best_Q = 0.0030649949330836535, final_Q = 0.018522

--- Iteration 88 ---
U1 - Qu_upper = 0.070615, U2 - Qv_upper = 0.235008
eta = 0.7743, interval_left = 0.7722, interval_right = 0.7806
Q = 0.020420, term1 = 0.083500, term2 = 0.002030
best_Q = 0.0030649949330836535, final_Q = 0.020420

--- Iteration 89 ---
U1 - Qu_upper = 0.077515, U2 - Qv_upper = 0.257985
eta = 0.7742, interval_left = 0.7722, interval_right = 0.7802
Q = 0.019170, term1 = 0.081182, term2 = 0.001080
best_Q = 0.0030649949330836535, final_Q = 0.019170

--- Iteration 90 ---
U1 - Qu_upper = 0.080469, U2 - Qv_upper = 0.260514
eta = 0.7741, interval_left = 0.7722, interval_right = 0.7798
Q = 0.018821, term1 = 0.080012, term2 = 0.000965
best_Q = 0.0030649949330836535, final_Q = 0.018821

--- Iteration 91 ---
U1 - Qu_upper = 0.097898, U2 - Qv_upper = 0.265540
eta = 0.7743, interval_left = 0.7722, interval_right = 0.7794
Q = 0.017318, term1 = 0.074155, term2 = 0.000748
best_Q = 0.0030649949330836535, final_Q = 0.017318

--- Iteration 92 ---
U1 - Qu_upper = 0.118784, U2 - Qv_upper = 0.265714
eta = 0.7745, interval_left = 0.7722, interval_right = 0.7790
Q = 0.015927, term1 = 0.068048, term2 = 0.000748
best_Q = 0.0030649949330836535, final_Q = 0.015927

--- Iteration 93 ---
U1 - Qu_upper = 0.138761, U2 - Qv_upper = 0.252505
eta = 0.7746, interval_left = 0.7722, interval_right = 0.7787
Q = 0.014894, term1 = 0.062261, term2 = 0.001114
best_Q = 0.0030649949330836535, final_Q = 0.014894

--- Iteration 94 ---
U1 - Qu_upper = 0.171984, U2 - Qv_upper = 0.245461
eta = 0.7749, interval_left = 0.7722, interval_right = 0.7784
Q = 0.013063, term1 = 0.053080, term2 = 0.001438
best_Q = 0.0030649949330836535, final_Q = 0.013063

--- Iteration 95 ---
U1 - Qu_upper = 0.178909, U2 - Qv_upper = 0.245461
eta = 0.7748, interval_left = 0.7722, interval_right = 0.7781
Q = 0.012649, term1 = 0.051226, term2 = 0.001438
best_Q = 0.0030649949330836535, final_Q = 0.012649

--- Iteration 96 ---
U1 - Qu_upper = 0.162938, U2 - Qv_upper = 0.239869
eta = 0.7746, interval_left = 0.7722, interval_right = 0.7778
Q = 0.013852, term1 = 0.055425, term2 = 0.001754
best_Q = 0.0030649949330836535, final_Q = 0.013852

--- Iteration 97 ---
U1 - Qu_upper = 0.166247, U2 - Qv_upper = 0.235662
eta = 0.7745, interval_left = 0.7722, interval_right = 0.7775
Q = 0.013895, term1 = 0.054801, term2 = 0.001987
best_Q = 0.0030649949330836535, final_Q = 0.013895

--- Iteration 98 ---
U1 - Qu_upper = 0.135187, U2 - Qv_upper = 0.235038
eta = 0.7742, interval_left = 0.7722, interval_right = 0.7772
Q = 0.015772, term1 = 0.062883, term2 = 0.002028
best_Q = 0.0030649949330836535, final_Q = 0.015772

--- Iteration 99 ---
U1 - Qu_upper = 0.100684, U2 - Qv_upper = 0.234955
eta = 0.7737, interval_left = 0.7722, interval_right = 0.7770
Q = 0.018300, term1 = 0.073926, term2 = 0.002034
best_Q = 0.0030649949330836535, final_Q = 0.018300
Optimization End
📁 Visualization directory ensured: /work3/s232263/DCE_Results/german_credit/MLP/DCE_u1=0.5,u2=0.3,l=0.2,r=1.0,mi=100,tk=1,nt=10/cone_all_SimulatedAnnealing_T0=1.5,Tf=0.01,td=None,cs=1.2,ct=0.1,temp=2.0/seed_24874_20250805_095655/visualizations
Model saved to: /work3/s232263/DCE_Results/german_credit/MLP/DCE_u1=0.5,u2=0.3,l=0.2,r=1.0,mi=100,tk=1,nt=10/cone_all_SimulatedAnnealing_T0=1.5,Tf=0.01,td=None,cs=1.2,ct=0.1,temp=2.0/seed_24874_20250805_095655/model.pkl
Best results saved to: /work3/s232263/DCE_Results/german_credit/MLP/DCE_u1=0.5,u2=0.3,l=0.2,r=1.0,mi=100,tk=1,nt=10/cone_all_SimulatedAnnealing_T0=1.5,Tf=0.01,td=None,cs=1.2,ct=0.1,temp=2.0/seed_24874_20250805_095655
Final results saved to: /work3/s232263/DCE_Results/german_credit/MLP/DCE_u1=0.5,u2=0.3,l=0.2,r=1.0,mi=100,tk=1,nt=10/cone_all_SimulatedAnnealing_T0=1.5,Tf=0.01,td=None,cs=1.2,ct=0.1,temp=2.0/seed_24874_20250805_095655
Optimization log saved to: /work3/s232263/DCE_Results/german_credit/MLP/DCE_u1=0.5,u2=0.3,l=0.2,r=1.0,mi=100,tk=1,nt=10/cone_all_SimulatedAnnealing_T0=1.5,Tf=0.01,td=None,cs=1.2,ct=0.1,temp=2.0/seed_24874_20250805_095655
All results successfully saved to: /work3/s232263/DCE_Results/german_credit/MLP/DCE_u1=0.5,u2=0.3,l=0.2,r=1.0,mi=100,tk=1,nt=10/cone_all_SimulatedAnnealing_T0=1.5,Tf=0.01,td=None,cs=1.2,ct=0.1,temp=2.0/seed_24874_20250805_095655
Visualizations will be saved to: /work3/s232263/DCE_Results/german_credit/MLP/DCE_u1=0.5,u2=0.3,l=0.2,r=1.0,mi=100,tk=1,nt=10/cone_all_SimulatedAnnealing_T0=1.5,Tf=0.01,td=None,cs=1.2,ct=0.1,temp=2.0/seed_24874_20250805_095655/visualizations
✅ DCE explanation completed!
🎯 Best Q: 0.003065
📊 Final Q: 0.018300
🎉 Found feasible solution: True
💾 Results saved to: /work3/s232263/DCE_Results/german_credit/MLP/DCE_u1=0.5,u2=0.3,l=0.2,r=1.0,mi=100,tk=1,nt=10/cone_all_SimulatedAnnealing_T0=1.5,Tf=0.01,td=None,cs=1.2,ct=0.1,temp=2.0/seed_24874_20250805_095655
📊 Calculating metrics...
✅ Data processed for metrics calculation
   Coverage Rate: 0.820
   MMD: 0.016
   OT Distance: 0.0665
   Percentile Differences:
     0-15%: 67.566%
     15-30%: 124.911%
     30-70%: 169.425%
     70-85%: 79.562%
     85-100%: 34.886%
   AReS Cost: 9.160
💾 Metrics saved to: /work3/s232263/DCE_Results/german_credit/MLP/DCE_u1=0.5,u2=0.3,l=0.2,r=1.0,mi=100,tk=1,nt=10/cone_all_SimulatedAnnealing_T0=1.5,Tf=0.01,td=None,cs=1.2,ct=0.1,temp=2.0/seed_24874_20250805_095655/metrics_summary.json

============================================================
🎲 Running experiment: bayesian (alias: bo_demo)
============================================================
🎯 Creating strategy: bayesian (alias: bo_demo)
🧭 Full cone sampling mode (both categorical and continuous)
📐 Cone angle: 45.0° (0.785 rad)
🚀 Starting DCE explanation...
📍 Using original factual data as starting point (X_init=False)
Results will be saved to: /work3/s232263/DCE_Results/german_credit/MLP/DCE_u1=0.5,u2=0.3,l=0.2,r=1.0,mi=100,tk=1,nt=10/cone_all_Bayesian_cs=1.2,ct=0.1,temp=2.0/seed_24874_20250805_102419
📁 Initial data saved:
   - x_true.csv: (50, 9)
   - y_true.csv: (50, 1)
   - y_target.csv: (50,)
Training Start
Optimization Start

--- Iteration 0 ---
U1 - Qu_upper = 0.500000, U2 - Qv_upper = -0.217549
eta = 1.0000, interval_left = 0.2400, interval_right = 1.0000
Q = 0.123702, term1 = 0.000000, term2 = 0.123702
best_Q = inf, final_Q = 0.123702

--- Iteration 1 ---
U1 - Qu_upper = 0.465363, U2 - Qv_upper = -0.228238
eta = 1.0000, interval_left = 0.2780, interval_right = 1.0000
Q = 0.127405, term1 = 0.002829, term2 = 0.127405
best_Q = inf, final_Q = 0.127405

--- Iteration 2 ---
U1 - Qu_upper = 0.461970, U2 - Qv_upper = -0.197061
eta = 1.0000, interval_left = 0.3141, interval_right = 1.0000
Q = 0.109284, term1 = 0.004741, term2 = 0.109284
best_Q = inf, final_Q = 0.109284

--- Iteration 3 ---
U1 - Qu_upper = 0.411103, U2 - Qv_upper = -0.178483
eta = 1.0000, interval_left = 0.3484, interval_right = 1.0000
Q = 0.101961, term1 = 0.008651, term2 = 0.101961
best_Q = inf, final_Q = 0.101961

--- Iteration 4 ---
U1 - Qu_upper = 0.362374, U2 - Qv_upper = -0.224412
eta = 1.0000, interval_left = 0.3810, interval_right = 1.0000
Q = 0.120386, term1 = 0.013635, term2 = 0.120386
best_Q = inf, final_Q = 0.120386

--- Iteration 5 ---
U1 - Qu_upper = 0.353338, U2 - Qv_upper = -0.185013
eta = 1.0000, interval_left = 0.4119, interval_right = 1.0000
Q = 0.101589, term1 = 0.014690, term2 = 0.101589
best_Q = inf, final_Q = 0.101589

--- Iteration 6 ---
U1 - Qu_upper = 0.335696, U2 - Qv_upper = -0.085334
eta = 1.0000, interval_left = 0.4413, interval_right = 1.0000
Q = 0.066652, term1 = 0.017103, term2 = 0.066652
best_Q = inf, final_Q = 0.066652

--- Iteration 7 ---
U1 - Qu_upper = 0.286265, U2 - Qv_upper = -0.065838
eta = 1.0000, interval_left = 0.4693, interval_right = 1.0000
Q = 0.059292, term1 = 0.025072, term2 = 0.059292
best_Q = inf, final_Q = 0.059292

--- Iteration 8 ---
U1 - Qu_upper = 0.229971, U2 - Qv_upper = -0.041352
eta = 1.0000, interval_left = 0.4958, interval_right = 1.0000
Q = 0.051996, term1 = 0.036575, term2 = 0.051996
best_Q = inf, final_Q = 0.051996

--- Iteration 9 ---
U1 - Qu_upper = 0.235539, U2 - Qv_upper = -0.029862
eta = 1.0000, interval_left = 0.5210, interval_right = 1.0000
Q = 0.048912, term1 = 0.035305, term2 = 0.048912
best_Q = inf, final_Q = 0.048912

--- Iteration 10 ---
U1 - Qu_upper = 0.196958, U2 - Qv_upper = -0.007730
eta = 1.0000, interval_left = 0.5450, interval_right = 1.0000
Q = 0.042810, term1 = 0.044775, term2 = 0.042810
best_Q = inf, final_Q = 0.042810

--- Iteration 11 ---
U1 - Qu_upper = 0.187083, U2 - Qv_upper = 0.033498
eta = 0.9309, interval_left = 0.5677, interval_right = 1.0000
Q = 0.033543, term1 = 0.047659, term2 = 0.032495
🌟 New best Q found: 0.033543 at iter 11
best_Q = 0.03354276716709137, final_Q = 0.033543

--- Iteration 12 ---
U1 - Qu_upper = 0.163700, U2 - Qv_upper = 0.057668
eta = 0.8874, interval_left = 0.5893, interval_right = 1.0000
Q = 0.029802, term1 = 0.054153, term2 = 0.026712
🌟 New best Q found: 0.029802 at iter 12
best_Q = 0.029802337288856506, final_Q = 0.029802

--- Iteration 13 ---
U1 - Qu_upper = 0.152254, U2 - Qv_upper = 0.092514
eta = 0.8448, interval_left = 0.6099, interval_right = 1.0000
Q = 0.025452, term1 = 0.057906, term2 = 0.019489
🌟 New best Q found: 0.025452 at iter 13
best_Q = 0.02545221522450447, final_Q = 0.025452

--- Iteration 14 ---
U1 - Qu_upper = 0.098570, U2 - Qv_upper = 0.119812
eta = 0.7860, interval_left = 0.6099, interval_right = 0.9805
Q = 0.027108, term1 = 0.073522, term2 = 0.014467
best_Q = 0.02545221522450447, final_Q = 0.027108

--- Iteration 15 ---
U1 - Qu_upper = 0.092473, U2 - Qv_upper = 0.130381
eta = 0.7637, interval_left = 0.6099, interval_right = 0.9620
Q = 0.027539, term1 = 0.075420, term2 = 0.012719
best_Q = 0.02545221522450447, final_Q = 0.027539

--- Iteration 16 ---
U1 - Qu_upper = 0.110281, U2 - Qv_upper = -0.022600
eta = 0.9620, interval_left = 0.6275, interval_right = 0.9620
Q = 0.044208, term1 = 0.069744, term2 = 0.043198
best_Q = 0.02545221522450447, final_Q = 0.044208

--- Iteration 17 ---
U1 - Qu_upper = 0.127914, U2 - Qv_upper = 0.143041
eta = 0.7854, interval_left = 0.6275, interval_right = 0.9452
Q = 0.022409, term1 = 0.064073, term2 = 0.011023
🌟 New best Q found: 0.022409 at iter 17
best_Q = 0.02240893617272377, final_Q = 0.022409

--- Iteration 18 ---
U1 - Qu_upper = 0.119682, U2 - Qv_upper = 0.057143
eta = 0.8425, interval_left = 0.6434, interval_right = 0.9452
Q = 0.031359, term1 = 0.066671, term2 = 0.024760
best_Q = 0.02240893617272377, final_Q = 0.031359

--- Iteration 19 ---
U1 - Qu_upper = 0.128032, U2 - Qv_upper = 0.054399
eta = 0.8552, interval_left = 0.6584, interval_right = 0.9452
Q = 0.030918, term1 = 0.064127, term2 = 0.025297
best_Q = 0.02240893617272377, final_Q = 0.030918

--- Iteration 20 ---
U1 - Qu_upper = 0.112214, U2 - Qv_upper = 0.053904
eta = 0.8522, interval_left = 0.6728, interval_right = 0.9452
Q = 0.032016, term1 = 0.070192, term2 = 0.025394
best_Q = 0.02240893617272377, final_Q = 0.032016

--- Iteration 21 ---
U1 - Qu_upper = 0.065226, U2 - Qv_upper = 0.150280
eta = 0.7552, interval_left = 0.6728, interval_right = 0.9316
Q = 0.028779, term1 = 0.086108, term2 = 0.010200
best_Q = 0.02240893617272377, final_Q = 0.028779

--- Iteration 22 ---
U1 - Qu_upper = 0.077075, U2 - Qv_upper = 0.158322
eta = 0.7575, interval_left = 0.6728, interval_right = 0.9187
Q = 0.026259, term1 = 0.081296, term2 = 0.008643
best_Q = 0.02240893617272377, final_Q = 0.026259

--- Iteration 23 ---
U1 - Qu_upper = 0.100775, U2 - Qv_upper = 0.062579
eta = 0.8245, interval_left = 0.6851, interval_right = 0.9187
Q = 0.031860, term1 = 0.072523, term2 = 0.023203
best_Q = 0.02240893617272377, final_Q = 0.031860

--- Iteration 24 ---
U1 - Qu_upper = 0.101388, U2 - Qv_upper = 0.057974
eta = 0.8337, interval_left = 0.6968, interval_right = 0.9187
Q = 0.032256, term1 = 0.073212, term2 = 0.024086
best_Q = 0.02240893617272377, final_Q = 0.032256

--- Iteration 25 ---
U1 - Qu_upper = 0.121063, U2 - Qv_upper = 0.170075
eta = 0.7890, interval_left = 0.6968, interval_right = 0.9076
Q = 0.019898, term1 = 0.067357, term2 = 0.007210
🌟 New best Q found: 0.019898 at iter 25
best_Q = 0.019898423925042152, final_Q = 0.019898

--- Iteration 26 ---
U1 - Qu_upper = 0.085240, U2 - Qv_upper = 0.186317
eta = 0.7629, interval_left = 0.6968, interval_right = 0.8970
Q = 0.022939, term1 = 0.079269, term2 = 0.005436
best_Q = 0.019898423925042152, final_Q = 0.022939

--- Iteration 27 ---
U1 - Qu_upper = 0.085110, U2 - Qv_upper = 0.200848
eta = 0.7564, interval_left = 0.6968, interval_right = 0.8870
Q = 0.022645, term1 = 0.080098, term2 = 0.004139
best_Q = 0.019898423925042152, final_Q = 0.022645

--- Iteration 28 ---
U1 - Qu_upper = 0.070762, U2 - Qv_upper = 0.079864
eta = 0.7861, interval_left = 0.6968, interval_right = 0.8775
Q = 0.033593, term1 = 0.085067, term2 = 0.019590
best_Q = 0.019898423925042152, final_Q = 0.033593

--- Iteration 29 ---
U1 - Qu_upper = 0.041227, U2 - Qv_upper = 0.216789
eta = 0.7256, interval_left = 0.6968, interval_right = 0.8685
Q = 0.028459, term1 = 0.095947, term2 = 0.002942
best_Q = 0.019898423925042152, final_Q = 0.028459

--- Iteration 30 ---
U1 - Qu_upper = 0.053864, U2 - Qv_upper = 0.216791
eta = 0.7309, interval_left = 0.6968, interval_right = 0.8599
Q = 0.026811, term1 = 0.091650, term2 = 0.002943
best_Q = 0.019898423925042152, final_Q = 0.026811

--- Iteration 31 ---
U1 - Qu_upper = 0.043125, U2 - Qv_upper = 0.216987
eta = 0.7238, interval_left = 0.6968, interval_right = 0.8517
Q = 0.028681, term1 = 0.096126, term2 = 0.002945
best_Q = 0.019898423925042152, final_Q = 0.028681

--- Iteration 32 ---
U1 - Qu_upper = -0.048274, U2 - Qv_upper = -0.118791
eta = 0.8070, interval_left = 0.7045, interval_right = 0.8517
Q = 0.082572, term1 = 0.133694, term2 = 0.070343
best_Q = 0.019898423925042152, final_Q = 0.082572

--- Iteration 33 ---
U1 - Qu_upper = -0.020626, U2 - Qv_upper = 0.098693
eta = 0.7045, interval_left = 0.7045, interval_right = 0.8444
Q = 0.047279, term1 = 0.120907, term2 = 0.016398
best_Q = 0.019898423925042152, final_Q = 0.047279

--- Iteration 34 ---
U1 - Qu_upper = -0.020626, U2 - Qv_upper = 0.098693
eta = 0.7045, interval_left = 0.7045, interval_right = 0.8374
Q = 0.047279, term1 = 0.120907, term2 = 0.016398
best_Q = 0.019898423925042152, final_Q = 0.047279

--- Iteration 35 ---
U1 - Qu_upper = -0.039836, U2 - Qv_upper = 0.241787
eta = 0.7045, interval_left = 0.7045, interval_right = 0.8307
Q = 0.039596, term1 = 0.130312, term2 = 0.001546
best_Q = 0.019898423925042152, final_Q = 0.039596

--- Iteration 36 ---
U1 - Qu_upper = 0.021740, U2 - Qv_upper = 0.241770
eta = 0.7149, interval_left = 0.7045, interval_right = 0.8244
Q = 0.031111, term1 = 0.105253, term2 = 0.001547
best_Q = 0.019898423925042152, final_Q = 0.031111

--- Iteration 37 ---
U1 - Qu_upper = 0.027162, U2 - Qv_upper = 0.241764
eta = 0.7166, interval_left = 0.7045, interval_right = 0.8184
Q = 0.030815, term1 = 0.104828, term2 = 0.001547
best_Q = 0.019898423925042152, final_Q = 0.030815

--- Iteration 38 ---
U1 - Qu_upper = 0.031427, U2 - Qv_upper = 0.099019
eta = 0.7320, interval_left = 0.7045, interval_right = 0.8127
Q = 0.039643, term1 = 0.103113, term2 = 0.016400
best_Q = 0.019898423925042152, final_Q = 0.039643

--- Iteration 39 ---
U1 - Qu_upper = 0.012279, U2 - Qv_upper = 0.241747
eta = 0.7097, interval_left = 0.7045, interval_right = 0.8073
Q = 0.033347, term1 = 0.111100, term2 = 0.001548
best_Q = 0.019898423925042152, final_Q = 0.033347

--- Iteration 40 ---
U1 - Qu_upper = 0.017008, U2 - Qv_upper = 0.243279
eta = 0.7112, interval_left = 0.7045, interval_right = 0.8022
Q = 0.032396, term1 = 0.108545, term2 = 0.001477
best_Q = 0.019898423925042152, final_Q = 0.032396

--- Iteration 41 ---
U1 - Qu_upper = 0.017964, U2 - Qv_upper = 0.101520
eta = 0.7192, interval_left = 0.7045, interval_right = 0.7973
Q = 0.041671, term1 = 0.107569, term2 = 0.015942
best_Q = 0.019898423925042152, final_Q = 0.041671

--- Iteration 42 ---
U1 - Qu_upper = 0.002477, U2 - Qv_upper = 0.172702
eta = 0.7058, interval_left = 0.7045, interval_right = 0.7927
Q = 0.038552, term1 = 0.115056, term2 = 0.006666
best_Q = 0.019898423925042152, final_Q = 0.038552

--- Iteration 43 ---
U1 - Qu_upper = 0.017964, U2 - Qv_upper = 0.101520
eta = 0.7178, interval_left = 0.7045, interval_right = 0.7882
Q = 0.041803, term1 = 0.107569, term2 = 0.015942
best_Q = 0.019898423925042152, final_Q = 0.041803

--- Iteration 44 ---
U1 - Qu_upper = 0.001889, U2 - Qv_upper = 0.243271
eta = 0.7052, interval_left = 0.7045, interval_right = 0.7841
Q = 0.035173, term1 = 0.115760, term2 = 0.001478
best_Q = 0.019898423925042152, final_Q = 0.035173

--- Iteration 45 ---
U1 - Qu_upper = -0.014797, U2 - Qv_upper = -0.113070
eta = 0.7749, interval_left = 0.7085, interval_right = 0.7841
Q = 0.080219, term1 = 0.120751, term2 = 0.068442
best_Q = 0.019898423925042152, final_Q = 0.080219

--- Iteration 46 ---
U1 - Qu_upper = 0.014947, U2 - Qv_upper = 0.101561
eta = 0.7182, interval_left = 0.7085, interval_right = 0.7803
Q = 0.041764, term1 = 0.107569, term2 = 0.015942
best_Q = 0.019898423925042152, final_Q = 0.041764

--- Iteration 47 ---
U1 - Qu_upper = -0.050008, U2 - Qv_upper = -0.056094
eta = 0.7464, interval_left = 0.7121, interval_right = 0.7803
Q = 0.072955, term1 = 0.137848, term2 = 0.050912
best_Q = 0.019898423925042152, final_Q = 0.072955

--- Iteration 48 ---
U1 - Qu_upper = -0.046254, U2 - Qv_upper = 0.229018
eta = 0.7121, interval_left = 0.7121, interval_right = 0.7769
Q = 0.040503, term1 = 0.135217, term2 = 0.002206
best_Q = 0.019898423925042152, final_Q = 0.040503

--- Iteration 49 ---
U1 - Qu_upper = -0.009830, U2 - Qv_upper = 0.229018
eta = 0.7121, interval_left = 0.7121, interval_right = 0.7736
Q = 0.036709, term1 = 0.122037, term2 = 0.002207
best_Q = 0.019898423925042152, final_Q = 0.036709

--- Iteration 50 ---
U1 - Qu_upper = -0.037130, U2 - Qv_upper = -0.058266
eta = 0.7497, interval_left = 0.7152, interval_right = 0.7736
Q = 0.072012, term1 = 0.133302, term2 = 0.051546
best_Q = 0.019898423925042152, final_Q = 0.072012

--- Iteration 51 ---
U1 - Qu_upper = -0.037130, U2 - Qv_upper = -0.058266
eta = 0.7509, interval_left = 0.7181, interval_right = 0.7736
Q = 0.071914, term1 = 0.133302, term2 = 0.051546
best_Q = 0.019898423925042152, final_Q = 0.071914

--- Iteration 52 ---
U1 - Qu_upper = -0.016123, U2 - Qv_upper = 0.097783
eta = 0.7181, interval_left = 0.7181, interval_right = 0.7709
Q = 0.046820, term1 = 0.123893, term2 = 0.016561
best_Q = 0.019898423925042152, final_Q = 0.046820

--- Iteration 53 ---
U1 - Qu_upper = -0.035196, U2 - Qv_upper = 0.218857
eta = 0.7181, interval_left = 0.7181, interval_right = 0.7682
Q = 0.039375, term1 = 0.132472, term2 = 0.002825
best_Q = 0.019898423925042152, final_Q = 0.039375

--- Iteration 54 ---
U1 - Qu_upper = -0.064754, U2 - Qv_upper = 0.218989
eta = 0.7181, interval_left = 0.7181, interval_right = 0.7657
Q = 0.042969, term1 = 0.145221, term2 = 0.002824
best_Q = 0.019898423925042152, final_Q = 0.042969

--- Iteration 55 ---
U1 - Qu_upper = -0.048695, U2 - Qv_upper = 0.236764
eta = 0.7181, interval_left = 0.7181, interval_right = 0.7633
Q = 0.040690, term1 = 0.139772, term2 = 0.001790
best_Q = 0.019898423925042152, final_Q = 0.040690

--- Iteration 56 ---
U1 - Qu_upper = -0.034707, U2 - Qv_upper = -0.058262
eta = 0.7464, interval_left = 0.7203, interval_right = 0.7633
Q = 0.072277, term1 = 0.133302, term2 = 0.051546
best_Q = 0.019898423925042152, final_Q = 0.072277

--- Iteration 57 ---
U1 - Qu_upper = -0.026868, U2 - Qv_upper = 0.236844
eta = 0.7203, interval_left = 0.7203, interval_right = 0.7612
Q = 0.037773, term1 = 0.130456, term2 = 0.001791
best_Q = 0.019898423925042152, final_Q = 0.037773

--- Iteration 58 ---
U1 - Qu_upper = -0.025605, U2 - Qv_upper = 0.167359
eta = 0.7203, interval_left = 0.7203, interval_right = 0.7591
Q = 0.041379, term1 = 0.129198, term2 = 0.007285
best_Q = 0.019898423925042152, final_Q = 0.041379

--- Iteration 59 ---
U1 - Qu_upper = -0.026868, U2 - Qv_upper = 0.236844
eta = 0.7203, interval_left = 0.7203, interval_right = 0.7572
Q = 0.037773, term1 = 0.130456, term2 = 0.001791
best_Q = 0.019898423925042152, final_Q = 0.037773

--- Iteration 60 ---
U1 - Qu_upper = -0.014696, U2 - Qv_upper = 0.098052
eta = 0.7203, interval_left = 0.7203, interval_right = 0.7554
Q = 0.046577, term1 = 0.123893, term2 = 0.016561
best_Q = 0.019898423925042152, final_Q = 0.046577

--- Iteration 61 ---
U1 - Qu_upper = -0.014696, U2 - Qv_upper = 0.098052
eta = 0.7203, interval_left = 0.7203, interval_right = 0.7536
Q = 0.046577, term1 = 0.123893, term2 = 0.016561
best_Q = 0.019898423925042152, final_Q = 0.046577

--- Iteration 62 ---
U1 - Qu_upper = -0.034266, U2 - Qv_upper = -0.058114
eta = 0.7413, interval_left = 0.7220, interval_right = 0.7536
Q = 0.072699, term1 = 0.133302, term2 = 0.051546
best_Q = 0.019898423925042152, final_Q = 0.072699

--- Iteration 63 ---
U1 - Qu_upper = -0.023524, U2 - Qv_upper = 0.236753
eta = 0.7220, interval_left = 0.7220, interval_right = 0.7520
Q = 0.037559, term1 = 0.130456, term2 = 0.001791
best_Q = 0.019898423925042152, final_Q = 0.037559

--- Iteration 64 ---
U1 - Qu_upper = -0.010032, U2 - Qv_upper = 0.097805
eta = 0.7220, interval_left = 0.7220, interval_right = 0.7505
Q = 0.046399, term1 = 0.123893, term2 = 0.016561
best_Q = 0.019898423925042152, final_Q = 0.046399

--- Iteration 65 ---
U1 - Qu_upper = -0.046473, U2 - Qv_upper = 0.236769
eta = 0.7220, interval_left = 0.7220, interval_right = 0.7491
Q = 0.040148, term1 = 0.139772, term2 = 0.001790
best_Q = 0.019898423925042152, final_Q = 0.040148

--- Iteration 66 ---
U1 - Qu_upper = -0.052280, U2 - Qv_upper = 0.167364
eta = 0.7220, interval_left = 0.7220, interval_right = 0.7477
Q = 0.044397, term1 = 0.140785, term2 = 0.007285
best_Q = 0.019898423925042152, final_Q = 0.044397

--- Iteration 67 ---
U1 - Qu_upper = -0.035044, U2 - Qv_upper = 0.236772
eta = 0.7220, interval_left = 0.7220, interval_right = 0.7465
Q = 0.039007, term1 = 0.135667, term2 = 0.001789
best_Q = 0.019898423925042152, final_Q = 0.039007

--- Iteration 68 ---
U1 - Qu_upper = -0.047980, U2 - Qv_upper = 0.098056
eta = 0.7220, interval_left = 0.7220, interval_right = 0.7452
Q = 0.049831, term1 = 0.136241, term2 = 0.016560
best_Q = 0.019898423925042152, final_Q = 0.049831

--- Iteration 69 ---
U1 - Qu_upper = -0.035044, U2 - Qv_upper = 0.236772
eta = 0.7220, interval_left = 0.7220, interval_right = 0.7441
Q = 0.039007, term1 = 0.135667, term2 = 0.001789
best_Q = 0.019898423925042152, final_Q = 0.039007

--- Iteration 70 ---
U1 - Qu_upper = -0.052280, U2 - Qv_upper = 0.167364
eta = 0.7220, interval_left = 0.7220, interval_right = 0.7430
Q = 0.044397, term1 = 0.140785, term2 = 0.007285
best_Q = 0.019898423925042152, final_Q = 0.044397

--- Iteration 71 ---
U1 - Qu_upper = -0.046473, U2 - Qv_upper = 0.236769
eta = 0.7220, interval_left = 0.7220, interval_right = 0.7419
Q = 0.040148, term1 = 0.139772, term2 = 0.001790
best_Q = 0.019898423925042152, final_Q = 0.040148

--- Iteration 72 ---
U1 - Qu_upper = -0.052280, U2 - Qv_upper = 0.167364
eta = 0.7220, interval_left = 0.7220, interval_right = 0.7409
Q = 0.044397, term1 = 0.140785, term2 = 0.007285
best_Q = 0.019898423925042152, final_Q = 0.044397

--- Iteration 73 ---
U1 - Qu_upper = -0.081042, U2 - Qv_upper = 0.011133
eta = 0.7220, interval_left = 0.7220, interval_right = 0.7400
Q = 0.067518, term1 = 0.155542, term2 = 0.033625
best_Q = 0.019898423925042152, final_Q = 0.067518

--- Iteration 74 ---
U1 - Qu_upper = -0.146503, U2 - Qv_upper = 0.092564
eta = 0.7220, interval_left = 0.7220, interval_right = 0.7391
Q = 0.065138, term1 = 0.188969, term2 = 0.017460
best_Q = 0.019898423925042152, final_Q = 0.065138

--- Iteration 75 ---
U1 - Qu_upper = -0.151274, U2 - Qv_upper = 0.237061
eta = 0.7220, interval_left = 0.7220, interval_right = 0.7382
Q = 0.054576, term1 = 0.191670, term2 = 0.001790
best_Q = 0.019898423925042152, final_Q = 0.054576

--- Iteration 76 ---
U1 - Qu_upper = -0.122266, U2 - Qv_upper = 0.238929
eta = 0.7220, interval_left = 0.7220, interval_right = 0.7374
Q = 0.050450, term1 = 0.177075, term2 = 0.001695
best_Q = 0.019898423925042152, final_Q = 0.050450

--- Iteration 77 ---
U1 - Qu_upper = -0.077696, U2 - Qv_upper = 0.269489
eta = 0.7220, interval_left = 0.7220, interval_right = 0.7366
Q = 0.043486, term1 = 0.154940, term2 = 0.000572
best_Q = 0.019898423925042152, final_Q = 0.043486

--- Iteration 78 ---
U1 - Qu_upper = -0.060873, U2 - Qv_upper = 0.239376
eta = 0.7220, interval_left = 0.7220, interval_right = 0.7359
Q = 0.042034, term1 = 0.146801, term2 = 0.001695
best_Q = 0.019898423925042152, final_Q = 0.042034

--- Iteration 79 ---
U1 - Qu_upper = -0.060873, U2 - Qv_upper = 0.239376
eta = 0.7220, interval_left = 0.7220, interval_right = 0.7352
Q = 0.042034, term1 = 0.146801, term2 = 0.001695
best_Q = 0.019898423925042152, final_Q = 0.042034

--- Iteration 80 ---
U1 - Qu_upper = -0.059201, U2 - Qv_upper = 0.011924
eta = 0.7220, interval_left = 0.7220, interval_right = 0.7346
Q = 0.064623, term1 = 0.145514, term2 = 0.033477
best_Q = 0.019898423925042152, final_Q = 0.064623

--- Iteration 81 ---
U1 - Qu_upper = -0.060873, U2 - Qv_upper = 0.239376
eta = 0.7220, interval_left = 0.7220, interval_right = 0.7339
Q = 0.042034, term1 = 0.146801, term2 = 0.001695
best_Q = 0.019898423925042152, final_Q = 0.042034

--- Iteration 82 ---
U1 - Qu_upper = -0.060873, U2 - Qv_upper = 0.239376
eta = 0.7220, interval_left = 0.7220, interval_right = 0.7333
Q = 0.042034, term1 = 0.146801, term2 = 0.001695
best_Q = 0.019898423925042152, final_Q = 0.042034

--- Iteration 83 ---
U1 - Qu_upper = -0.050629, U2 - Qv_upper = 0.099105
eta = 0.7220, interval_left = 0.7220, interval_right = 0.7328
Q = 0.051247, term1 = 0.141687, term2 = 0.016425
best_Q = 0.019898423925042152, final_Q = 0.051247

--- Iteration 84 ---
U1 - Qu_upper = -0.068381, U2 - Qv_upper = 0.222417
eta = 0.7220, interval_left = 0.7220, interval_right = 0.7322
Q = 0.043687, term1 = 0.150165, term2 = 0.002689
best_Q = 0.019898423925042152, final_Q = 0.043687

--- Iteration 85 ---
U1 - Qu_upper = -0.068381, U2 - Qv_upper = 0.222417
eta = 0.7220, interval_left = 0.7220, interval_right = 0.7317
Q = 0.043687, term1 = 0.150165, term2 = 0.002689
best_Q = 0.019898423925042152, final_Q = 0.043687

--- Iteration 86 ---
U1 - Qu_upper = -0.067113, U2 - Qv_upper = 0.092554
eta = 0.7220, interval_left = 0.7220, interval_right = 0.7312
Q = 0.053728, term1 = 0.147642, term2 = 0.017568
best_Q = 0.019898423925042152, final_Q = 0.053728

--- Iteration 87 ---
U1 - Qu_upper = -0.084135, U2 - Qv_upper = 0.222440
eta = 0.7220, interval_left = 0.7220, interval_right = 0.7308
Q = 0.045597, term1 = 0.157038, term2 = 0.002688
best_Q = 0.019898423925042152, final_Q = 0.045597

--- Iteration 88 ---
U1 - Qu_upper = -0.066317, U2 - Qv_upper = 0.099114
eta = 0.7220, interval_left = 0.7220, interval_right = 0.7303
Q = 0.053056, term1 = 0.148195, term2 = 0.016424
best_Q = 0.019898423925042152, final_Q = 0.053056

--- Iteration 89 ---
U1 - Qu_upper = -0.066317, U2 - Qv_upper = 0.099114
eta = 0.7220, interval_left = 0.7220, interval_right = 0.7299
Q = 0.053056, term1 = 0.148195, term2 = 0.016424
best_Q = 0.019898423925042152, final_Q = 0.053056

--- Iteration 90 ---
U1 - Qu_upper = -0.070185, U2 - Qv_upper = 0.239468
eta = 0.7220, interval_left = 0.7220, interval_right = 0.7295
Q = 0.043200, term1 = 0.150996, term2 = 0.001695
best_Q = 0.019898423925042152, final_Q = 0.043200

--- Iteration 91 ---
U1 - Qu_upper = -0.093021, U2 - Qv_upper = 0.239468
eta = 0.7220, interval_left = 0.7220, interval_right = 0.7291
Q = 0.046509, term1 = 0.162899, term2 = 0.001695
best_Q = 0.019898423925042152, final_Q = 0.046509

--- Iteration 92 ---
U1 - Qu_upper = -0.052881, U2 - Qv_upper = 0.098778
eta = 0.7220, interval_left = 0.7220, interval_right = 0.7288
Q = 0.051247, term1 = 0.141687, term2 = 0.016425
best_Q = 0.019898423925042152, final_Q = 0.051247

--- Iteration 93 ---
U1 - Qu_upper = -0.058403, U2 - Qv_upper = 0.239452
eta = 0.7220, interval_left = 0.7220, interval_right = 0.7284
Q = 0.042034, term1 = 0.146801, term2 = 0.001695
best_Q = 0.019898423925042152, final_Q = 0.042034

--- Iteration 94 ---
U1 - Qu_upper = -0.056008, U2 - Qv_upper = 0.239360
eta = 0.7220, interval_left = 0.7220, interval_right = 0.7281
Q = 0.041760, term1 = 0.145811, term2 = 0.001696
best_Q = 0.019898423925042152, final_Q = 0.041760

--- Iteration 95 ---
U1 - Qu_upper = -0.056008, U2 - Qv_upper = 0.239360
eta = 0.7220, interval_left = 0.7220, interval_right = 0.7278
Q = 0.041760, term1 = 0.145811, term2 = 0.001696
best_Q = 0.019898423925042152, final_Q = 0.041760

--- Iteration 96 ---
U1 - Qu_upper = -0.039477, U2 - Qv_upper = 0.168820
eta = 0.7220, interval_left = 0.7220, interval_right = 0.7275
Q = 0.043569, term1 = 0.138156, term2 = 0.007150
best_Q = 0.019898423925042152, final_Q = 0.043569

--- Iteration 97 ---
U1 - Qu_upper = -0.050290, U2 - Qv_upper = 0.011857
eta = 0.7220, interval_left = 0.7220, interval_right = 0.7273
Q = 0.063588, term1 = 0.141790, term2 = 0.033478
best_Q = 0.019898423925042152, final_Q = 0.063588

--- Iteration 98 ---
U1 - Qu_upper = -0.030150, U2 - Qv_upper = 0.239494
eta = 0.7220, interval_left = 0.7220, interval_right = 0.7270
Q = 0.038563, term1 = 0.134315, term2 = 0.001695
best_Q = 0.019898423925042152, final_Q = 0.038563

--- Iteration 99 ---
U1 - Qu_upper = -0.044797, U2 - Qv_upper = 0.099169
eta = 0.7220, interval_left = 0.7220, interval_right = 0.7267
Q = 0.050277, term1 = 0.138193, term2 = 0.016426
best_Q = 0.019898423925042152, final_Q = 0.050277
Optimization End
📁 Visualization directory ensured: /work3/s232263/DCE_Results/german_credit/MLP/DCE_u1=0.5,u2=0.3,l=0.2,r=1.0,mi=100,tk=1,nt=10/cone_all_Bayesian_cs=1.2,ct=0.1,temp=2.0/seed_24874_20250805_102419/visualizations
Model saved to: /work3/s232263/DCE_Results/german_credit/MLP/DCE_u1=0.5,u2=0.3,l=0.2,r=1.0,mi=100,tk=1,nt=10/cone_all_Bayesian_cs=1.2,ct=0.1,temp=2.0/seed_24874_20250805_102419/model.pkl
Best results saved to: /work3/s232263/DCE_Results/german_credit/MLP/DCE_u1=0.5,u2=0.3,l=0.2,r=1.0,mi=100,tk=1,nt=10/cone_all_Bayesian_cs=1.2,ct=0.1,temp=2.0/seed_24874_20250805_102419
Final results saved to: /work3/s232263/DCE_Results/german_credit/MLP/DCE_u1=0.5,u2=0.3,l=0.2,r=1.0,mi=100,tk=1,nt=10/cone_all_Bayesian_cs=1.2,ct=0.1,temp=2.0/seed_24874_20250805_102419
Optimization log saved to: /work3/s232263/DCE_Results/german_credit/MLP/DCE_u1=0.5,u2=0.3,l=0.2,r=1.0,mi=100,tk=1,nt=10/cone_all_Bayesian_cs=1.2,ct=0.1,temp=2.0/seed_24874_20250805_102419
All results successfully saved to: /work3/s232263/DCE_Results/german_credit/MLP/DCE_u1=0.5,u2=0.3,l=0.2,r=1.0,mi=100,tk=1,nt=10/cone_all_Bayesian_cs=1.2,ct=0.1,temp=2.0/seed_24874_20250805_102419
Visualizations will be saved to: /work3/s232263/DCE_Results/german_credit/MLP/DCE_u1=0.5,u2=0.3,l=0.2,r=1.0,mi=100,tk=1,nt=10/cone_all_Bayesian_cs=1.2,ct=0.1,temp=2.0/seed_24874_20250805_102419/visualizations
✅ DCE explanation completed!
🎯 Best Q: 0.019898
📊 Final Q: 0.050277
🎉 Found feasible solution: True
💾 Results saved to: /work3/s232263/DCE_Results/german_credit/MLP/DCE_u1=0.5,u2=0.3,l=0.2,r=1.0,mi=100,tk=1,nt=10/cone_all_Bayesian_cs=1.2,ct=0.1,temp=2.0/seed_24874_20250805_102419
📊 Calculating metrics...
✅ Data processed for metrics calculation
   Coverage Rate: 0.820
   MMD: 0.025
   OT Distance: 0.1066
   Percentile Differences:
     0-15%: 24.633%
     15-30%: 51.161%
     30-70%: 173.877%
     70-85%: 88.748%
     85-100%: 38.221%
   AReS Cost: 7.472
💾 Metrics saved to: /work3/s232263/DCE_Results/german_credit/MLP/DCE_u1=0.5,u2=0.3,l=0.2,r=1.0,mi=100,tk=1,nt=10/cone_all_Bayesian_cs=1.2,ct=0.1,temp=2.0/seed_24874_20250805_102419/metrics_summary.json

============================================================
🎲 Running experiment: differential_evolution (alias: de_demo)
============================================================
🎯 Creating strategy: differential_evolution (alias: de_demo)
🧭 Full cone sampling mode (both categorical and continuous)
📐 Cone angle: 45.0° (0.785 rad)
🚀 Starting DCE explanation...
📍 Using original factual data as starting point (X_init=False)
Results will be saved to: /work3/s232263/DCE_Results/german_credit/MLP/DCE_u1=0.5,u2=0.3,l=0.2,r=1.0,mi=100,tk=1,nt=10/cone_all_DifferentialEvolution_F=0.5,CR=0.9,cs=1.2,ct=0.1,temp=2.0/seed_24874_20250805_105038
📁 Initial data saved:
   - x_true.csv: (50, 9)
   - y_true.csv: (50, 1)
   - y_target.csv: (50,)
Training Start
Optimization Start

--- Iteration 0 ---
U1 - Qu_upper = 0.500000, U2 - Qv_upper = -0.217549
eta = 1.0000, interval_left = 0.2400, interval_right = 1.0000
Q = 0.123702, term1 = 0.000000, term2 = 0.123702
best_Q = inf, final_Q = 0.123702

--- Iteration 1 ---
U1 - Qu_upper = 0.487874, U2 - Qv_upper = -0.181826
eta = 1.0000, interval_left = 0.2780, interval_right = 1.0000
Q = 0.106502, term1 = 0.001859, term2 = 0.106502
best_Q = inf, final_Q = 0.106502

--- Iteration 2 ---
U1 - Qu_upper = 0.444548, U2 - Qv_upper = -0.142504
eta = 1.0000, interval_left = 0.3141, interval_right = 1.0000
Q = 0.089503, term1 = 0.005276, term2 = 0.089503
best_Q = inf, final_Q = 0.089503

--- Iteration 3 ---
U1 - Qu_upper = 0.431568, U2 - Qv_upper = -0.105033
eta = 1.0000, interval_left = 0.3484, interval_right = 1.0000
Q = 0.070091, term1 = 0.006850, term2 = 0.070091
best_Q = inf, final_Q = 0.070091

--- Iteration 4 ---
U1 - Qu_upper = 0.377321, U2 - Qv_upper = -0.053096
eta = 1.0000, interval_left = 0.3810, interval_right = 1.0000
Q = 0.053686, term1 = 0.011966, term2 = 0.053686
best_Q = inf, final_Q = 0.053686

--- Iteration 5 ---
U1 - Qu_upper = 0.372610, U2 - Qv_upper = -0.024228
eta = 1.0000, interval_left = 0.4119, interval_right = 1.0000
Q = 0.044595, term1 = 0.012395, term2 = 0.044595
best_Q = inf, final_Q = 0.044595

--- Iteration 6 ---
U1 - Qu_upper = 0.319821, U2 - Qv_upper = 0.023212
eta = 0.9602, interval_left = 0.4413, interval_right = 1.0000
Q = 0.032318, term1 = 0.019430, term2 = 0.032852
🌟 New best Q found: 0.032318 at iter 6
best_Q = 0.03231827914714813, final_Q = 0.032318

--- Iteration 7 ---
U1 - Qu_upper = 0.333809, U2 - Qv_upper = 0.069251
eta = 0.9040, interval_left = 0.4693, interval_right = 1.0000
Q = 0.022187, term1 = 0.016560, term2 = 0.022784
🌟 New best Q found: 0.022187 at iter 7
best_Q = 0.022186562418937683, final_Q = 0.022187

--- Iteration 8 ---
U1 - Qu_upper = 0.341455, U2 - Qv_upper = 0.097566
eta = 0.8821, interval_left = 0.4958, interval_right = 1.0000
Q = 0.017103, term1 = 0.015524, term2 = 0.017314
🌟 New best Q found: 0.017103 at iter 8
best_Q = 0.017102643847465515, final_Q = 0.017103

--- Iteration 9 ---
U1 - Qu_upper = 0.342830, U2 - Qv_upper = 0.138578
eta = 0.8549, interval_left = 0.5210, interval_right = 1.0000
Q = 0.011862, term1 = 0.015414, term2 = 0.011259
🌟 New best Q found: 0.011862 at iter 9
best_Q = 0.011862237006425858, final_Q = 0.011862

--- Iteration 10 ---
U1 - Qu_upper = 0.331367, U2 - Qv_upper = 0.173118
eta = 0.8356, interval_left = 0.5450, interval_right = 1.0000
Q = 0.008404, term1 = 0.016963, term2 = 0.006720
🌟 New best Q found: 0.008404 at iter 10
best_Q = 0.008403661660850048, final_Q = 0.008404

--- Iteration 11 ---
U1 - Qu_upper = 0.295636, U2 - Qv_upper = 0.196002
eta = 0.8186, interval_left = 0.5677, interval_right = 1.0000
Q = 0.007899, term1 = 0.022810, term2 = 0.004594
🌟 New best Q found: 0.007899 at iter 11
best_Q = 0.007898911833763123, final_Q = 0.007899

--- Iteration 12 ---
U1 - Qu_upper = 0.291238, U2 - Qv_upper = 0.217180
eta = 0.8153, interval_left = 0.5893, interval_right = 1.0000
Q = 0.006850, term1 = 0.023997, term2 = 0.002967
🌟 New best Q found: 0.006850 at iter 12
best_Q = 0.0068502277135849, final_Q = 0.006850

--- Iteration 13 ---
U1 - Qu_upper = 0.286378, U2 - Qv_upper = 0.241246
eta = 0.8122, interval_left = 0.6099, interval_right = 1.0000
Q = 0.005968, term1 = 0.025054, term2 = 0.001555
🌟 New best Q found: 0.005968 at iter 13
best_Q = 0.0059675960801541805, final_Q = 0.005968

--- Iteration 14 ---
U1 - Qu_upper = 0.285619, U2 - Qv_upper = 0.270244
eta = 0.8103, interval_left = 0.6294, interval_right = 1.0000
Q = 0.005257, term1 = 0.025681, term2 = 0.000476
🌟 New best Q found: 0.005257 at iter 14
best_Q = 0.0052570439875125885, final_Q = 0.005257

--- Iteration 15 ---
U1 - Qu_upper = 0.309993, U2 - Qv_upper = 0.276257
eta = 0.8253, interval_left = 0.6479, interval_right = 1.0000
Q = 0.004085, term1 = 0.021703, term2 = 0.000357
🌟 New best Q found: 0.004085 at iter 15
best_Q = 0.004085337743163109, final_Q = 0.004085

--- Iteration 16 ---
U1 - Qu_upper = 0.318507, U2 - Qv_upper = 0.276262
eta = 0.8365, interval_left = 0.6655, interval_right = 1.0000
Q = 0.003655, term1 = 0.020520, term2 = 0.000357
🌟 New best Q found: 0.003655 at iter 16
best_Q = 0.0036546154879033566, final_Q = 0.003655

--- Iteration 17 ---
U1 - Qu_upper = 0.318507, U2 - Qv_upper = 0.276262
eta = 0.8446, interval_left = 0.6822, interval_right = 1.0000
Q = 0.003490, term1 = 0.020520, term2 = 0.000357
🌟 New best Q found: 0.003490 at iter 17
best_Q = 0.0034897346049547195, final_Q = 0.003490

--- Iteration 18 ---
U1 - Qu_upper = 0.318507, U2 - Qv_upper = 0.276262
eta = 0.8524, interval_left = 0.6981, interval_right = 1.0000
Q = 0.003333, term1 = 0.020520, term2 = 0.000357
🌟 New best Q found: 0.003333 at iter 18
best_Q = 0.0033330977894365788, final_Q = 0.003333

--- Iteration 19 ---
U1 - Qu_upper = 0.318507, U2 - Qv_upper = 0.276262
eta = 0.8598, interval_left = 0.7132, interval_right = 1.0000
Q = 0.003184, term1 = 0.020520, term2 = 0.000357
🌟 New best Q found: 0.003184 at iter 19
best_Q = 0.0031842924654483795, final_Q = 0.003184

--- Iteration 20 ---
U1 - Qu_upper = 0.318507, U2 - Qv_upper = 0.276262
eta = 0.8668, interval_left = 0.7276, interval_right = 1.0000
Q = 0.003043, term1 = 0.020520, term2 = 0.000357
🌟 New best Q found: 0.003043 at iter 20
best_Q = 0.003042927710339427, final_Q = 0.003043

--- Iteration 21 ---
U1 - Qu_upper = 0.318507, U2 - Qv_upper = 0.276262
eta = 0.8735, interval_left = 0.7412, interval_right = 1.0000
Q = 0.002909, term1 = 0.020520, term2 = 0.000357
🌟 New best Q found: 0.002909 at iter 21
best_Q = 0.0029086312279105186, final_Q = 0.002909

--- Iteration 22 ---
U1 - Qu_upper = 0.318507, U2 - Qv_upper = 0.276262
eta = 0.8798, interval_left = 0.7541, interval_right = 1.0000
Q = 0.002781, term1 = 0.020520, term2 = 0.000357
🌟 New best Q found: 0.002781 at iter 22
best_Q = 0.0027810493484139442, final_Q = 0.002781

--- Iteration 23 ---
U1 - Qu_upper = 0.318507, U2 - Qv_upper = 0.276262
eta = 0.8858, interval_left = 0.7664, interval_right = 1.0000
Q = 0.002660, term1 = 0.020520, term2 = 0.000357
🌟 New best Q found: 0.002660 at iter 23
best_Q = 0.0026598465628921986, final_Q = 0.002660

--- Iteration 24 ---
U1 - Qu_upper = 0.318507, U2 - Qv_upper = 0.276262
eta = 0.8915, interval_left = 0.7781, interval_right = 1.0000
Q = 0.002545, term1 = 0.020520, term2 = 0.000357
🌟 New best Q found: 0.002545 at iter 24
best_Q = 0.0025447041261941195, final_Q = 0.002545

--- Iteration 25 ---
U1 - Qu_upper = 0.318507, U2 - Qv_upper = 0.276262
eta = 0.8969, interval_left = 0.7892, interval_right = 1.0000
Q = 0.002435, term1 = 0.020520, term2 = 0.000357
🌟 New best Q found: 0.002435 at iter 25
best_Q = 0.002435318659991026, final_Q = 0.002435

--- Iteration 26 ---
U1 - Qu_upper = 0.318507, U2 - Qv_upper = 0.276262
eta = 0.9021, interval_left = 0.7997, interval_right = 1.0000
Q = 0.002331, term1 = 0.020520, term2 = 0.000357
🌟 New best Q found: 0.002331 at iter 26
best_Q = 0.002331402385607362, final_Q = 0.002331

--- Iteration 27 ---
U1 - Qu_upper = 0.318507, U2 - Qv_upper = 0.276262
eta = 0.9070, interval_left = 0.8097, interval_right = 1.0000
Q = 0.002233, term1 = 0.020520, term2 = 0.000357
🌟 New best Q found: 0.002233 at iter 27
best_Q = 0.002232682192698121, final_Q = 0.002233

--- Iteration 28 ---
U1 - Qu_upper = 0.318507, U2 - Qv_upper = 0.276262
eta = 0.9116, interval_left = 0.8193, interval_right = 1.0000
Q = 0.002139, term1 = 0.020520, term2 = 0.000357
🌟 New best Q found: 0.002139 at iter 28
best_Q = 0.0021388977766036987, final_Q = 0.002139

--- Iteration 29 ---
U1 - Qu_upper = 0.318507, U2 - Qv_upper = 0.276262
eta = 0.9160, interval_left = 0.8283, interval_right = 1.0000
Q = 0.002050, term1 = 0.020520, term2 = 0.000357
🌟 New best Q found: 0.002050 at iter 29
best_Q = 0.002049802802503109, final_Q = 0.002050

--- Iteration 30 ---
U1 - Qu_upper = 0.318507, U2 - Qv_upper = 0.276262
eta = 0.9202, interval_left = 0.8369, interval_right = 1.0000
Q = 0.001965, term1 = 0.020520, term2 = 0.000357
🌟 New best Q found: 0.001965 at iter 30
best_Q = 0.001965162344276905, final_Q = 0.001965

--- Iteration 31 ---
U1 - Qu_upper = 0.318507, U2 - Qv_upper = 0.276262
eta = 0.9242, interval_left = 0.8450, interval_right = 1.0000
Q = 0.001885, term1 = 0.020520, term2 = 0.000357
🌟 New best Q found: 0.001885 at iter 31
best_Q = 0.0018847539322450757, final_Q = 0.001885

--- Iteration 32 ---
U1 - Qu_upper = 0.318507, U2 - Qv_upper = 0.276262
eta = 0.9280, interval_left = 0.8528, interval_right = 1.0000
Q = 0.001808, term1 = 0.020520, term2 = 0.000357
🌟 New best Q found: 0.001808 at iter 32
best_Q = 0.0018083661561831832, final_Q = 0.001808

--- Iteration 33 ---
U1 - Qu_upper = 0.318507, U2 - Qv_upper = 0.276262
eta = 0.9316, interval_left = 0.8601, interval_right = 1.0000
Q = 0.001736, term1 = 0.020520, term2 = 0.000357
🌟 New best Q found: 0.001736 at iter 33
best_Q = 0.001735797617584467, final_Q = 0.001736

--- Iteration 34 ---
U1 - Qu_upper = 0.318507, U2 - Qv_upper = 0.276262
eta = 0.9350, interval_left = 0.8671, interval_right = 1.0000
Q = 0.001667, term1 = 0.020520, term2 = 0.000357
🌟 New best Q found: 0.001667 at iter 34
best_Q = 0.0016668575117364526, final_Q = 0.001667

--- Iteration 35 ---
U1 - Qu_upper = 0.318507, U2 - Qv_upper = 0.276262
eta = 0.9383, interval_left = 0.8738, interval_right = 1.0000
Q = 0.001601, term1 = 0.020520, term2 = 0.000357
🌟 New best Q found: 0.001601 at iter 35
best_Q = 0.001601364347152412, final_Q = 0.001601

--- Iteration 36 ---
U1 - Qu_upper = 0.318507, U2 - Qv_upper = 0.276262
eta = 0.9414, interval_left = 0.8801, interval_right = 1.0000
Q = 0.001539, term1 = 0.020520, term2 = 0.000357
🌟 New best Q found: 0.001539 at iter 36
best_Q = 0.0015391460619866848, final_Q = 0.001539

--- Iteration 37 ---
U1 - Qu_upper = 0.318507, U2 - Qv_upper = 0.276262
eta = 0.9443, interval_left = 0.8861, interval_right = 1.0000
Q = 0.001480, term1 = 0.020520, term2 = 0.000357
🌟 New best Q found: 0.001480 at iter 37
best_Q = 0.0014800383942201734, final_Q = 0.001480

--- Iteration 38 ---
U1 - Qu_upper = 0.318507, U2 - Qv_upper = 0.276262
eta = 0.9471, interval_left = 0.8918, interval_right = 1.0000
Q = 0.001424, term1 = 0.020520, term2 = 0.000357
🌟 New best Q found: 0.001424 at iter 38
best_Q = 0.0014238862786442041, final_Q = 0.001424

--- Iteration 39 ---
U1 - Qu_upper = 0.318507, U2 - Qv_upper = 0.276262
eta = 0.9497, interval_left = 0.8972, interval_right = 1.0000
Q = 0.001371, term1 = 0.020520, term2 = 0.000357
🌟 New best Q found: 0.001371 at iter 39
best_Q = 0.001370541751384735, final_Q = 0.001371

--- Iteration 40 ---
U1 - Qu_upper = 0.318507, U2 - Qv_upper = 0.276262
eta = 0.9522, interval_left = 0.9023, interval_right = 1.0000
Q = 0.001320, term1 = 0.020520, term2 = 0.000357
🌟 New best Q found: 0.001320 at iter 40
best_Q = 0.0013198645319789648, final_Q = 0.001320

--- Iteration 41 ---
U1 - Qu_upper = 0.318507, U2 - Qv_upper = 0.276262
eta = 0.9546, interval_left = 0.9072, interval_right = 1.0000
Q = 0.001272, term1 = 0.020520, term2 = 0.000357
🌟 New best Q found: 0.001272 at iter 41
best_Q = 0.001271720975637436, final_Q = 0.001272

--- Iteration 42 ---
U1 - Qu_upper = 0.318507, U2 - Qv_upper = 0.276262
eta = 0.9569, interval_left = 0.9119, interval_right = 1.0000
Q = 0.001226, term1 = 0.020520, term2 = 0.000357
🌟 New best Q found: 0.001226 at iter 42
best_Q = 0.0012259846553206444, final_Q = 0.001226

--- Iteration 43 ---
U1 - Qu_upper = 0.318507, U2 - Qv_upper = 0.276262
eta = 0.9591, interval_left = 0.9163, interval_right = 1.0000
Q = 0.001183, term1 = 0.020520, term2 = 0.000357
🌟 New best Q found: 0.001183 at iter 43
best_Q = 0.0011825351975858212, final_Q = 0.001183

--- Iteration 44 ---
U1 - Qu_upper = 0.318507, U2 - Qv_upper = 0.276262
eta = 0.9611, interval_left = 0.9204, interval_right = 1.0000
Q = 0.001141, term1 = 0.020520, term2 = 0.000357
🌟 New best Q found: 0.001141 at iter 44
best_Q = 0.0011412582825869322, final_Q = 0.001141

--- Iteration 45 ---
U1 - Qu_upper = 0.318507, U2 - Qv_upper = 0.276262
eta = 0.9630, interval_left = 0.9244, interval_right = 1.0000
Q = 0.001102, term1 = 0.020520, term2 = 0.000357
🌟 New best Q found: 0.001102 at iter 45
best_Q = 0.0011020451784133911, final_Q = 0.001102

--- Iteration 46 ---
U1 - Qu_upper = 0.318507, U2 - Qv_upper = 0.276262
eta = 0.9649, interval_left = 0.9282, interval_right = 1.0000
Q = 0.001065, term1 = 0.020520, term2 = 0.000357
🌟 New best Q found: 0.001065 at iter 46
best_Q = 0.0010647927410900593, final_Q = 0.001065

--- Iteration 47 ---
U1 - Qu_upper = 0.318507, U2 - Qv_upper = 0.276262
eta = 0.9667, interval_left = 0.9318, interval_right = 1.0000
Q = 0.001029, term1 = 0.020520, term2 = 0.000357
🌟 New best Q found: 0.001029 at iter 47
best_Q = 0.0010294028325006366, final_Q = 0.001029

--- Iteration 48 ---
U1 - Qu_upper = 0.318507, U2 - Qv_upper = 0.276262
eta = 0.9683, interval_left = 0.9352, interval_right = 1.0000
Q = 0.000996, term1 = 0.020520, term2 = 0.000357
🌟 New best Q found: 0.000996 at iter 48
best_Q = 0.0009957824368029833, final_Q = 0.000996

--- Iteration 49 ---
U1 - Qu_upper = 0.318507, U2 - Qv_upper = 0.276262
eta = 0.9699, interval_left = 0.9384, interval_right = 1.0000
Q = 0.000964, term1 = 0.020520, term2 = 0.000357
🌟 New best Q found: 0.000964 at iter 49
best_Q = 0.0009638430783525109, final_Q = 0.000964

--- Iteration 50 ---
U1 - Qu_upper = 0.318507, U2 - Qv_upper = 0.276262
eta = 0.9714, interval_left = 0.9415, interval_right = 1.0000
Q = 0.000934, term1 = 0.020520, term2 = 0.000357
🌟 New best Q found: 0.000934 at iter 50
best_Q = 0.0009335007052868605, final_Q = 0.000934

--- Iteration 51 ---
U1 - Qu_upper = 0.318507, U2 - Qv_upper = 0.276262
eta = 0.9728, interval_left = 0.9444, interval_right = 1.0000
Q = 0.000905, term1 = 0.020520, term2 = 0.000357
🌟 New best Q found: 0.000905 at iter 51
best_Q = 0.0009046754566952586, final_Q = 0.000905

--- Iteration 52 ---
U1 - Qu_upper = 0.318507, U2 - Qv_upper = 0.276262
eta = 0.9742, interval_left = 0.9472, interval_right = 1.0000
Q = 0.000877, term1 = 0.020520, term2 = 0.000357
🌟 New best Q found: 0.000877 at iter 52
best_Q = 0.0008772914297878742, final_Q = 0.000877

--- Iteration 53 ---
U1 - Qu_upper = 0.318507, U2 - Qv_upper = 0.276262
eta = 0.9755, interval_left = 0.9499, interval_right = 1.0000
Q = 0.000851, term1 = 0.020520, term2 = 0.000357
🌟 New best Q found: 0.000851 at iter 53
best_Q = 0.0008512766798958182, final_Q = 0.000851

--- Iteration 54 ---
U1 - Qu_upper = 0.318507, U2 - Qv_upper = 0.276262
eta = 0.9767, interval_left = 0.9524, interval_right = 1.0000
Q = 0.000827, term1 = 0.020520, term2 = 0.000357
🌟 New best Q found: 0.000827 at iter 54
best_Q = 0.0008265626383945346, final_Q = 0.000827

--- Iteration 55 ---
U1 - Qu_upper = 0.273633, U2 - Qv_upper = 0.283704
eta = 0.9758, interval_left = 0.9524, interval_right = 0.9976
Q = 0.000852, term1 = 0.027493, term2 = 0.000190
best_Q = 0.0008265626383945346, final_Q = 0.000852

--- Iteration 56 ---
U1 - Qu_upper = 0.256972, U2 - Qv_upper = 0.300000
eta = 0.9732, interval_left = 0.9524, interval_right = 0.9954
Q = 0.000887, term1 = 0.031931, term2 = 0.000033
best_Q = 0.0008265626383945346, final_Q = 0.000887

--- Iteration 57 ---
U1 - Qu_upper = 0.256972, U2 - Qv_upper = 0.300000
eta = 0.9722, interval_left = 0.9524, interval_right = 0.9932
Q = 0.000920, term1 = 0.031931, term2 = 0.000033
best_Q = 0.0008265626383945346, final_Q = 0.000920

--- Iteration 58 ---
U1 - Qu_upper = 0.256972, U2 - Qv_upper = 0.300000
eta = 0.9712, interval_left = 0.9524, interval_right = 0.9912
Q = 0.000951, term1 = 0.031931, term2 = 0.000033
best_Q = 0.0008265626383945346, final_Q = 0.000951

--- Iteration 59 ---
U1 - Qu_upper = 0.256972, U2 - Qv_upper = 0.300000
eta = 0.9703, interval_left = 0.9524, interval_right = 0.9892
Q = 0.000981, term1 = 0.031931, term2 = 0.000033
best_Q = 0.0008265626383945346, final_Q = 0.000981

--- Iteration 60 ---
U1 - Qu_upper = 0.256972, U2 - Qv_upper = 0.300000
eta = 0.9694, interval_left = 0.9524, interval_right = 0.9874
Q = 0.001010, term1 = 0.031931, term2 = 0.000033
best_Q = 0.0008265626383945346, final_Q = 0.001010

--- Iteration 61 ---
U1 - Qu_upper = 0.256972, U2 - Qv_upper = 0.300000
eta = 0.9685, interval_left = 0.9524, interval_right = 0.9856
Q = 0.001037, term1 = 0.031931, term2 = 0.000033
best_Q = 0.0008265626383945346, final_Q = 0.001037

--- Iteration 62 ---
U1 - Qu_upper = 0.256972, U2 - Qv_upper = 0.300000
eta = 0.9677, interval_left = 0.9524, interval_right = 0.9840
Q = 0.001063, term1 = 0.031931, term2 = 0.000033
best_Q = 0.0008265626383945346, final_Q = 0.001063

--- Iteration 63 ---
U1 - Qu_upper = 0.256972, U2 - Qv_upper = 0.300000
eta = 0.9669, interval_left = 0.9524, interval_right = 0.9824
Q = 0.001087, term1 = 0.031931, term2 = 0.000033
best_Q = 0.0008265626383945346, final_Q = 0.001087

--- Iteration 64 ---
U1 - Qu_upper = 0.256972, U2 - Qv_upper = 0.300000
eta = 0.9662, interval_left = 0.9524, interval_right = 0.9809
Q = 0.001111, term1 = 0.031931, term2 = 0.000033
best_Q = 0.0008265626383945346, final_Q = 0.001111

--- Iteration 65 ---
U1 - Qu_upper = 0.256972, U2 - Qv_upper = 0.300000
eta = 0.9655, interval_left = 0.9524, interval_right = 0.9795
Q = 0.001133, term1 = 0.031931, term2 = 0.000033
best_Q = 0.0008265626383945346, final_Q = 0.001133

--- Iteration 66 ---
U1 - Qu_upper = 0.256972, U2 - Qv_upper = 0.300000
eta = 0.9649, interval_left = 0.9524, interval_right = 0.9781
Q = 0.001154, term1 = 0.031931, term2 = 0.000033
best_Q = 0.0008265626383945346, final_Q = 0.001154

--- Iteration 67 ---
U1 - Qu_upper = 0.256972, U2 - Qv_upper = 0.300000
eta = 0.9642, interval_left = 0.9524, interval_right = 0.9768
Q = 0.001174, term1 = 0.031931, term2 = 0.000033
best_Q = 0.0008265626383945346, final_Q = 0.001174

--- Iteration 68 ---
U1 - Qu_upper = 0.256972, U2 - Qv_upper = 0.300000
eta = 0.9637, interval_left = 0.9524, interval_right = 0.9756
Q = 0.001193, term1 = 0.031931, term2 = 0.000033
best_Q = 0.0008265626383945346, final_Q = 0.001193

--- Iteration 69 ---
U1 - Qu_upper = 0.256972, U2 - Qv_upper = 0.300000
eta = 0.9631, interval_left = 0.9524, interval_right = 0.9744
Q = 0.001211, term1 = 0.031931, term2 = 0.000033
best_Q = 0.0008265626383945346, final_Q = 0.001211

--- Iteration 70 ---
U1 - Qu_upper = 0.256972, U2 - Qv_upper = 0.300000
eta = 0.9626, interval_left = 0.9524, interval_right = 0.9733
Q = 0.001228, term1 = 0.031931, term2 = 0.000033
best_Q = 0.0008265626383945346, final_Q = 0.001228

--- Iteration 71 ---
U1 - Qu_upper = 0.256972, U2 - Qv_upper = 0.300000
eta = 0.9620, interval_left = 0.9524, interval_right = 0.9723
Q = 0.001244, term1 = 0.031931, term2 = 0.000033
best_Q = 0.0008265626383945346, final_Q = 0.001244

--- Iteration 72 ---
U1 - Qu_upper = 0.256972, U2 - Qv_upper = 0.300000
eta = 0.9616, interval_left = 0.9524, interval_right = 0.9713
Q = 0.001259, term1 = 0.031931, term2 = 0.000033
best_Q = 0.0008265626383945346, final_Q = 0.001259

--- Iteration 73 ---
U1 - Qu_upper = 0.256972, U2 - Qv_upper = 0.300000
eta = 0.9611, interval_left = 0.9524, interval_right = 0.9703
Q = 0.001274, term1 = 0.031931, term2 = 0.000033
best_Q = 0.0008265626383945346, final_Q = 0.001274

--- Iteration 74 ---
U1 - Qu_upper = 0.256972, U2 - Qv_upper = 0.300000
eta = 0.9607, interval_left = 0.9524, interval_right = 0.9694
Q = 0.001288, term1 = 0.031931, term2 = 0.000033
best_Q = 0.0008265626383945346, final_Q = 0.001288

--- Iteration 75 ---
U1 - Qu_upper = 0.256972, U2 - Qv_upper = 0.300000
eta = 0.9602, interval_left = 0.9524, interval_right = 0.9686
Q = 0.001301, term1 = 0.031931, term2 = 0.000033
best_Q = 0.0008265626383945346, final_Q = 0.001301

--- Iteration 76 ---
U1 - Qu_upper = 0.256972, U2 - Qv_upper = 0.300000
eta = 0.9599, interval_left = 0.9524, interval_right = 0.9678
Q = 0.001314, term1 = 0.031931, term2 = 0.000033
best_Q = 0.0008265626383945346, final_Q = 0.001314

--- Iteration 77 ---
U1 - Qu_upper = 0.256972, U2 - Qv_upper = 0.300000
eta = 0.9595, interval_left = 0.9524, interval_right = 0.9670
Q = 0.001326, term1 = 0.031931, term2 = 0.000033
best_Q = 0.0008265626383945346, final_Q = 0.001326

--- Iteration 78 ---
U1 - Qu_upper = 0.256972, U2 - Qv_upper = 0.300000
eta = 0.9591, interval_left = 0.9524, interval_right = 0.9663
Q = 0.001337, term1 = 0.031931, term2 = 0.000033
best_Q = 0.0008265626383945346, final_Q = 0.001337

--- Iteration 79 ---
U1 - Qu_upper = 0.256972, U2 - Qv_upper = 0.300000
eta = 0.9588, interval_left = 0.9524, interval_right = 0.9656
Q = 0.001348, term1 = 0.031931, term2 = 0.000033
best_Q = 0.0008265626383945346, final_Q = 0.001348

--- Iteration 80 ---
U1 - Qu_upper = 0.256972, U2 - Qv_upper = 0.300000
eta = 0.9585, interval_left = 0.9524, interval_right = 0.9649
Q = 0.001358, term1 = 0.031931, term2 = 0.000033
best_Q = 0.0008265626383945346, final_Q = 0.001358

--- Iteration 81 ---
U1 - Qu_upper = 0.256972, U2 - Qv_upper = 0.300000
eta = 0.9582, interval_left = 0.9524, interval_right = 0.9643
Q = 0.001368, term1 = 0.031931, term2 = 0.000033
best_Q = 0.0008265626383945346, final_Q = 0.001368

--- Iteration 82 ---
U1 - Qu_upper = 0.256972, U2 - Qv_upper = 0.300000
eta = 0.9579, interval_left = 0.9524, interval_right = 0.9637
Q = 0.001377, term1 = 0.031931, term2 = 0.000033
best_Q = 0.0008265626383945346, final_Q = 0.001377

--- Iteration 83 ---
U1 - Qu_upper = 0.256972, U2 - Qv_upper = 0.300000
eta = 0.9576, interval_left = 0.9524, interval_right = 0.9631
Q = 0.001386, term1 = 0.031931, term2 = 0.000033
best_Q = 0.0008265626383945346, final_Q = 0.001386

--- Iteration 84 ---
U1 - Qu_upper = 0.256972, U2 - Qv_upper = 0.300000
eta = 0.9573, interval_left = 0.9524, interval_right = 0.9626
Q = 0.001394, term1 = 0.031931, term2 = 0.000033
best_Q = 0.0008265626383945346, final_Q = 0.001394

--- Iteration 85 ---
U1 - Qu_upper = 0.256972, U2 - Qv_upper = 0.300000
eta = 0.9571, interval_left = 0.9524, interval_right = 0.9621
Q = 0.001402, term1 = 0.031931, term2 = 0.000033
best_Q = 0.0008265626383945346, final_Q = 0.001402

--- Iteration 86 ---
U1 - Qu_upper = 0.256972, U2 - Qv_upper = 0.300000
eta = 0.9569, interval_left = 0.9524, interval_right = 0.9616
Q = 0.001410, term1 = 0.031931, term2 = 0.000033
best_Q = 0.0008265626383945346, final_Q = 0.001410

--- Iteration 87 ---
U1 - Qu_upper = 0.256972, U2 - Qv_upper = 0.300000
eta = 0.9566, interval_left = 0.9524, interval_right = 0.9611
Q = 0.001417, term1 = 0.031931, term2 = 0.000033
best_Q = 0.0008265626383945346, final_Q = 0.001417

--- Iteration 88 ---
U1 - Qu_upper = 0.256972, U2 - Qv_upper = 0.300000
eta = 0.9564, interval_left = 0.9524, interval_right = 0.9607
Q = 0.001423, term1 = 0.031931, term2 = 0.000033
best_Q = 0.0008265626383945346, final_Q = 0.001423

--- Iteration 89 ---
U1 - Qu_upper = 0.256972, U2 - Qv_upper = 0.300000
eta = 0.9562, interval_left = 0.9524, interval_right = 0.9603
Q = 0.001430, term1 = 0.031931, term2 = 0.000033
best_Q = 0.0008265626383945346, final_Q = 0.001430

--- Iteration 90 ---
U1 - Qu_upper = 0.256972, U2 - Qv_upper = 0.300000
eta = 0.9560, interval_left = 0.9524, interval_right = 0.9599
Q = 0.001436, term1 = 0.031931, term2 = 0.000033
best_Q = 0.0008265626383945346, final_Q = 0.001436

--- Iteration 91 ---
U1 - Qu_upper = 0.256972, U2 - Qv_upper = 0.300000
eta = 0.9558, interval_left = 0.9524, interval_right = 0.9595
Q = 0.001442, term1 = 0.031931, term2 = 0.000033
best_Q = 0.0008265626383945346, final_Q = 0.001442

--- Iteration 92 ---
U1 - Qu_upper = 0.256972, U2 - Qv_upper = 0.300000
eta = 0.9557, interval_left = 0.9524, interval_right = 0.9592
Q = 0.001447, term1 = 0.031931, term2 = 0.000033
best_Q = 0.0008265626383945346, final_Q = 0.001447

--- Iteration 93 ---
U1 - Qu_upper = 0.256972, U2 - Qv_upper = 0.300000
eta = 0.9555, interval_left = 0.9524, interval_right = 0.9588
Q = 0.001453, term1 = 0.031931, term2 = 0.000033
best_Q = 0.0008265626383945346, final_Q = 0.001453

--- Iteration 94 ---
U1 - Qu_upper = 0.256972, U2 - Qv_upper = 0.300000
eta = 0.9553, interval_left = 0.9524, interval_right = 0.9585
Q = 0.001458, term1 = 0.031931, term2 = 0.000033
best_Q = 0.0008265626383945346, final_Q = 0.001458

--- Iteration 95 ---
U1 - Qu_upper = 0.256972, U2 - Qv_upper = 0.300000
eta = 0.9552, interval_left = 0.9524, interval_right = 0.9582
Q = 0.001462, term1 = 0.031931, term2 = 0.000033
best_Q = 0.0008265626383945346, final_Q = 0.001462

--- Iteration 96 ---
U1 - Qu_upper = 0.256972, U2 - Qv_upper = 0.300000
eta = 0.9551, interval_left = 0.9524, interval_right = 0.9579
Q = 0.001467, term1 = 0.031931, term2 = 0.000033
best_Q = 0.0008265626383945346, final_Q = 0.001467

--- Iteration 97 ---
U1 - Qu_upper = 0.256972, U2 - Qv_upper = 0.300000
eta = 0.9549, interval_left = 0.9524, interval_right = 0.9576
Q = 0.001471, term1 = 0.031931, term2 = 0.000033
best_Q = 0.0008265626383945346, final_Q = 0.001471

--- Iteration 98 ---
U1 - Qu_upper = 0.256972, U2 - Qv_upper = 0.300000
eta = 0.9548, interval_left = 0.9524, interval_right = 0.9574
Q = 0.001475, term1 = 0.031931, term2 = 0.000033
best_Q = 0.0008265626383945346, final_Q = 0.001475

--- Iteration 99 ---
U1 - Qu_upper = 0.256972, U2 - Qv_upper = 0.300000
eta = 0.9547, interval_left = 0.9524, interval_right = 0.9571
Q = 0.001479, term1 = 0.031931, term2 = 0.000033
best_Q = 0.0008265626383945346, final_Q = 0.001479
Optimization End
📁 Visualization directory ensured: /work3/s232263/DCE_Results/german_credit/MLP/DCE_u1=0.5,u2=0.3,l=0.2,r=1.0,mi=100,tk=1,nt=10/cone_all_DifferentialEvolution_F=0.5,CR=0.9,cs=1.2,ct=0.1,temp=2.0/seed_24874_20250805_105038/visualizations
Model saved to: /work3/s232263/DCE_Results/german_credit/MLP/DCE_u1=0.5,u2=0.3,l=0.2,r=1.0,mi=100,tk=1,nt=10/cone_all_DifferentialEvolution_F=0.5,CR=0.9,cs=1.2,ct=0.1,temp=2.0/seed_24874_20250805_105038/model.pkl
Best results saved to: /work3/s232263/DCE_Results/german_credit/MLP/DCE_u1=0.5,u2=0.3,l=0.2,r=1.0,mi=100,tk=1,nt=10/cone_all_DifferentialEvolution_F=0.5,CR=0.9,cs=1.2,ct=0.1,temp=2.0/seed_24874_20250805_105038
Final results saved to: /work3/s232263/DCE_Results/german_credit/MLP/DCE_u1=0.5,u2=0.3,l=0.2,r=1.0,mi=100,tk=1,nt=10/cone_all_DifferentialEvolution_F=0.5,CR=0.9,cs=1.2,ct=0.1,temp=2.0/seed_24874_20250805_105038
Optimization log saved to: /work3/s232263/DCE_Results/german_credit/MLP/DCE_u1=0.5,u2=0.3,l=0.2,r=1.0,mi=100,tk=1,nt=10/cone_all_DifferentialEvolution_F=0.5,CR=0.9,cs=1.2,ct=0.1,temp=2.0/seed_24874_20250805_105038
All results successfully saved to: /work3/s232263/DCE_Results/german_credit/MLP/DCE_u1=0.5,u2=0.3,l=0.2,r=1.0,mi=100,tk=1,nt=10/cone_all_DifferentialEvolution_F=0.5,CR=0.9,cs=1.2,ct=0.1,temp=2.0/seed_24874_20250805_105038
Visualizations will be saved to: /work3/s232263/DCE_Results/german_credit/MLP/DCE_u1=0.5,u2=0.3,l=0.2,r=1.0,mi=100,tk=1,nt=10/cone_all_DifferentialEvolution_F=0.5,CR=0.9,cs=1.2,ct=0.1,temp=2.0/seed_24874_20250805_105038/visualizations
✅ DCE explanation completed!
🎯 Best Q: 0.000827
📊 Final Q: 0.001479
🎉 Found feasible solution: True
💾 Results saved to: /work3/s232263/DCE_Results/german_credit/MLP/DCE_u1=0.5,u2=0.3,l=0.2,r=1.0,mi=100,tk=1,nt=10/cone_all_DifferentialEvolution_F=0.5,CR=0.9,cs=1.2,ct=0.1,temp=2.0/seed_24874_20250805_105038
📊 Calculating metrics...
✅ Data processed for metrics calculation
   Coverage Rate: 0.820
   MMD: 0.015
   OT Distance: 0.0655
   Percentile Differences:
     0-15%: 24.433%
     15-30%: 70.436%
     30-70%: 344.107%
     70-85%: 91.301%
     85-100%: 64.560%
   AReS Cost: 7.917
💾 Metrics saved to: /work3/s232263/DCE_Results/german_credit/MLP/DCE_u1=0.5,u2=0.3,l=0.2,r=1.0,mi=100,tk=1,nt=10/cone_all_DifferentialEvolution_F=0.5,CR=0.9,cs=1.2,ct=0.1,temp=2.0/seed_24874_20250805_105038/metrics_summary.json

================================================================================
📈 EXPERIMENT SUMMARY
================================================================================
🎯 Experiment: comprehensive_strategy_comparison
📊 Dataset: german_credit, Model: MLP
🎲 Seed: 24874

🎯 MONTE_CARLO (mc_demo):
   Best Q: 0.000061
   Final Q: 0.000078
   Feasible: True
   Core Metrics:
     Coverage Rate: 0.840
     MMD: 0.027
     OT Distance: 0.065
     AReS Cost: 11.008

🎯 GENETIC (ga_demo):
   Best Q: 0.000061
   Final Q: 0.000111
   Feasible: True
   Core Metrics:
     Coverage Rate: 0.820
     MMD: 0.024
     OT Distance: 0.052
     AReS Cost: 8.123

🎯 SIMULATED_ANNEALING (sa_demo):
   Best Q: 0.003065
   Final Q: 0.018300
   Feasible: True
   Core Metrics:
     Coverage Rate: 0.820
     MMD: 0.016
     OT Distance: 0.066
     AReS Cost: 9.160

🎯 BAYESIAN (bo_demo):
   Best Q: 0.019898
   Final Q: 0.050277
   Feasible: True
   Core Metrics:
     Coverage Rate: 0.820
     MMD: 0.025
     OT Distance: 0.107
     AReS Cost: 7.472

🎯 DIFFERENTIAL_EVOLUTION (de_demo):
   Best Q: 0.000827
   Final Q: 0.001479
   Feasible: True
   Core Metrics:
     Coverage Rate: 0.820
     MMD: 0.015
     OT Distance: 0.065
     AReS Cost: 7.917

✅ All experiments completed!
✅ Seed 24874 completed successfully!

================================================================================
📈 MULTI-SEED EXPERIMENT SUMMARY
================================================================================
🎯 Experiment: comprehensive_strategy_comparison
📊 Dataset: german_credit, Model: MLP
🎲 Seeds processed: 5
✅ Successful seeds: 5/5

📊 Strategy Performance Summary:
   🎯 MONTE_CARLO (mc_demo):
     Best Q - Mean: 0.000393, Std: 0.000336
     Feasible solutions: 5/5
   🎯 GENETIC (ga_demo):
     Best Q - Mean: 0.000074, Std: 0.000018
     Feasible solutions: 5/5
   🎯 SIMULATED_ANNEALING (sa_demo):
     Best Q - Mean: 0.004178, Std: 0.001109
     Feasible solutions: 5/5
   🎯 BAYESIAN (bo_demo):
     Best Q - Mean: 0.017174, Std: 0.009386
     Feasible solutions: 5/5
   🎯 DIFFERENTIAL_EVOLUTION (de_demo):
     Best Q - Mean: 0.000302, Std: 0.000310
     Feasible solutions: 5/5

📊 Batch processing completed:
   Total experiments: 1
   Successful: 1
   Failed: 0
